{
  "type": "FeatureCollection",
  "crs": {
    "type": "name",
    "properties": {
      "name": "urn:ogc:def:crs:OGC:1.3:CRS84"
    }
  },
  "features": [
    {
      "type": "Feature",
      "properties": {
        "slug": "turkmenistan-balkan",
        "name_tm": "Balkan",
        "name_en": "Balkan",
        "iso_3166_2": "TM-B",
        "admin_level": 1,
        "source_shape_id": "27578892B85944744725550"
      },
      "geometry": {
        "type": "Polygon",
        "coordinates": [
          [
            [
              57.124025791000065,
              38.300160825000034
            ],
            [
              56.988471849000064,
              38.31267495600008
            ],
            [
              56.860891669000068,
              38.331442105000065
            ],
            [
              56.852917908000052,
              38.37521322200007
            ],
            [
              56.669521398000029,
              38.387714395000046
            ],
            [
              56.597757547000072,
              38.381464078000079
            ],
            [
              56.557888740000067,
              38.431451485000025
            ],
            [
              56.533967456000028,
              38.493887112000039
            ],
            [
              56.605731308000031,
              38.543796692000058
            ],
            [
              56.677495159000046,
              38.624825931000032
            ],
            [
              56.709390205000034,
              38.730649238000069
            ],
            [
              56.860891669000068,
              39.071945720000031
            ],
            [
              56.916707998000049,
              39.177105231000041
            ],
            [
              56.980498088000047,
              39.282107692000068
            ],
            [
              57.036314417000028,
              39.393115460000047
            ],
            [
              57.068209462000027,
              39.467022680000071
            ],
            [
              57.195789642000079,
              39.54700034800004
            ],
            [
              57.243632210000044,
              39.602315569000041
            ],
            [
              57.227684688000068,
              39.663725146000047
            ],
            [
              57.211737165000045,
              39.737344664000034
            ],
            [
              57.179842120000046,
              39.817010495000034
            ],
            [
              57.179842120000046,
              39.902701310000054
            ],
            [
              57.218975103000048,
              40.022677173000034
            ],
            [
              57.219710926000062,
              40.024931078000066
            ],
            [
              57.108078268000042,
              40.104263212000035
            ],
            [
              57.068209462000027,
              40.165225055000064
            ],
            [
              57.100104507000083,
              40.232219907000058
            ],
            [
              57.131999552000082,
              40.293066865000071
            ],
            [
              57.124025791000065,
              40.414596549000066
            ],
            [
              57.076183223000044,
              40.499536971000055
            ],
            [
              57.012393133000046,
              40.566200524000067
            ],
            [
              56.956576804000065,
              40.620694093000054
            ],
            [
              56.876839191000045,
              40.705373574000077
            ],
            [
              56.828996624000069,
              40.777870402000076
            ],
            [
              56.813049101000047,
              40.838224056000058
            ],
            [
              56.789127817000065,
              40.904549664000058
            ],
            [
              56.781154056000048,
              40.994886579000081
            ],
            [
              56.757232772000066,
              41.030986734000066
            ],
            [
              56.685468921000052,
              41.061055084000031
            ],
            [
              56.605731308000031,
              41.067067105000035
            ],
            [
              56.565862502000073,
              41.211190692000059
            ],
            [
              56.525993695000068,
              41.265155374000074
            ],
            [
              56.478151128000036,
              41.283133699000075
            ],
            [
              56.358544708000068,
              41.307097096000064
            ],
            [
              56.208765577000065,
              41.326395606000062
            ],
            [
              56.032398735000072,
              41.323942885000065
            ],
            [
              55.94748136700008,
              41.328848235000066
            ],
            [
              55.908288736000031,
              41.360724006000055
            ],
            [
              55.859297946000027,
              41.314131078000059
            ],
            [
              55.780912683000054,
              41.27732364600007
            ],
            [
              55.689463210000042,
              41.26995966700008
            ],
            [
              55.598013737000031,
              41.265049886000043
            ],
            [
              55.509830316000034,
              41.272414419000029
            ],
            [
              55.470637685000042,
              41.287140992000047
            ],
            [
              55.431445053000061,
              41.304317794000042
            ],
            [
              55.415114790000075,
              41.333753215000058
            ],
            [
              55.379188211000042,
              41.380332109000051
            ],
            [
              55.343261632000065,
              41.395034308000049
            ],
            [
              55.297536896000054,
              41.417081372000041
            ],
            [
              55.251812159000053,
              41.451361935000079
            ],
            [
              55.206087422000053,
              41.492963992000057
            ],
            [
              55.176692949000028,
              41.529649516000063
            ],
            [
              55.059115055000063,
              41.688379821000069
            ],
            [
              54.993794002000072,
              41.742015446000039
            ],
            [
              54.954601371000081,
              41.780995059000077
            ],
            [
              54.954601371000081,
              41.844286421000049
            ],
            [
              54.938271108000038,
              41.888066880000054
            ],
            [
              54.88274821300007,
              41.917237196000031
            ],
            [
              54.712913477000029,
              42.048338672000057
            ],
            [
              54.585537425000041,
              42.10651933500003
            ],
            [
              54.428766899000038,
              42.171908815000052
            ],
            [
              54.32751926800006,
              42.217883154000049
            ],
            [
              54.216473479000058,
              42.273491551000063
            ],
            [
              54.131556111000066,
              42.297653825000054
            ],
            [
              54.030308480000031,
              42.297653825000054
            ],
            [
              53.922528743000044,
              42.280741206000073
            ],
            [
              53.801684796000075,
              42.266241061000073
            ],
            [
              53.625317955000071,
              42.239648799000065
            ],
            [
              53.546932692000041,
              42.239648799000065
            ],
            [
              53.448951113000078,
              42.229976105000048
            ],
            [
              53.311776903000066,
              42.19369030200005
            ],
            [
              53.239923746000045,
              42.167067465000059
            ],
            [
              53.145208220000029,
              42.138011587000051
            ],
            [
              53.073355062000076,
              42.118633592000037
            ],
            [
              52.991703747000031,
              42.094402762000072
            ],
            [
              52.916584536000073,
              42.065313542000069
            ],
            [
              52.834933221000028,
              42.014375322000035
            ],
            [
              52.792474537000032,
              41.977965881000046
            ],
            [
              52.658566379000035,
              41.878340480000077
            ],
            [
              52.593245327000034,
              41.83211986200007
            ],
            [
              52.508327959000042,
              41.780995059000077
            ],
            [
              52.452805064000074,
              41.754199119000077
            ],
            [
              52.41687848600003,
              41.734704133000037
            ],
            [
              52.41687848600003,
              41.722516761000065
            ],
            [
              52.505061906000037,
              41.690818775000025
            ],
            [
              52.550786643000038,
              41.668864861000031
            ],
            [
              52.567116906000081,
              41.632258361000027
            ],
            [
              52.544254538000075,
              41.566314248000026
            ],
            [
              52.518126117000065,
              41.517423318000056
            ],
            [
              52.518126117000065,
              41.488071018000028
            ],
            [
              52.557318748000057,
              41.47094270000008
            ],
            [
              52.616107695000039,
              41.463600606000057
            ],
            [
              52.658566379000035,
              41.444017624000026
            ],
            [
              52.691226906000054,
              41.42197970400008
            ],
            [
              52.782676379000065,
              41.309224620000066
            ],
            [
              52.828401116000066,
              41.218388557000026
            ],
            [
              52.834933221000028,
              41.152023050000025
            ],
            [
              52.838199274000033,
              41.088051965000034
            ],
            [
              52.844731379000052,
              41.065893602000074
            ],
            [
              52.887190063000048,
              41.026482515000055
            ],
            [
              52.903520326000034,
              41.009232742000052
            ],
            [
              52.92638269400004,
              40.959922789000075
            ],
            [
              52.903520326000034,
              40.893295875000035
            ],
            [
              52.870859800000062,
              40.868602195000051
            ],
            [
              52.795740589000047,
              40.774682204000044
            ],
            [
              52.789208484000028,
              40.752418519000059
            ],
            [
              52.795740589000047,
              40.735097163000034
            ],
            [
              52.818602958000042,
              40.71777129700007
            ],
            [
              52.841465326000048,
              40.695488556000043
            ],
            [
              52.831667168000081,
              40.678152381000075
            ],
            [
              52.789208484000028,
              40.648422732000029
            ],
            [
              52.779410326000061,
              40.623637903000031
            ],
            [
              52.756417316000068,
              40.588526848000072
            ],
            [
              52.712521569000046,
              40.55041942500003
            ],
            [
              52.697889653000061,
              40.509111898000072
            ],
            [
              52.69579937900005,
              40.412098161000074
            ],
            [
              52.662355001000037,
              40.349999581000077
            ],
            [
              52.660264727000026,
              40.310162695000031
            ],
            [
              52.674896643000068,
              40.279870937000055
            ],
            [
              52.699979927000072,
              40.249565600000039
            ],
            [
              52.710431295000035,
              40.211265771000058
            ],
            [
              52.714611842000068,
              40.177735656000038
            ],
            [
              52.708341021000081,
              40.128208522000079
            ],
            [
              52.708341021000081,
              40.077045860000055
            ],
            [
              52.714611842000068,
              40.048249956000063
            ],
            [
              52.733424305000028,
              40.025844728000038
            ],
            [
              52.760597863000044,
              40.003432140000029
            ],
            [
              52.800313063000033,
              39.96659548100007
            ],
            [
              52.833757442000035,
              39.940958266000052
            ],
            [
              52.904826747000072,
              39.89286259000005
            ],
            [
              52.934090578000053,
              39.870406383000045
            ],
            [
              52.963354410000079,
              39.835103200000049
            ],
            [
              52.990527968000038,
              39.788539448000051
            ],
            [
              53.009340431000055,
              39.778901631000053
            ],
            [
              53.038604262000035,
              39.753194184000051
            ],
            [
              53.053236178000077,
              39.735514748000071
            ],
            [
              53.074138915000049,
              39.714615020000053
            ],
            [
              53.132666578000055,
              39.703358697000056
            ],
            [
              53.151479041000073,
              39.711399115000063
            ],
            [
              53.103402746000029,
              39.759621946000038
            ],
            [
              53.078319462000081,
              39.778901631000053
            ],
            [
              53.055326452000031,
              39.820655756000065
            ],
            [
              53.02397234600005,
              39.857570963000057
            ],
            [
              52.946632220000026,
              39.912104914000054
            ],
            [
              52.929910031000077,
              39.939355621000061
            ],
            [
              52.91318784200007,
              39.974605140000051
            ],
            [
              52.917368389000046,
              39.995425860000068
            ],
            [
              52.954993315000081,
              39.993824492000044
            ],
            [
              53.009340431000055,
              39.995425860000068
            ],
            [
              53.038604262000035,
              39.98741864200008
            ],
            [
              53.082500009000057,
              39.979410485000074
            ],
            [
              53.126395757000068,
              39.992223085000035
            ],
            [
              53.153569314000038,
              40.00983648700003
            ],
            [
              53.182833146000064,
              40.003432140000029
            ],
            [
              53.224638619000075,
              39.981012191000048
            ],
            [
              53.262263546000042,
              39.97140138900005
            ],
            [
              53.327062030000036,
              39.969799457000079
            ],
            [
              53.389770240000075,
              39.973003283000025
            ],
            [
              53.43366598700004,
              39.945765976000075
            ],
            [
              53.435756261000051,
              39.913708197000062
            ],
            [
              53.431575713000029,
              39.894466324000064
            ],
            [
              53.398131335000073,
              39.857570963000057
            ],
            [
              53.385589692000053,
              39.838313331000052
            ],
            [
              53.383499419000032,
              39.786933239000064
            ],
            [
              53.400221608000038,
              39.762835602000052
            ],
            [
              53.43366598700004,
              39.727477141000065
            ],
            [
              53.454568724000069,
              39.682449224000038
            ],
            [
              53.454568724000069,
              39.651877834000061
            ],
            [
              53.439936808000027,
              39.624513020000052
            ],
            [
              53.423214619000078,
              39.614852266000071
            ],
            [
              53.356325861000073,
              39.592305262000025
            ],
            [
              53.331242577000069,
              39.589083662000064
            ],
            [
              53.276895461000038,
              39.587472806000051
            ],
            [
              53.283166282000082,
              39.645440028000053
            ],
            [
              53.306159293000064,
              39.669578709000064
            ],
            [
              53.335423124000044,
              39.68566647800003
            ],
            [
              53.35214531400004,
              39.709791106000068
            ],
            [
              53.337513398000056,
              39.721046380000075
            ],
            [
              53.297798198000066,
              39.732299817000069
            ],
            [
              53.278985735000049,
              39.733907301000045
            ],
            [
              53.237180261000049,
              39.680840541000066
            ],
            [
              53.195374788000038,
              39.622902988000078
            ],
            [
              53.10549302000004,
              39.490752920000034
            ],
            [
              53.072048641000038,
              39.463324453000041
            ],
            [
              53.06368754600004,
              39.445570859000043
            ],
            [
              53.106015588000048,
              39.382791777000079
            ],
            [
              53.135410062000062,
              39.349966719000065
            ],
            [
              53.158272430000068,
              39.301963885000077
            ],
            [
              53.161538483000072,
              39.258986057000072
            ],
            [
              53.181134799000063,
              39.243811117000064
            ],
            [
              53.200731114000064,
              39.291853827000068
            ],
            [
              53.21706137700005,
              39.317126234000057
            ],
            [
              53.230125588000078,
              39.365118663000032
            ],
            [
              53.246455851000064,
              39.395412690000057
            ],
            [
              53.350969535000047,
              39.365118663000032
            ],
            [
              53.396694271000058,
              39.362593567000033
            ],
            [
              53.458749271000045,
              39.339863597000033
            ],
            [
              53.501207955000041,
              39.314599404000035
            ],
            [
              53.517538218000027,
              39.291853827000068
            ],
            [
              53.540400587000079,
              39.231162825000069
            ],
            [
              53.576327165000066,
              39.193204270000081
            ],
            [
              53.684106902000053,
              39.071599053000057
            ],
            [
              53.713501375000078,
              39.036091318000047
            ],
            [
              53.733097691000069,
              39.023405657000069
            ],
            [
              53.785354533000032,
              39.046238207000044
            ],
            [
              53.811482954000041,
              39.046238207000044
            ],
            [
              53.850675585000033,
              39.025942971000063
            ],
            [
              53.873537954000028,
              39.010717720000059
            ],
            [
              53.909464533000062,
              38.959943209000073
            ],
            [
              53.915996638000081,
              38.909132287000034
            ],
            [
              53.899666375000038,
              38.845567453000058
            ],
            [
              53.880070059000047,
              38.799765574000048
            ],
            [
              53.870271901000081,
              38.771761035000054
            ],
            [
              53.847409533000075,
              38.725911702000076
            ],
            [
              53.814749007000046,
              38.641778139000053
            ],
            [
              53.804950849000079,
              38.590739969000026
            ],
            [
              53.811482954000041,
              38.547328978000053
            ],
            [
              53.818015059000061,
              38.462985734000029
            ],
            [
              53.831079270000032,
              38.416938704000074
            ],
            [
              53.831079270000032,
              38.365740895000044
            ],
            [
              53.844143480000071,
              38.265800941000066
            ],
            [
              53.79841874400006,
              38.096358171000077
            ],
            [
              53.79841874400006,
              38.050078141000029
            ],
            [
              53.801684796000075,
              37.983177525000031
            ],
            [
              53.808216901000037,
              37.941977570000063
            ],
            [
              53.808216901000037,
              37.893022605000056
            ],
            [
              53.795152691000055,
              37.838876588000062
            ],
            [
              53.795152691000055,
              37.795014963000028
            ],
            [
              53.79841874400006,
              37.735631294000029
            ],
            [
              53.808216901000037,
              37.681369791000066
            ],
            [
              53.827813217000028,
              37.621894952000048
            ],
            [
              53.847409533000075,
              37.580493063000063
            ],
            [
              53.853941638000038,
              37.520937494000066
            ],
            [
              53.863739796000061,
              37.396494393000069
            ],
            [
              53.876804006000043,
              37.375733748000073
            ],
            [
              53.955189269000073,
              37.349774860000025
            ],
            [
              54.164216637000038,
              37.336792048000063
            ],
            [
              54.291592689000026,
              37.341985442000066
            ],
            [
              54.422234794000076,
              37.39130477100008
            ],
            [
              54.484289794000063,
              37.422437115000037
            ],
            [
              54.530014530000074,
              37.44837085100005
            ],
            [
              54.579005320000078,
              37.453556520000063
            ],
            [
              54.634528214000056,
              37.450963730000069
            ],
            [
              54.719445582000048,
              37.474295600000062
            ],
            [
              54.774968477000073,
              37.513165868000044
            ],
            [
              54.78476663500004,
              37.629655240000034
            ],
            [
              54.781500582000035,
              37.691708378000044
            ],
            [
              54.791298740000059,
              37.727882084000044
            ],
            [
              54.823959266000031,
              37.774365182000054
            ],
            [
              54.886014266000075,
              37.802757144000054
            ],
            [
              54.948069266000061,
              37.833717749000073
            ],
            [
              55.003592160000039,
              37.872400242000026
            ],
            [
              55.04931689700004,
              37.911062436000066
            ],
            [
              55.104839791000074,
              37.972879704000036
            ],
            [
              55.189757159000067,
              38.008915758000057
            ],
            [
              55.248546106000049,
              38.021781487000055
            ],
            [
              55.31386715900004,
              38.042361956000036
            ],
            [
              55.415114790000075,
              38.104068662000032
            ],
            [
              55.470637685000042,
              38.127195253000025
            ],
            [
              55.516362421000053,
              38.132333501000062
            ],
            [
              55.571885316000078,
              38.132333501000062
            ],
            [
              55.620876105000036,
              38.140040194000051
            ],
            [
              55.673132947000056,
              38.158019314000057
            ],
            [
              55.722123736000071,
              38.165723295000078
            ],
            [
              55.797242947000029,
              38.142608911000025
            ],
            [
              55.852765841000064,
              38.119487203000062
            ],
            [
              55.92135294600007,
              38.101498588000027
            ],
            [
              55.970343735000029,
              38.101498588000027
            ],
            [
              56.051995051000063,
              38.109208537000029
            ],
            [
              56.117316103000064,
              38.119487203000062
            ],
            [
              56.15977478700006,
              38.109208537000029
            ],
            [
              56.192435313000033,
              38.096358171000077
            ],
            [
              56.287150839000049,
              38.096358171000077
            ],
            [
              56.35247189200004,
              38.119487203000062
            ],
            [
              56.339407681000068,
              38.160587398000075
            ],
            [
              56.319811366000067,
              38.196531075000053
            ],
            [
              56.381866365000064,
              38.265800941000066
            ],
            [
              56.466783733000057,
              38.278621453000028
            ],
            [
              56.522306628000081,
              38.288876233000053
            ],
            [
              56.579862314000081,
              38.292666033000046
            ],
            [
              56.618657793000068,
              38.288466069000037
            ],
            [
              56.67751990000005,
              38.301065230000063
            ],
            [
              56.706950953000046,
              38.310513165000032
            ],
            [
              56.740395332000048,
              38.309463455000071
            ],
            [
              56.781866362000073,
              38.286365997000075
            ],
            [
              56.828688492000026,
              38.277965098000038
            ],
            [
              56.891563924000081,
              38.243301115000065
            ],
            [
              56.939723830000048,
              38.232793613000069
            ],
            [
              57.001261487000079,
              38.224386518000074
            ],
            [
              57.034705866000081,
              38.223335562000045
            ],
            [
              57.082865771000058,
              38.231742779000058
            ],
            [
              57.105607949000046,
              38.24645307000003
            ],
            [
              57.129687901000068,
              38.267462607000027
            ],
            [
              57.151092304000031,
              38.300015384000062
            ],
            [
              57.124025791000065,
              38.300160825000034
            ]
          ]
        ]
      }
    },
    {
      "type": "Feature",
      "properties": {
        "slug": "turkmenistan-ahal",
        "name_tm": "Ahal",
        "name_en": "Ahal",
        "iso_3166_2": "TM-A",
        "admin_level": 1,
        "source_shape_id": "27578892B63269087941453"
      },
      "geometry": {
        "type": "Polygon",
        "coordinates": [
          [
            [
              57.124025791000065,
              38.300160825000034
            ],
            [
              57.148083023000027,
              38.300031555000032
            ],
            [
              57.179436415000055,
              38.309791491000055
            ],
            [
              57.208700246000035,
              38.321271814000056
            ],
            [
              57.233783531000029,
              38.314711852000073
            ],
            [
              57.260957088000055,
              38.290106709000042
            ],
            [
              57.275589004000039,
              38.258928215000026
            ],
            [
              57.334116667000046,
              38.17681559600004
            ],
            [
              57.346658309000077,
              38.130792064000048
            ],
            [
              57.345351888000039,
              38.019208522000042
            ],
            [
              57.374746362000053,
              38.003768834000027
            ],
            [
              57.404140835000078,
              37.980603205000079
            ],
            [
              57.440067414000055,
              37.967730251000035
            ],
            [
              57.472727940000027,
              37.962580437000042
            ],
            [
              57.534782940000071,
              37.962580437000042
            ],
            [
              57.734012150000069,
              37.941977570000063
            ],
            [
              57.799333202000071,
              37.918792438000025
            ],
            [
              58.037755043000061,
              37.838876588000062
            ],
            [
              58.122672411000053,
              37.81565897400003
            ],
            [
              58.171663201000058,
              37.795014963000028
            ],
            [
              58.187993464000044,
              37.774365182000054
            ],
            [
              58.201057674000083,
              37.704629586000067
            ],
            [
              58.25658056900005,
              37.683954573000051
            ],
            [
              58.341497937000042,
              37.676199957000051
            ],
            [
              58.387222674000043,
              37.663273795000066
            ],
            [
              58.436213463000058,
              37.658102700000029
            ],
            [
              58.478672147000054,
              37.660688293000078
            ],
            [
              58.534195041000032,
              37.668444530000045
            ],
            [
              58.583185831000037,
              37.683954573000051
            ],
            [
              58.632176620000052,
              37.683954573000051
            ],
            [
              58.681167409000068,
              37.673614904000033
            ],
            [
              58.720360041000049,
              37.671029762000046
            ],
            [
              58.769350830000064,
              37.686539264000032
            ],
            [
              58.802011356000037,
              37.694292800000028
            ],
            [
              58.916323198000043,
              37.694292800000028
            ],
            [
              58.955515829000035,
              37.686539264000032
            ],
            [
              59.03063504000005,
              37.658102700000029
            ],
            [
              59.073093724000046,
              37.634828316000039
            ],
            [
              59.109020302000033,
              37.606371944000045
            ],
            [
              59.252726618000054,
              37.533888405000027
            ],
            [
              59.275588986000059,
              37.54165787200003
            ],
            [
              59.308249512000032,
              37.559783480000078
            ],
            [
              59.340910038000061,
              37.554605185000071
            ],
            [
              59.350708196000028,
              37.505393433000052
            ],
            [
              59.350708196000028,
              37.445777882000073
            ],
            [
              59.360506354000051,
              37.367947025000035
            ],
            [
              59.383368722000057,
              37.326404182000033
            ],
            [
              59.438891617000081,
              37.279641016000028
            ],
            [
              59.484616354000082,
              37.248449420000043
            ],
            [
              59.569533722000074,
              37.196434725000074
            ],
            [
              59.700175826000077,
              37.165208692000078
            ],
            [
              59.801423458000045,
              37.120949720000056
            ],
            [
              59.866744510000046,
              37.10271791200006
            ],
            [
              59.974524246000044,
              37.055815966000068
            ],
            [
              60.065973720000045,
              37.011493048000034
            ],
            [
              60.11496450900006,
              36.914936133000026
            ],
            [
              60.183551614000066,
              36.820871385000032
            ],
            [
              60.245606614000053,
              36.742395664000071
            ],
            [
              60.340322140000069,
              36.640257154000039
            ],
            [
              61.084982137000054,
              36.642877784000063
            ],
            [
              61.163367400000027,
              36.621910243000059
            ],
            [
              61.173165558000051,
              36.574712418000047
            ],
            [
              61.173165558000051,
              36.47760403400008
            ],
            [
              61.169768863000058,
              36.42779532600008
            ],
            [
              61.173949410000034,
              36.279651846000036
            ],
            [
              61.199032694000039,
              36.234142238000061
            ],
            [
              61.20112296800005,
              36.023104421000028
            ],
            [
              61.207393789000037,
              35.891129571000079
            ],
            [
              61.238747894000028,
              35.855560218000051
            ],
            [
              61.259650631000056,
              35.804719164000062
            ],
            [
              61.259650631000056,
              35.745363446000056
            ],
            [
              61.240838168000039,
              35.694451862000051
            ],
            [
              61.217845158000046,
              35.653699179000057
            ],
            [
              61.215754884000035,
              35.623121013000059
            ],
            [
              61.240838168000039,
              35.585731814000042
            ],
            [
              61.265921452000043,
              35.565330343000028
            ],
            [
              61.280553368000028,
              35.558528698000032
            ],
            [
              61.309817199000065,
              35.575531728000044
            ],
            [
              61.330719936000037,
              35.59253115000007
            ],
            [
              61.362074041000028,
              35.594230893000031
            ],
            [
              61.385067052000068,
              35.580631933000063
            ],
            [
              61.412240609000037,
              35.544923676000053
            ],
            [
              61.437323894000031,
              35.502393106000056
            ],
            [
              61.504212651000046,
              35.44281245500008
            ],
            [
              61.569011135000039,
              35.413857356000051
            ],
            [
              61.587823598000057,
              35.395116158000064
            ],
            [
              61.588978268681068,
              35.396763243107856
            ],
            [
              61.596184693000055,
              35.407042879000073
            ],
            [
              61.600365240000031,
              35.427484582000034
            ],
            [
              61.602455514000042,
              35.507497965000027
            ],
            [
              61.608726335000028,
              35.534718395000027
            ],
            [
              61.631719345000079,
              35.553427085000067
            ],
            [
              61.646351261000063,
              35.561929593000059
            ],
            [
              61.648441535000075,
              35.582331930000066
            ],
            [
              61.642170714000031,
              35.59763027200006
            ],
            [
              61.605917530000056,
              35.646778973000039
            ],
            [
              61.534472629000049,
              35.655072532000077
            ],
            [
              61.488543764000042,
              35.663365231000057
            ],
            [
              61.452821313000072,
              35.684093208000036
            ],
            [
              61.411995656000045,
              35.704815801000052
            ],
            [
              61.401789241000074,
              35.729675805000056
            ],
            [
              61.468130935000033,
              35.742102898000041
            ],
            [
              61.590607908000038,
              35.750386549000041
            ],
            [
              61.62335825100007,
              35.770807036000065
            ],
            [
              61.625448524000035,
              35.799633267000047
            ],
            [
              61.654712356000061,
              35.816584990000024
            ],
            [
              61.675615093000033,
              35.823364666000032
            ],
            [
              61.686066461000053,
              35.836922281000057
            ],
            [
              61.677705366000055,
              35.880968528000039
            ],
            [
              61.602455514000042,
              35.902982473000066
            ],
            [
              61.579462504000048,
              35.91821931000004
            ],
            [
              61.552288946000033,
              35.968987570000024
            ],
            [
              61.541837577000081,
              35.994359467000038
            ],
            [
              61.533476483000072,
              36.033247196000048
            ],
            [
              61.525899241000047,
              36.635015625000051
            ],
            [
              61.480174504000047,
              36.695271672000047
            ],
            [
              61.326670031000049,
              36.865305281000076
            ],
            [
              61.284211347000053,
              36.90971335200004
            ],
            [
              61.218890294000062,
              36.969753734000051
            ],
            [
              61.147037137000041,
              37.055815966000068
            ],
            [
              61.02945924200003,
              37.206840533000047
            ],
            [
              60.895551085000079,
              37.414655242000038
            ],
            [
              60.846560296000064,
              37.523527856000044
            ],
            [
              60.823697927000069,
              37.567550249000078
            ],
            [
              60.843294243000059,
              37.601196887000071
            ],
            [
              60.964138190000028,
              37.614133853000055
            ],
            [
              60.990266611000038,
              37.637414719000049
            ],
            [
              60.980468453000071,
              37.673614904000033
            ],
            [
              60.957606085000066,
              37.709797438000066
            ],
            [
              60.931477664000056,
              37.774365182000054
            ],
            [
              60.938009769000075,
              37.797595780000051
            ],
            [
              60.957606085000066,
              37.813078788000041
            ],
            [
              61.000064769000062,
              37.831138195000051
            ],
            [
              61.016395032000048,
              37.854350938000039
            ],
            [
              61.016395032000048,
              37.960005394000063
            ],
            [
              60.983734506000076,
              37.990899944000034
            ],
            [
              60.918413453000028,
              38.024354362000054
            ],
            [
              60.872688717000074,
              38.050078141000029
            ],
            [
              60.79103740100004,
              38.114348051000036
            ],
            [
              60.709386086000052,
              38.173426461000076
            ],
            [
              60.627734770000075,
              38.242718317000026
            ],
            [
              60.563589497000066,
              38.308151297000052
            ],
            [
              60.54686730700007,
              38.334389958000031
            ],
            [
              60.536415939000051,
              38.363897098000052
            ],
            [
              60.528054844000053,
              38.39503047900007
            ],
            [
              60.511332655000047,
              38.426150460000031
            ],
            [
              60.492520192000029,
              38.447435356000028
            ],
            [
              60.461166087000038,
              38.491622393000057
            ],
            [
              60.410999519000029,
              38.542322260000049
            ],
            [
              60.398457876000066,
              38.568475961000047
            ],
            [
              60.400548150000077,
              38.596253841000078
            ],
            [
              60.398457876000066,
              38.628919943000028
            ],
            [
              60.390096782000057,
              38.651777363000065
            ],
            [
              60.377555140000027,
              38.672995583000045
            ],
            [
              60.354562129000044,
              38.700732998000035
            ],
            [
              60.348291308000057,
              38.726828978000071
            ],
            [
              60.352471856000079,
              38.739873395000075
            ],
            [
              60.44335695500007,
              38.736482075000026
            ],
            [
              60.440681405000078,
              38.936554382000054
            ],
            [
              60.56996646500005,
              38.938353015000075
            ],
            [
              60.56996646500005,
              39.334179949000031
            ],
            [
              60.881262105000076,
              39.346020361000058
            ],
            [
              60.881262105000076,
              39.480071474000056
            ],
            [
              60.768991546000052,
              39.480071474000056
            ],
            [
              60.615895330000058,
              39.468253803000039
            ],
            [
              60.56996646500005,
              39.452493786000048
            ],
            [
              60.503624771000034,
              39.436730201000046
            ],
            [
              60.463819755000031,
              39.426481958000068
            ],
            [
              60.457695906000083,
              39.424905171000034
            ],
            [
              60.421973455000057,
              39.424905171000034
            ],
            [
              60.360734969000077,
              39.428847071000064
            ],
            [
              60.304599689000042,
              39.428847071000064
            ],
            [
              60.263774032000072,
              39.444612440000071
            ],
            [
              60.263774032000072,
              39.484010251000029
            ],
            [
              60.258670824000035,
              39.527322079000044
            ],
            [
              60.217845167000064,
              39.562738947000071
            ],
            [
              60.177019509000047,
              39.582407174000025
            ],
            [
              60.049439328000062,
              39.543065141000056
            ],
            [
              60.003510463000055,
              39.539129710000054
            ],
            [
              59.972891220000065,
              39.566673039000079
            ],
            [
              59.967788013000074,
              39.621726886000033
            ],
            [
              59.957581599000036,
              39.931567234000056
            ],
            [
              59.513602571000035,
              39.931567234000056
            ],
            [
              59.273751831000027,
              39.939393184000039
            ],
            [
              59.084933164000063,
              39.947218239000051
            ],
            [
              59.013488263000056,
              39.966776961000051
            ],
            [
              58.957352984000067,
              40.017603455000028
            ],
            [
              58.977765813000076,
              40.072297373000026
            ],
            [
              58.942043362000049,
              40.087916147000044
            ],
            [
              58.829772803000083,
              40.099627876000056
            ],
            [
              58.737915074000057,
              40.126947405000067
            ],
            [
              58.66136696500007,
              40.130849299000033
            ],
            [
              58.554199614000026,
              40.130849299000033
            ],
            [
              58.498064334000048,
              40.165956265000034
            ],
            [
              58.425239526000041,
              40.160165646000053
            ],
            [
              58.38343405300003,
              40.150580087000037
            ],
            [
              58.379253505000065,
              40.129806735000045
            ],
            [
              58.381343779000076,
              40.105829591000031
            ],
            [
              58.354170221000061,
              40.09463736400005
            ],
            [
              58.318635569000037,
              40.104230815000051
            ],
            [
              58.297732832000065,
              40.107428331000051
            ],
            [
              58.18903860100005,
              40.107428331000051
            ],
            [
              58.145142853000038,
              40.101033148000056
            ],
            [
              58.053170812000076,
              40.081843994000053
            ],
            [
              57.946566854000082,
              40.053050118000044
            ],
            [
              57.896400286000073,
              40.048249956000063
            ],
            [
              57.724997844000029,
              40.049850048000053
            ],
            [
              57.65601881300006,
              40.056250039000076
            ],
            [
              57.467894182000066,
              40.051450102000047
            ],
            [
              57.434449803000064,
              40.048249956000063
            ],
            [
              57.417727614000057,
              40.040248934000033
            ],
            [
              57.382192962000033,
              40.01143748100003
            ],
            [
              57.327845846000059,
              39.995425860000068
            ],
            [
              57.275589004000039,
              39.989020161000042
            ],
            [
              57.244234899000048,
              39.995425860000068
            ],
            [
              57.218975103000048,
              40.022677173000034
            ],
            [
              57.179842120000046,
              39.902701310000054
            ],
            [
              57.179842120000046,
              39.817010495000034
            ],
            [
              57.211737165000045,
              39.737344664000034
            ],
            [
              57.227684688000068,
              39.663725146000047
            ],
            [
              57.243632210000044,
              39.602315569000041
            ],
            [
              57.195789642000079,
              39.54700034800004
            ],
            [
              57.068209462000027,
              39.467022680000071
            ],
            [
              57.036314417000028,
              39.393115460000047
            ],
            [
              56.980498088000047,
              39.282107692000068
            ],
            [
              56.916707998000049,
              39.177105231000041
            ],
            [
              56.860891669000068,
              39.071945720000031
            ],
            [
              56.709390205000034,
              38.730649238000069
            ],
            [
              56.677495159000046,
              38.624825931000032
            ],
            [
              56.605731308000031,
              38.543796692000058
            ],
            [
              56.533967456000028,
              38.493887112000039
            ],
            [
              56.557888740000067,
              38.431451485000025
            ],
            [
              56.597757547000072,
              38.381464078000079
            ],
            [
              56.669521398000029,
              38.387714395000046
            ],
            [
              56.852917908000052,
              38.37521322200007
            ],
            [
              56.860891669000068,
              38.331442105000065
            ],
            [
              56.988471849000064,
              38.31267495600008
            ],
            [
              57.124025791000065,
              38.300160825000034
            ]
          ]
        ]
      }
    },
    {
      "type": "Feature",
      "properties": {
        "slug": "turkmenistan-dasoguz",
        "name_tm": "Daşoguz",
        "name_en": "Dashoguz",
        "iso_3166_2": "TM-D",
        "admin_level": 1,
        "source_shape_id": "27578892B88292714467572"
      },
      "geometry": {
        "type": "Polygon",
        "coordinates": [
          [
            [
              57.218975103000048,
              40.022677173000034
            ],
            [
              57.244234899000048,
              39.995425860000068
            ],
            [
              57.275589004000039,
              39.989020161000042
            ],
            [
              57.327845846000059,
              39.995425860000068
            ],
            [
              57.382192962000033,
              40.01143748100003
            ],
            [
              57.417727614000057,
              40.040248934000033
            ],
            [
              57.434449803000064,
              40.048249956000063
            ],
            [
              57.467894182000066,
              40.051450102000047
            ],
            [
              57.65601881300006,
              40.056250039000076
            ],
            [
              57.724997844000029,
              40.049850048000053
            ],
            [
              57.896400286000073,
              40.048249956000063
            ],
            [
              57.946566854000082,
              40.053050118000044
            ],
            [
              58.053170812000076,
              40.081843994000053
            ],
            [
              58.145142853000038,
              40.101033148000056
            ],
            [
              58.18903860100005,
              40.107428331000051
            ],
            [
              58.297732832000065,
              40.107428331000051
            ],
            [
              58.318635569000037,
              40.104230815000051
            ],
            [
              58.354170221000061,
              40.09463736400005
            ],
            [
              58.381343779000076,
              40.105829591000031
            ],
            [
              58.379253505000065,
              40.129806735000045
            ],
            [
              58.38343405300003,
              40.150580087000037
            ],
            [
              58.425239526000041,
              40.160165646000053
            ],
            [
              58.498064334000048,
              40.165956265000034
            ],
            [
              58.554199614000026,
              40.130849299000033
            ],
            [
              58.66136696500007,
              40.130849299000033
            ],
            [
              58.737915074000057,
              40.126947405000067
            ],
            [
              58.829772803000083,
              40.099627876000056
            ],
            [
              58.942043362000049,
              40.087916147000044
            ],
            [
              58.977765813000076,
              40.072297373000026
            ],
            [
              58.957352984000067,
              40.017603455000028
            ],
            [
              59.013488263000056,
              39.966776961000051
            ],
            [
              59.084933164000063,
              39.947218239000051
            ],
            [
              59.273751831000027,
              39.939393184000039
            ],
            [
              59.513602571000035,
              39.931567234000056
            ],
            [
              59.957581599000036,
              39.931567234000056
            ],
            [
              59.967788013000074,
              39.621726886000033
            ],
            [
              59.972891220000065,
              39.566673039000079
            ],
            [
              60.003510463000055,
              39.539129710000054
            ],
            [
              60.049439328000062,
              39.543065141000056
            ],
            [
              60.177019509000047,
              39.582407174000025
            ],
            [
              60.217845167000064,
              39.562738947000071
            ],
            [
              60.258670824000035,
              39.527322079000044
            ],
            [
              60.263774032000072,
              39.484010251000029
            ],
            [
              60.263774032000072,
              39.444612440000071
            ],
            [
              60.304599689000042,
              39.428847071000064
            ],
            [
              60.360734969000077,
              39.428847071000064
            ],
            [
              60.421973455000057,
              39.424905171000034
            ],
            [
              60.457695906000083,
              39.424905171000034
            ],
            [
              60.463819755000031,
              39.426481958000068
            ],
            [
              60.467902320000064,
              39.578473975000065
            ],
            [
              60.462799113000074,
              39.904169363000051
            ],
            [
              60.457695906000083,
              40.142553637000049
            ],
            [
              60.442386284000065,
              40.21663428800008
            ],
            [
              60.396457419000058,
              40.267274438000072
            ],
            [
              60.187225923000028,
              40.267274438000072
            ],
            [
              60.192329131000065,
              40.929856458000074
            ],
            [
              60.911881348000065,
              40.945276799000055
            ],
            [
              60.922087763000036,
              40.972253733000059
            ],
            [
              60.927190970000083,
              41.014623781000068
            ],
            [
              60.927190970000083,
              41.187672147000058
            ],
            [
              60.947603799000035,
              41.252927284000066
            ],
            [
              60.879220822000036,
              41.261318206000055
            ],
            [
              60.826963980000073,
              41.262889466000047
            ],
            [
              60.774707138000053,
              41.272316230000058
            ],
            [
              60.716179475000047,
              41.270745197000053
            ],
            [
              60.676464275000058,
              41.25188985300008
            ],
            [
              60.647200444000077,
              41.242460140000048
            ],
            [
              60.590763055000082,
              41.233029066000029
            ],
            [
              60.507152108000071,
              41.226740927000037
            ],
            [
              60.473707729000068,
              41.234601006000048
            ],
            [
              60.45280499200004,
              41.244031853000081
            ],
            [
              60.421450887000049,
              41.266031872000042
            ],
            [
              60.350381582000068,
              41.305299188000049
            ],
            [
              60.265432860000033,
              41.342534170000079
            ],
            [
              60.227975155000081,
              41.352577063000069
            ],
            [
              60.15707307200006,
              41.375669838000078
            ],
            [
              60.128979794000031,
              41.392733143000044
            ],
            [
              60.087508764000063,
              41.425843247000046
            ],
            [
              60.07948211300004,
              41.443896191000078
            ],
            [
              60.082157664000079,
              41.464951613000039
            ],
            [
              60.107575392000058,
              41.521065988000032
            ],
            [
              60.13165534400008,
              41.558114886000055
            ],
            [
              60.186817667000071,
              41.568757824000045
            ],
            [
              60.203147930000057,
              41.595631062000052
            ],
            [
              60.190083719000029,
              41.622493115000054
            ],
            [
              60.173753456000043,
              41.644462839000028
            ],
            [
              60.092102141000055,
              41.710327078000034
            ],
            [
              60.079037930000027,
              41.737141330000043
            ],
            [
              60.082303983000031,
              41.75176256900005
            ],
            [
              60.105166351000037,
              41.776123902000052
            ],
            [
              60.124762667000027,
              41.790736262000053
            ],
            [
              60.14109293000007,
              41.798041193000074
            ],
            [
              60.183551614000066,
              41.793171331000053
            ],
            [
              60.229276351000067,
              41.785865845000046
            ],
            [
              60.278267140000082,
              41.768816473000072
            ],
            [
              60.288065298000049,
              41.771252376000064
            ],
            [
              60.288065298000049,
              41.79560630800006
            ],
            [
              60.258670824000035,
              41.82968627300005
            ],
            [
              60.170487404000028,
              41.868612600000063
            ],
            [
              60.157423193000056,
              41.885635419000039
            ],
            [
              60.134560825000051,
              41.926957673000061
            ],
            [
              60.108432404000041,
              41.956110219000038
            ],
            [
              60.06923977200006,
              41.994959546000075
            ],
            [
              60.04311135100005,
              42.043487876000029
            ],
            [
              60.039845299000035,
              42.162225745000057
            ],
            [
              60.023515036000049,
              42.196110004000047
            ],
            [
              59.967992141000082,
              42.234812637000061
            ],
            [
              59.932065562000048,
              42.256572445000074
            ],
            [
              59.827551879000055,
              42.280741206000073
            ],
            [
              59.755698721000044,
              42.28315757200005
            ],
            [
              59.706707932000029,
              42.28315757200005
            ],
            [
              59.667515300000048,
              42.266241061000073
            ],
            [
              59.634854774000075,
              42.26140693800005
            ],
            [
              59.563001616000065,
              42.256572445000074
            ],
            [
              59.406231091000052,
              42.268657984000072
            ],
            [
              59.363772407000056,
              42.28315757200005
            ],
            [
              59.34744214400007,
              42.292822112000067
            ],
            [
              59.314781617000051,
              42.32180683200005
            ],
            [
              59.29518530200005,
              42.343536614000072
            ],
            [
              59.278855039000064,
              42.374910822000061
            ],
            [
              59.275588986000059,
              42.401445994000028
            ],
            [
              59.249460565000049,
              42.447253049000039
            ],
            [
              59.207001881000053,
              42.468939446000036
            ],
            [
              59.164543197000057,
              42.485801451000043
            ],
            [
              59.128616618000081,
              42.490618332000054
            ],
            [
              59.109020302000033,
              42.485801451000043
            ],
            [
              59.066561618000037,
              42.478575434000049
            ],
            [
              59.020836882000083,
              42.478575434000049
            ],
            [
              58.975112145000082,
              42.485801451000043
            ],
            [
              58.939185566000049,
              42.500250982000068
            ],
            [
              58.880396619000066,
              42.541173189000062
            ],
            [
              58.824873725000032,
              42.596495864000076
            ],
            [
              58.723626093000064,
              42.656573550000076
            ],
            [
              58.677901357000053,
              42.690191727000069
            ],
            [
              58.645240830000034,
              42.718992833000073
            ],
            [
              58.612580304000062,
              42.72379171800003
            ],
            [
              58.576653725000028,
              42.65897545200005
            ],
            [
              58.566855568000051,
              42.62534038900003
            ],
            [
              58.537461094000037,
              42.60851604000004
            ],
            [
              58.481938200000059,
              42.60851604000004
            ],
            [
              58.419883200000072,
              42.610919796000076
            ],
            [
              58.344763990000047,
              42.632549433000065
            ],
            [
              58.30883741100007,
              42.644562651000058
            ],
            [
              58.285975042000075,
              42.644562651000058
            ],
            [
              58.201057674000083,
              42.606112190000033
            ],
            [
              58.161865043000034,
              42.598900085000025
            ],
            [
              58.148800832000063,
              42.57244855600004
            ],
            [
              58.171663201000058,
              42.553204031000064
            ],
            [
              58.227186095000036,
              42.543579543000078
            ],
            [
              58.318635569000037,
              42.514697174000048
            ],
            [
              58.351296095000066,
              42.497842959000025
            ],
            [
              58.380690568000034,
              42.476166576000026
            ],
            [
              58.406818989000044,
              42.44966302000006
            ],
            [
              58.426415305000035,
              42.418326171000047
            ],
            [
              58.436213463000058,
              42.374910822000061
            ],
            [
              58.498268463000045,
              42.302485168000032
            ],
            [
              58.504800568000064,
              42.263824046000025
            ],
            [
              58.462341884000068,
              42.266241061000073
            ],
            [
              58.429681358000039,
              42.285573846000034
            ],
            [
              58.416617147000068,
              42.319391948000032
            ],
            [
              58.416617147000068,
              42.353191885000058
            ],
            [
              58.413351095000053,
              42.372497978000069
            ],
            [
              58.390488726000058,
              42.39179813800007
            ],
            [
              58.338231884000038,
              42.415914995000037
            ],
            [
              58.30883741100007,
              42.420737254000073
            ],
            [
              58.233718200000055,
              42.437612240000078
            ],
            [
              58.119406359000038,
              42.45207289800004
            ],
            [
              58.057351359000052,
              42.45207289800004
            ],
            [
              57.978966096000079,
              42.418326171000047
            ],
            [
              57.96590188600004,
              42.403857726000069
            ],
            [
              57.972433991000059,
              42.384561273000031
            ],
            [
              57.982232149000026,
              42.336294188000068
            ],
            [
              57.972433991000059,
              42.295238015000052
            ],
            [
              57.959369780000031,
              42.251737581000043
            ],
            [
              57.923443202000044,
              42.213045325000053
            ],
            [
              57.887516623000067,
              42.184010568000076
            ],
            [
              57.845057939000071,
              42.164646652000044
            ],
            [
              57.743810308000036,
              42.140433420000079
            ],
            [
              57.665425045000063,
              42.133167644000025
            ],
            [
              57.596837940000057,
              42.133167644000025
            ],
            [
              57.479260045000046,
              42.145276807000073
            ],
            [
              57.417205046000049,
              42.145276807000073
            ],
            [
              57.364948204000029,
              42.130745534000027
            ],
            [
              57.322489520000033,
              42.108942371000069
            ],
            [
              57.253902415000027,
              42.077435671000046
            ],
            [
              57.217975836000051,
              42.048338672000057
            ],
            [
              57.191847415000041,
              42.019228340000041
            ],
            [
              57.159186889000068,
              41.973109715000078
            ],
            [
              57.139590573000078,
              41.922097619000056
            ],
            [
              57.061205310000048,
              41.890498249000075
            ],
            [
              56.982532635000041,
              41.863705295000045
            ],
            [
              56.983870410000065,
              41.709094328000049
            ],
            [
              56.994572611000081,
              41.650144455000031
            ],
            [
              57.010625913000069,
              41.602145404000055
            ],
            [
              57.028016990000083,
              41.558114886000055
            ],
            [
              57.049421392000056,
              41.457933899000068
            ],
            [
              57.06681246900007,
              41.429855447000079
            ],
            [
              57.086879097000065,
              41.410795292000046
            ],
            [
              57.114972375000036,
              41.393736728000079
            ],
            [
              57.13236345200005,
              41.359606166000049
            ],
            [
              57.13236345200005,
              41.333494242000029
            ],
            [
              57.121661251000035,
              41.313401020000072
            ],
            [
              57.086879097000065,
              41.289280977000033
            ],
            [
              57.052096943000038,
              41.272190549000072
            ],
            [
              56.999923712000054,
              41.26213526600003
            ],
            [
              56.926346078000051,
              41.277217610000037
            ],
            [
              56.872835072000044,
              41.293301604000078
            ],
            [
              56.808621865000077,
              41.297321983000074
            ],
            [
              56.732368681000082,
              41.283249572000045
            ],
            [
              56.602604491000079,
              41.282244284000058
            ],
            [
              56.525993695000068,
              41.265155374000074
            ],
            [
              56.565862502000073,
              41.211190692000059
            ],
            [
              56.605731308000031,
              41.067067105000035
            ],
            [
              56.685468921000052,
              41.061055084000031
            ],
            [
              56.757232772000066,
              41.030986734000066
            ],
            [
              56.781154056000048,
              40.994886579000081
            ],
            [
              56.789127817000065,
              40.904549664000058
            ],
            [
              56.813049101000047,
              40.838224056000058
            ],
            [
              56.828996624000069,
              40.777870402000076
            ],
            [
              56.876839191000045,
              40.705373574000077
            ],
            [
              56.956576804000065,
              40.620694093000054
            ],
            [
              57.012393133000046,
              40.566200524000067
            ],
            [
              57.076183223000044,
              40.499536971000055
            ],
            [
              57.124025791000065,
              40.414596549000066
            ],
            [
              57.131999552000082,
              40.293066865000071
            ],
            [
              57.100104507000083,
              40.232219907000058
            ],
            [
              57.068209462000027,
              40.165225055000064
            ],
            [
              57.108078268000042,
              40.104263212000035
            ],
            [
              57.219710926000062,
              40.024931078000066
            ],
            [
              57.218975103000048,
              40.022677173000034
            ]
          ]
        ]
      }
    },
    {
      "type": "Feature",
      "properties": {
        "slug": "turkmenistan-lebap",
        "name_tm": "Lebap",
        "name_en": "Lebap",
        "iso_3166_2": "TM-L",
        "admin_level": 1,
        "source_shape_id": "27578892B29988598794089"
      },
      "geometry": {
        "type": "Polygon",
        "coordinates": [
          [
            [
              60.881262105000076,
              39.480071474000056
            ],
            [
              60.921679506000032,
              39.486215869000034
            ],
            [
              60.931477664000056,
              39.486215869000034
            ],
            [
              60.990266611000038,
              39.468568967000067
            ],
            [
              61.02945924200003,
              39.463526173000048
            ],
            [
              61.176431610000066,
              39.468568967000067
            ],
            [
              61.202560031000075,
              39.455961296000055
            ],
            [
              61.258082926000043,
              39.413078134000045
            ],
            [
              61.434449767000046,
              39.248869795000076
            ],
            [
              61.552027662000057,
              39.160290260000068
            ],
            [
              61.643477135000069,
              39.102020042000049
            ],
            [
              61.73492660800008,
              39.046238207000044
            ],
            [
              61.832908187000044,
              38.962482799000043
            ],
            [
              61.92109160800004,
              38.878628262000063
            ],
            [
              62.094192396000039,
              38.725911702000076
            ],
            [
              62.489384763000032,
              38.439965891000043
            ],
            [
              62.825584055000036,
              38.192199518000052
            ],
            [
              62.937854614000059,
              38.156093192000071
            ],
            [
              63.101157245000081,
              38.115954075000047
            ],
            [
              63.269563083000037,
              38.051685577000057
            ],
            [
              63.774780597000074,
              37.664889688000073
            ],
            [
              63.534929858000055,
              37.38562821000005
            ],
            [
              63.560445894000054,
              36.856649231000063
            ],
            [
              64.310617355000034,
              36.856649231000063
            ],
            [
              64.484126400000036,
              36.864815342000043
            ],
            [
              64.530055265000044,
              36.877062873000057
            ],
            [
              64.749493176000044,
              36.877062873000057
            ],
            [
              64.785215626000081,
              36.913793680000026
            ],
            [
              64.805628455000033,
              36.970895348000056
            ],
            [
              64.800525248000042,
              37.023879997000051
            ],
            [
              64.780112419000034,
              37.084970241000065
            ],
            [
              64.780112419000034,
              37.109392565000064
            ],
            [
              64.81073166200008,
              37.14194341700005
            ],
            [
              64.85155732000004,
              37.178546389000076
            ],
            [
              64.928105428000038,
              37.198873715000047
            ],
            [
              64.999550329000044,
              37.235449110000047
            ],
            [
              65.111820888000068,
              37.263884377000068
            ],
            [
              65.198575411000036,
              37.27200676800004
            ],
            [
              65.310845970000059,
              37.27200676800004
            ],
            [
              65.412910114000056,
              37.263884377000068
            ],
            [
              65.479251808000072,
              37.255761110000037
            ],
            [
              65.555799916000069,
              37.25982285300006
            ],
            [
              65.611935196000047,
              37.296368683000026
            ],
            [
              65.657864060000065,
              37.353182476000029
            ],
            [
              65.678276889000074,
              37.474781603000054
            ],
            [
              65.703792925000073,
              37.519318472000066
            ],
            [
              65.744618583000033,
              37.551692235000075
            ],
            [
              65.790547448000041,
              37.567873846000055
            ],
            [
              66.091636674000029,
              37.450477572000068
            ],
            [
              66.203907233000052,
              37.401845815000058
            ],
            [
              66.25493930500005,
              37.365351270000076
            ],
            [
              66.341693828000075,
              37.345068850000075
            ],
            [
              66.362008675000084,
              37.35226730200003
            ],
            [
              66.391272506000064,
              37.35226730200003
            ],
            [
              66.453980717000036,
              37.337311403000058
            ],
            [
              66.487425095000049,
              37.353928885000073
            ],
            [
              66.54177221100008,
              37.398777713000072
            ],
            [
              66.539681937000069,
              37.445259277000048
            ],
            [
              66.533411116000082,
              37.501662377000059
            ],
            [
              66.53132084300006,
              37.567964454000048
            ],
            [
              66.53132084300006,
              37.657378718000075
            ],
            [
              66.54177221100008,
              37.769821456000045
            ],
            [
              66.585667958000045,
              37.882093472000065
            ],
            [
              66.627473432000045,
              37.93167396900003
            ],
            [
              66.660133958000074,
              37.985751755000024
            ],
            [
              66.65686790500007,
              38.03207244500004
            ],
            [
              66.617675274000078,
              38.057793513000036
            ],
            [
              66.588280800000064,
              38.083505544000047
            ],
            [
              66.558886327000039,
              38.096358171000077
            ],
            [
              66.470702906000042,
              38.080934748000061
            ],
            [
              66.389051591000054,
              38.096358171000077
            ],
            [
              66.336794749000035,
              38.124625993000052
            ],
            [
              66.235547118000056,
              38.211930080000059
            ],
            [
              66.114703171000031,
              38.270929417000048
            ],
            [
              66.04938211800004,
              38.286312674000044
            ],
            [
              65.990593171000057,
              38.311944190000077
            ],
            [
              65.954666592000081,
              38.319631879000042
            ],
            [
              65.899143698000046,
              38.324756553000043
            ],
            [
              65.853418961000045,
              38.324756553000043
            ],
            [
              65.810960277000049,
              38.304255686000033
            ],
            [
              65.797896067000067,
              38.278621453000028
            ],
            [
              65.778299751000077,
              38.270929417000048
            ],
            [
              65.722776856000053,
              38.276057532000038
            ],
            [
              65.650923699000032,
              38.288876233000053
            ],
            [
              65.572538436000059,
              38.31450684400005
            ],
            [
              65.503951331000053,
              38.345251623000024
            ],
            [
              65.366777121000041,
              38.427173916000072
            ],
            [
              65.255731332000039,
              38.496223652000026
            ],
            [
              65.157749753000076,
              38.54477457400003
            ],
            [
              65.033639754000035,
              38.646879958000056
            ],
            [
              64.978116859000068,
              38.682582523000065
            ],
            [
              64.916061859000081,
              38.700427130000037
            ],
            [
              64.821346333000065,
              38.723363654000025
            ],
            [
              64.742961071000082,
              38.764121524000075
            ],
            [
              64.586190545000079,
              38.840479810000033
            ],
            [
              64.45554844000003,
              38.92692025000008
            ],
            [
              64.383695282000076,
              39.00564190800003
            ],
            [
              64.347768704000032,
              39.036091318000047
            ],
            [
              64.318374230000074,
              39.028480195000043
            ],
            [
              64.246521072000064,
              39.00564190800003
            ],
            [
              64.190998178000029,
              39.000565731000052
            ],
            [
              64.083218441000042,
              39.061455807000073
            ],
            [
              63.975438705000045,
              39.119759560000034
            ],
            [
              63.916649758000062,
              39.147626923000075
            ],
            [
              63.83173239000007,
              39.178015103000064
            ],
            [
              63.766411337000079,
              39.218512254000075
            ],
            [
              63.727218706000031,
              39.248869795000076
            ],
            [
              63.583512391000056,
              39.405507778000072
            ],
            [
              63.446338181000044,
              39.493777456000032
            ],
            [
              63.256907129000069,
              39.586969405000048
            ],
            [
              63.077274235000061,
              39.667466911000076
            ],
            [
              62.904173446000073,
              39.788037512000074
            ],
            [
              62.884577130000082,
              39.79305671000003
            ],
            [
              62.815990025000076,
              39.825672574000066
            ],
            [
              62.766999236000061,
              39.855765789000031
            ],
            [
              62.698412131000055,
              39.885845815000039
            ],
            [
              62.603696605000039,
              39.938454117000049
            ],
            [
              62.505715026000075,
              40.031046598000046
            ],
            [
              62.451106627000058,
              40.062649429000032
            ],
            [
              62.421842795000032,
              40.121815293000054
            ],
            [
              62.421842795000032,
              40.203283914000053
            ],
            [
              62.40094005800006,
              40.30538068900006
            ],
            [
              62.384217869000054,
              40.36433510300003
            ],
            [
              62.377947048000067,
              40.400956477000079
            ],
            [
              62.357044311000038,
              40.447102874000052
            ],
            [
              62.32987075300008,
              40.477319553000029
            ],
            [
              62.235808438000049,
              40.515468559000055
            ],
            [
              62.200273785000036,
              40.532946271000071
            ],
            [
              62.183551596000029,
              40.55041942500003
            ],
            [
              62.049896558000057,
              40.740665234000062
            ],
            [
              62.019277314000078,
              40.798638252000046
            ],
            [
              62.014174107000031,
              40.852700764000076
            ],
            [
              61.978451657000051,
              40.937567078000029
            ],
            [
              61.978451657000051,
              40.99151622200003
            ],
            [
              61.96824524200008,
              41.045421257000044
            ],
            [
              61.932522792000043,
              41.091590456000063
            ],
            [
              61.866181098000027,
              41.153098954000029
            ],
            [
              61.820252233000076,
              41.199192491000076
            ],
            [
              61.697775260000071,
              41.260600079000028
            ],
            [
              61.616123944000037,
              41.298950529000081
            ],
            [
              61.524266214000079,
              41.321949981000046
            ],
            [
              61.463027728000043,
              41.333446665000054
            ],
            [
              61.401789241000074,
              41.329614663000029
            ],
            [
              61.401789241000074,
              41.306617915000061
            ],
            [
              61.396686034000027,
              41.260600079000028
            ],
            [
              61.381376412000066,
              41.226065407000078
            ],
            [
              61.355860376000066,
              41.210710807000055
            ],
            [
              61.325241133000077,
              41.183831582000039
            ],
            [
              61.304828304000068,
              41.179990792000069
            ],
            [
              61.243589817000043,
              41.206871593000074
            ],
            [
              61.202764160000072,
              41.229903494000041
            ],
            [
              61.146628880000037,
              41.249090549000073
            ],
            [
              61.07008077200004,
              41.237578992000067
            ],
            [
              61.03946152900005,
              41.229903494000041
            ],
            [
              60.998635871000033,
              41.233741356000053
            ],
            [
              60.947603799000035,
              41.252927284000066
            ],
            [
              60.927190970000083,
              41.187672147000058
            ],
            [
              60.927190970000083,
              41.014623781000068
            ],
            [
              60.922087763000036,
              40.972253733000059
            ],
            [
              60.911881348000065,
              40.945276799000055
            ],
            [
              60.192329131000065,
              40.929856458000074
            ],
            [
              60.187225923000028,
              40.267274438000072
            ],
            [
              60.396457419000058,
              40.267274438000072
            ],
            [
              60.442386284000065,
              40.21663428800008
            ],
            [
              60.457695906000083,
              40.142553637000049
            ],
            [
              60.462799113000074,
              39.904169363000051
            ],
            [
              60.467902320000064,
              39.578473975000065
            ],
            [
              60.463819755000031,
              39.426481958000068
            ],
            [
              60.503624771000034,
              39.436730201000046
            ],
            [
              60.56996646500005,
              39.452493786000048
            ],
            [
              60.615895330000058,
              39.468253803000039
            ],
            [
              60.768991546000052,
              39.480071474000056
            ],
            [
              60.881262105000076,
              39.480071474000056
            ]
          ]
        ]
      }
    },
    {
      "type": "Feature",
      "properties": {
        "slug": "turkmenistan-mary",
        "name_tm": "Mary",
        "name_en": "Mary",
        "iso_3166_2": "TM-M",
        "admin_level": 1,
        "source_shape_id": "27578892B74829978216420"
      },
      "geometry": {
        "type": "Polygon",
        "coordinates": [
          [
            [
              61.588978268681068,
              35.396763243107856
            ],
            [
              61.630412924000041,
              35.382761622000032
            ],
            [
              61.659807398000055,
              35.374772768000071
            ],
            [
              61.774119240000061,
              35.356129034000048
            ],
            [
              61.813311871000053,
              35.358792688000051
            ],
            [
              61.888431081000078,
              35.380098759000077
            ],
            [
              61.950486081000065,
              35.401399204000029
            ],
            [
              61.996210818000066,
              35.401399204000029
            ],
            [
              62.032137397000042,
              35.396074620000036
            ],
            [
              62.074596081000038,
              35.374772768000071
            ],
            [
              62.11378871200003,
              35.340145264000057
            ],
            [
              62.149715291000064,
              35.300172004000046
            ],
            [
              62.182375817000036,
              35.268179171000043
            ],
            [
              62.257495027000061,
              35.185472534000041
            ],
            [
              62.260761080000066,
              35.145422939000071
            ],
            [
              62.267293185000028,
              35.110697341000048
            ],
            [
              62.293421606000038,
              35.089320383000029
            ],
            [
              62.326082132000067,
              35.078629803000069
            ],
            [
              62.352210553000077,
              35.108025528000042
            ],
            [
              62.381605027000035,
              35.145422939000071
            ],
            [
              62.440393974000074,
              35.188141806000033
            ],
            [
              62.466522395000027,
              35.22016622600006
            ],
            [
              62.489384763000032,
              35.228170357000067
            ],
            [
              62.51172456300003,
              35.204048846000035
            ],
            [
              62.545168942000032,
              35.176716708000072
            ],
            [
              62.597425784000052,
              35.154502576000027
            ],
            [
              62.630870163000054,
              35.152793545000065
            ],
            [
              62.701939468000035,
              35.159629453000036
            ],
            [
              62.743744941000045,
              35.186967337000056
            ],
            [
              62.789730962000078,
              35.214296028000035
            ],
            [
              62.841987804000041,
              35.250150976000043
            ],
            [
              62.885883551000063,
              35.282577510000067
            ],
            [
              62.913057109000079,
              35.309873997000068
            ],
            [
              62.961133404000066,
              35.349096565000025
            ],
            [
              63.01548051900005,
              35.369552957000053
            ],
            [
              63.046834624000041,
              35.37296185200006
            ],
            [
              63.080279003000044,
              35.381483459000037
            ],
            [
              63.099091466000061,
              35.39170819900005
            ],
            [
              63.111633108000035,
              35.412153791000037
            ],
            [
              63.117903929000079,
              35.456434782000031
            ],
            [
              63.122084477000044,
              35.47005480200005
            ],
            [
              63.122084477000044,
              35.488778564000029
            ],
            [
              63.10954283500007,
              35.509199512000066
            ],
            [
              63.09700119300004,
              35.541522060000034
            ],
            [
              63.10954283500007,
              35.573831587000029
            ],
            [
              63.117903929000079,
              35.589131554000062
            ],
            [
              63.130445571000052,
              35.602729070000066
            ],
            [
              63.151348308000081,
              35.612925691000044
            ],
            [
              63.182702413000072,
              35.619722717000059
            ],
            [
              63.22032733900005,
              35.631616121000036
            ],
            [
              63.226598160000037,
              35.641809060000071
            ],
            [
              63.22032733900005,
              35.663889300000051
            ],
            [
              63.207785697000077,
              35.677474106000034
            ],
            [
              63.145077487000037,
              35.72839653300008
            ],
            [
              63.122084477000044,
              35.753845547000026
            ],
            [
              63.103272014000083,
              35.77759061900008
            ],
            [
              63.105362287000048,
              35.799633267000047
            ],
            [
              63.122920586000077,
              35.82594079100005
            ],
            [
              63.16974271600003,
              35.827025450000065
            ],
            [
              63.215227072000062,
              35.821602006000035
            ],
            [
              63.276764729000035,
              35.809669124000038
            ],
            [
              63.319573534000028,
              35.806414391000033
            ],
            [
              63.347666812000057,
              35.811838872000067
            ],
            [
              63.383786741000051,
              35.830279339000072
            ],
            [
              63.42124444500007,
              35.844377981000036
            ],
            [
              63.518902031000039,
              35.868231514000058
            ],
            [
              63.548333085000081,
              35.881239506000043
            ],
            [
              63.569737487000054,
              35.899663839000027
            ],
            [
              63.597830765000083,
              35.919167283000036
            ],
            [
              63.619235168000046,
              35.92566736200007
            ],
            [
              63.663381748000063,
              35.935416479000025
            ],
            [
              63.704852778000031,
              35.936499641000069
            ],
            [
              63.777092636000077,
              35.948413433000042
            ],
            [
              63.810503048000044,
              35.957197434000079
            ],
            [
              63.902360778000059,
              36.00675172900003
            ],
            [
              63.958496057000048,
              36.019135440000071
            ],
            [
              63.999321715000065,
              36.019135440000071
            ],
            [
              64.024837751000064,
              36.023262911000074
            ],
            [
              64.060560201000044,
              36.048023198000067
            ],
            [
              64.106489066000051,
              36.089273041000069
            ],
            [
              64.147314724000069,
              36.122257338000054
            ],
            [
              64.193243589000076,
              36.15110723500004
            ],
            [
              64.295307733000072,
              36.196421352000073
            ],
            [
              64.392268671000068,
              36.217010014000039
            ],
            [
              64.433094328000038,
              36.212892714000077
            ],
            [
              64.453507157000047,
              36.221127096000032
            ],
            [
              64.494332815000064,
              36.245825040000057
            ],
            [
              64.530055265000044,
              36.270515181000064
            ],
            [
              64.550468094000053,
              36.303423228000042
            ],
            [
              64.59639695900006,
              36.360978909000039
            ],
            [
              64.63211941000003,
              36.426704746000041
            ],
            [
              64.641713439000057,
              36.511737086000039
            ],
            [
              64.628649229000075,
              36.558973395000066
            ],
            [
              64.615585018000047,
              36.593070559000068
            ],
            [
              64.618851071000051,
              36.621910243000059
            ],
            [
              64.628649229000075,
              36.653359415000068
            ],
            [
              64.654777650000028,
              36.705746168000076
            ],
            [
              64.726630807000049,
              36.823485858000026
            ],
            [
              64.749493176000044,
              36.877062873000057
            ],
            [
              64.530055265000044,
              36.877062873000057
            ],
            [
              64.484126400000036,
              36.864815342000043
            ],
            [
              64.310617355000034,
              36.856649231000063
            ],
            [
              63.560445894000054,
              36.856649231000063
            ],
            [
              63.534929858000055,
              37.38562821000005
            ],
            [
              63.774780597000074,
              37.664889688000073
            ],
            [
              63.269563083000037,
              38.051685577000057
            ],
            [
              63.101157245000081,
              38.115954075000047
            ],
            [
              62.937854614000059,
              38.156093192000071
            ],
            [
              62.825584055000036,
              38.192199518000052
            ],
            [
              62.489384763000032,
              38.439965891000043
            ],
            [
              62.094192396000039,
              38.725911702000076
            ],
            [
              61.92109160800004,
              38.878628262000063
            ],
            [
              61.832908187000044,
              38.962482799000043
            ],
            [
              61.73492660800008,
              39.046238207000044
            ],
            [
              61.643477135000069,
              39.102020042000049
            ],
            [
              61.552027662000057,
              39.160290260000068
            ],
            [
              61.434449767000046,
              39.248869795000076
            ],
            [
              61.258082926000043,
              39.413078134000045
            ],
            [
              61.202560031000075,
              39.455961296000055
            ],
            [
              61.176431610000066,
              39.468568967000067
            ],
            [
              61.02945924200003,
              39.463526173000048
            ],
            [
              60.990266611000038,
              39.468568967000067
            ],
            [
              60.931477664000056,
              39.486215869000034
            ],
            [
              60.921679506000032,
              39.486215869000034
            ],
            [
              60.881262105000076,
              39.480071474000056
            ],
            [
              60.881262105000076,
              39.346020361000058
            ],
            [
              60.56996646500005,
              39.334179949000031
            ],
            [
              60.56996646500005,
              38.938353015000075
            ],
            [
              60.440681405000078,
              38.936554382000054
            ],
            [
              60.44335695500007,
              38.736482075000026
            ],
            [
              60.352471856000079,
              38.739873395000075
            ],
            [
              60.348291308000057,
              38.726828978000071
            ],
            [
              60.354562129000044,
              38.700732998000035
            ],
            [
              60.377555140000027,
              38.672995583000045
            ],
            [
              60.390096782000057,
              38.651777363000065
            ],
            [
              60.398457876000066,
              38.628919943000028
            ],
            [
              60.400548150000077,
              38.596253841000078
            ],
            [
              60.398457876000066,
              38.568475961000047
            ],
            [
              60.410999519000029,
              38.542322260000049
            ],
            [
              60.461166087000038,
              38.491622393000057
            ],
            [
              60.492520192000029,
              38.447435356000028
            ],
            [
              60.511332655000047,
              38.426150460000031
            ],
            [
              60.528054844000053,
              38.39503047900007
            ],
            [
              60.536415939000051,
              38.363897098000052
            ],
            [
              60.54686730700007,
              38.334389958000031
            ],
            [
              60.563589497000066,
              38.308151297000052
            ],
            [
              60.627734770000075,
              38.242718317000026
            ],
            [
              60.709386086000052,
              38.173426461000076
            ],
            [
              60.79103740100004,
              38.114348051000036
            ],
            [
              60.872688717000074,
              38.050078141000029
            ],
            [
              60.918413453000028,
              38.024354362000054
            ],
            [
              60.983734506000076,
              37.990899944000034
            ],
            [
              61.016395032000048,
              37.960005394000063
            ],
            [
              61.016395032000048,
              37.854350938000039
            ],
            [
              61.000064769000062,
              37.831138195000051
            ],
            [
              60.957606085000066,
              37.813078788000041
            ],
            [
              60.938009769000075,
              37.797595780000051
            ],
            [
              60.931477664000056,
              37.774365182000054
            ],
            [
              60.957606085000066,
              37.709797438000066
            ],
            [
              60.980468453000071,
              37.673614904000033
            ],
            [
              60.990266611000038,
              37.637414719000049
            ],
            [
              60.964138190000028,
              37.614133853000055
            ],
            [
              60.843294243000059,
              37.601196887000071
            ],
            [
              60.823697927000069,
              37.567550249000078
            ],
            [
              60.846560296000064,
              37.523527856000044
            ],
            [
              60.895551085000079,
              37.414655242000038
            ],
            [
              61.02945924200003,
              37.206840533000047
            ],
            [
              61.147037137000041,
              37.055815966000068
            ],
            [
              61.218890294000062,
              36.969753734000051
            ],
            [
              61.284211347000053,
              36.90971335200004
            ],
            [
              61.326670031000049,
              36.865305281000076
            ],
            [
              61.480174504000047,
              36.695271672000047
            ],
            [
              61.525899241000047,
              36.635015625000051
            ],
            [
              61.533476483000072,
              36.033247196000048
            ],
            [
              61.541837577000081,
              35.994359467000038
            ],
            [
              61.552288946000033,
              35.968987570000024
            ],
            [
              61.579462504000048,
              35.91821931000004
            ],
            [
              61.602455514000042,
              35.902982473000066
            ],
            [
              61.677705366000055,
              35.880968528000039
            ],
            [
              61.686066461000053,
              35.836922281000057
            ],
            [
              61.675615093000033,
              35.823364666000032
            ],
            [
              61.654712356000061,
              35.816584990000024
            ],
            [
              61.625448524000035,
              35.799633267000047
            ],
            [
              61.62335825100007,
              35.770807036000065
            ],
            [
              61.590607908000038,
              35.750386549000041
            ],
            [
              61.468130935000033,
              35.742102898000041
            ],
            [
              61.401789241000074,
              35.729675805000056
            ],
            [
              61.411995656000045,
              35.704815801000052
            ],
            [
              61.452821313000072,
              35.684093208000036
            ],
            [
              61.488543764000042,
              35.663365231000057
            ],
            [
              61.534472629000049,
              35.655072532000077
            ],
            [
              61.605917530000056,
              35.646778973000039
            ],
            [
              61.642170714000031,
              35.59763027200006
            ],
            [
              61.648441535000075,
              35.582331930000066
            ],
            [
              61.646351261000063,
              35.561929593000059
            ],
            [
              61.631719345000079,
              35.553427085000067
            ],
            [
              61.608726335000028,
              35.534718395000027
            ],
            [
              61.602455514000042,
              35.507497965000027
            ],
            [
              61.600365240000031,
              35.427484582000034
            ],
            [
              61.596184693000055,
              35.407042879000073
            ],
            [
              61.588978268681068,
              35.396763243107856
            ]
          ]
        ]
      }
    }
  ],
  "name": "Türkmenistan welaýats (ADM1)",
  "properties": {
    "source": "geoBoundaries",
    "boundary_id": "TKM-ADM1-27578892",
    "represented_year": 2007,
    "license": "Public Domain",
    "srid": 4326
  }
}
