{
  "type": "FeatureCollection",
  "name": "Türkmenistan settlements",
  "features": [
    {
      "type": "Feature",
      "properties": {
        "slug": "turkmenistan-123-nji-duralga",
        "name_tm": "123-nji duralga",
        "name_en": "123-nji duralga",
        "name_ru": "123-нжи дуралга",
        "type": "village",
        "parent_slug": "turkmenistan",
        "root_slug": null,
        "verification_status": "verification_required"
      },
      "geometry": {
        "type": "Point",
        "coordinates": [
          54.28101230000000043,
          39.55613879999999938
        ]
      }
    },
    {
      "type": "Feature",
      "properties": {
        "slug": "turkmenistan-ahal-ak-bugday-aksuw",
        "name_tm": "Aksuw",
        "name_en": "Aksuw",
        "name_ru": "Аксув",
        "type": "village",
        "parent_slug": "turkmenistan-ahal-ak-bugday",
        "root_slug": "turkmenistan-ahal",
        "verification_status": "verification_required"
      },
      "geometry": {
        "type": "Point",
        "coordinates": [
          59.01011510000000015,
          37.72432359999999819
        ]
      }
    },
    {
      "type": "Feature",
      "properties": {
        "slug": "turkmenistan-ahal-ak-bugday-akyayla",
        "name_tm": "Akýaýla",
        "name_en": "Akýaýla",
        "name_ru": "Ак яйла",
        "type": "village",
        "parent_slug": "turkmenistan-ahal-ak-bugday",
        "root_slug": "turkmenistan-ahal",
        "verification_status": "verification_required"
      },
      "geometry": {
        "type": "Point",
        "coordinates": [
          58.97469830000000001,
          37.78426350000000155
        ]
      }
    },
    {
      "type": "Feature",
      "properties": {
        "slug": "turkmenistan-ahal-ak-bugday-balykcy",
        "name_tm": "Balykçy",
        "name_en": "Balykçy",
        "name_ru": "Балыкчы",
        "type": "village",
        "parent_slug": "turkmenistan-ahal-ak-bugday",
        "root_slug": "turkmenistan-ahal",
        "verification_status": "verification_required"
      },
      "geometry": {
        "type": "Point",
        "coordinates": [
          59.10904750000000262,
          37.69913569999999937
        ]
      }
    },
    {
      "type": "Feature",
      "properties": {
        "slug": "turkmenistan-ahal-ak-bugday-bereket-bereket",
        "name_tm": "Bereket",
        "name_en": "Bereket",
        "name_ru": "Берекет",
        "type": "village",
        "parent_slug": "turkmenistan-ahal-ak-bugday-bereket",
        "root_slug": "turkmenistan-ahal",
        "verification_status": "verification_required"
      },
      "geometry": {
        "type": "Point",
        "coordinates": [
          58.90861650000000082,
          37.83253489999999886
        ]
      }
    },
    {
      "type": "Feature",
      "properties": {
        "slug": "turkmenistan-ahal-ak-bugday-bereketli-borjakly",
        "name_tm": "Borjakly",
        "name_en": "Borjakly",
        "name_ru": "Боржаклы",
        "type": "village",
        "parent_slug": "turkmenistan-ahal-ak-bugday-bereketli",
        "root_slug": "turkmenistan-ahal",
        "verification_status": "verification_required"
      },
      "geometry": {
        "type": "Point",
        "coordinates": [
          58.92184019999999834,
          40.08254600000000067
        ]
      }
    },
    {
      "type": "Feature",
      "properties": {
        "slug": "turkmenistan-ahal-ak-bugday-bereketli-bukri",
        "name_tm": "Bükri",
        "name_en": "Bükri",
        "name_ru": "Бекури",
        "type": "village",
        "parent_slug": "turkmenistan-ahal-ak-bugday-bereketli",
        "root_slug": "turkmenistan-ahal",
        "verification_status": "verification_required"
      },
      "geometry": {
        "type": "Point",
        "coordinates": [
          58.80076400000000091,
          39.95332520000000187
        ]
      }
    },
    {
      "type": "Feature",
      "properties": {
        "slug": "turkmenistan-ahal-ak-bugday-bereketli-gamysly",
        "name_tm": "Gamyşly",
        "name_en": "Gamyşly",
        "name_ru": "Камышлы",
        "type": "village",
        "parent_slug": "turkmenistan-ahal-ak-bugday-bereketli",
        "root_slug": "turkmenistan-ahal",
        "verification_status": "verification_required"
      },
      "geometry": {
        "type": "Point",
        "coordinates": [
          59.11988230000000044,
          39.73536359999999946
        ]
      }
    },
    {
      "type": "Feature",
      "properties": {
        "slug": "turkmenistan-ahal-ak-bugday-bereketli-gyzyltakyr",
        "name_tm": "Gyzyltakyr",
        "name_en": "Gyzyltakyr",
        "name_ru": "Кызылтакыр",
        "type": "village",
        "parent_slug": "turkmenistan-ahal-ak-bugday-bereketli",
        "root_slug": "turkmenistan-ahal",
        "verification_status": "verification_required"
      },
      "geometry": {
        "type": "Point",
        "coordinates": [
          58.79699039999999855,
          39.91457520000000158
        ]
      }
    },
    {
      "type": "Feature",
      "properties": {
        "slug": "turkmenistan-ahal-ak-bugday-bereketli-kukurtli",
        "name_tm": "Kükürtli",
        "name_en": "Kukurtli",
        "name_ru": "Серный завод",
        "type": "village",
        "parent_slug": "turkmenistan-ahal-ak-bugday-bereketli",
        "root_slug": "turkmenistan-ahal",
        "verification_status": "verification_required"
      },
      "geometry": {
        "type": "Point",
        "coordinates": [
          58.83065539999999772,
          39.98780190000000089
        ]
      }
    },
    {
      "type": "Feature",
      "properties": {
        "slug": "turkmenistan-ahal-ak-bugday-bereketli-sakarcage",
        "name_tm": "Sakarçäge",
        "name_en": "Sakarçäge",
        "name_ru": "Сакарчаге",
        "type": "village",
        "parent_slug": "turkmenistan-ahal-ak-bugday-bereketli",
        "root_slug": "turkmenistan-ahal",
        "verification_status": "verification_required"
      },
      "geometry": {
        "type": "Point",
        "coordinates": [
          58.93329370000000011,
          39.8690628000000018
        ]
      }
    },
    {
      "type": "Feature",
      "properties": {
        "slug": "turkmenistan-ahal-ak-bugday-bugdayly-bugdayly",
        "name_tm": "Bugdaýly",
        "name_en": "Bugdayly",
        "name_ru": "Бугдайлы",
        "type": "village",
        "parent_slug": "turkmenistan-ahal-ak-bugday-bugdayly",
        "root_slug": "turkmenistan-ahal",
        "verification_status": "verification_required"
      },
      "geometry": {
        "type": "Point",
        "coordinates": [
          58.74800439999999924,
          37.8482945000000015
        ]
      }
    },
    {
      "type": "Feature",
      "properties": {
        "slug": "turkmenistan-ahal-ak-bugday-bugdayly-saryk",
        "name_tm": "Saryk",
        "name_en": "Saryk",
        "name_ru": "Сарык",
        "type": "village",
        "parent_slug": "turkmenistan-ahal-ak-bugday-bugdayly",
        "root_slug": "turkmenistan-ahal",
        "verification_status": "verification_required"
      },
      "geometry": {
        "type": "Point",
        "coordinates": [
          58.79513620000000173,
          37.97304400000000157
        ]
      }
    },
    {
      "type": "Feature",
      "properties": {
        "slug": "turkmenistan-ahal-ak-bugday-bugdayly-tokay-hojalygy",
        "name_tm": "Tokaý hojalygy",
        "name_en": "Tokaý hojalygy",
        "name_ru": "Лесопитомник",
        "type": "village",
        "parent_slug": "turkmenistan-ahal-ak-bugday-bugdayly",
        "root_slug": "turkmenistan-ahal",
        "verification_status": "verification_required"
      },
      "geometry": {
        "type": "Point",
        "coordinates": [
          58.74759009999999649,
          37.91558400000000262
        ]
      }
    },
    {
      "type": "Feature",
      "properties": {
        "slug": "turkmenistan-ahal-ak-bugday-burunojar-mekan",
        "name_tm": "Mekan",
        "name_en": "Mekan",
        "name_ru": "Мекан",
        "type": "village",
        "parent_slug": "turkmenistan-ahal-ak-bugday-burunojar",
        "root_slug": "turkmenistan-ahal",
        "verification_status": "verification_required"
      },
      "geometry": {
        "type": "Point",
        "coordinates": [
          58.93863040000000097,
          37.88479879999999867
        ]
      }
    },
    {
      "type": "Feature",
      "properties": {
        "slug": "turkmenistan-ahal-ak-bugday-dawaly",
        "name_tm": "Dawaly",
        "name_en": "Dawaly",
        "name_ru": "Давалы",
        "type": "village",
        "parent_slug": "turkmenistan-ahal-ak-bugday",
        "root_slug": "turkmenistan-ahal",
        "verification_status": "verification_required"
      },
      "geometry": {
        "type": "Point",
        "coordinates": [
          59.1133981999999989,
          38.74179939999999789
        ]
      }
    },
    {
      "type": "Feature",
      "properties": {
        "slug": "turkmenistan-ahal-ak-bugday-dingli-obasy",
        "name_tm": "Dingli obasy",
        "name_en": "Diňli",
        "name_ru": "Дингли обасы",
        "type": "village",
        "parent_slug": "turkmenistan-ahal-ak-bugday",
        "root_slug": "turkmenistan-ahal",
        "verification_status": "verification_required"
      },
      "geometry": {
        "type": "Point",
        "coordinates": [
          58.86139889999999753,
          39.94332210000000317
        ]
      }
    },
    {
      "type": "Feature",
      "properties": {
        "slug": "turkmenistan-ahal-ak-bugday-dowletli-mekan",
        "name_tm": "Döwletli mekan",
        "name_en": "Döwletli mekan",
        "name_ru": "Довлетли мекан",
        "type": "village",
        "parent_slug": "turkmenistan-ahal-ak-bugday",
        "root_slug": "turkmenistan-ahal",
        "verification_status": "verification_required"
      },
      "geometry": {
        "type": "Point",
        "coordinates": [
          58.53461819999999705,
          37.9789002999999994
        ]
      }
    },
    {
      "type": "Feature",
      "properties": {
        "slug": "turkmenistan-ahal-ak-bugday-egriguyy",
        "name_tm": "Egriguýy",
        "name_en": "Egriguýy",
        "name_ru": "Егригуйы",
        "type": "village",
        "parent_slug": "turkmenistan-ahal-ak-bugday",
        "root_slug": "turkmenistan-ahal",
        "verification_status": "verification_required"
      },
      "geometry": {
        "type": "Point",
        "coordinates": [
          58.91392710000000221,
          41.87957879999999732
        ]
      }
    },
    {
      "type": "Feature",
      "properties": {
        "slug": "turkmenistan-ahal-ak-bugday-gami-gami",
        "name_tm": "Gämi",
        "name_en": "Gämi",
        "name_ru": "Гями",
        "type": "village",
        "parent_slug": "turkmenistan-ahal-ak-bugday-gami",
        "root_slug": "turkmenistan-ahal",
        "verification_status": "verification_required"
      },
      "geometry": {
        "type": "Point",
        "coordinates": [
          58.47213839999999863,
          37.91041630000000139
        ]
      }
    },
    {
      "type": "Feature",
      "properties": {
        "slug": "turkmenistan-ahal-ak-bugday-gami-yeketut",
        "name_tm": "Ýeketut",
        "name_en": "Ýeketut",
        "name_ru": "Йекетут",
        "type": "village",
        "parent_slug": "turkmenistan-ahal-ak-bugday-gami",
        "root_slug": "turkmenistan-ahal",
        "verification_status": "verification_required"
      },
      "geometry": {
        "type": "Point",
        "coordinates": [
          58.4519404999999992,
          37.93577290000000347
        ]
      }
    },
    {
      "type": "Feature",
      "properties": {
        "slug": "turkmenistan-ahal-ak-bugday-gaplanly",
        "name_tm": "Gaplanly",
        "name_en": "Gaplanly",
        "name_ru": "Гапланлы",
        "type": "village",
        "parent_slug": "turkmenistan-ahal-ak-bugday",
        "root_slug": "turkmenistan-ahal",
        "verification_status": "verification_required"
      },
      "geometry": {
        "type": "Point",
        "coordinates": [
          58.65444899999999962,
          38.09695800000000076
        ]
      }
    },
    {
      "type": "Feature",
      "properties": {
        "slug": "turkmenistan-ahal-ak-bugday-garagum-village",
        "name_tm": "Garagum",
        "name_en": "Garagum",
        "name_ru": "Каракум",
        "type": "village",
        "parent_slug": "turkmenistan-ahal-ak-bugday",
        "root_slug": "turkmenistan-ahal",
        "verification_status": "verification_required"
      },
      "geometry": {
        "type": "Point",
        "coordinates": [
          59.1034316000000004,
          37.84870790000000084
        ]
      }
    },
    {
      "type": "Feature",
      "properties": {
        "slug": "turkmenistan-ahal-ak-bugday-garrycyrla",
        "name_tm": "Garryçyrla",
        "name_en": "Garryçyrla",
        "name_ru": "Гаррычырла",
        "type": "village",
        "parent_slug": "turkmenistan-ahal-ak-bugday",
        "root_slug": "turkmenistan-ahal",
        "verification_status": "verification_required"
      },
      "geometry": {
        "type": "Point",
        "coordinates": [
          58.93593580000000287,
          38.73506470000000234
        ]
      }
    },
    {
      "type": "Feature",
      "properties": {
        "slug": "turkmenistan-ahal-ak-bugday-gawers",
        "name_tm": "Gäwers",
        "name_en": "Gäwers",
        "name_ru": "Гяурс",
        "type": "village",
        "parent_slug": "turkmenistan-ahal-ak-bugday",
        "root_slug": "turkmenistan-ahal",
        "verification_status": "verification_required"
      },
      "geometry": {
        "type": "Point",
        "coordinates": [
          58.72980760000000088,
          37.7957970000000003
        ]
      }
    },
    {
      "type": "Feature",
      "properties": {
        "slug": "turkmenistan-ahal-ak-bugday-gawers-bekedi",
        "name_tm": "Gäwers bekedi",
        "name_en": "Gäwers bekedi",
        "name_ru": "Гаверс бекеди",
        "type": "village",
        "parent_slug": "turkmenistan-ahal-ak-bugday",
        "root_slug": "turkmenistan-ahal",
        "verification_status": "verification_required"
      },
      "geometry": {
        "type": "Point",
        "coordinates": [
          58.75150250000000085,
          37.82868799999999965
        ]
      }
    },
    {
      "type": "Feature",
      "properties": {
        "slug": "turkmenistan-ahal-ak-bugday-gazykly",
        "name_tm": "Gazykly",
        "name_en": "Gazykly",
        "name_ru": "Газыклы",
        "type": "village",
        "parent_slug": "turkmenistan-ahal-ak-bugday",
        "root_slug": "turkmenistan-ahal",
        "verification_status": "verification_required"
      },
      "geometry": {
        "type": "Point",
        "coordinates": [
          59.06560640000000006,
          38.63029850000000209
        ]
      }
    },
    {
      "type": "Feature",
      "properties": {
        "slug": "turkmenistan-ahal-ak-bugday-gobekli",
        "name_tm": "Göbekli",
        "name_en": "Göbekli",
        "name_ru": "Гобекли",
        "type": "village",
        "parent_slug": "turkmenistan-ahal-ak-bugday",
        "root_slug": "turkmenistan-ahal",
        "verification_status": "verification_required"
      },
      "geometry": {
        "type": "Point",
        "coordinates": [
          58.66067960000000169,
          38.41918270000000035
        ]
      }
    },
    {
      "type": "Feature",
      "properties": {
        "slug": "turkmenistan-ahal-ak-bugday-gosalar",
        "name_tm": "Goşalar",
        "name_en": "Goşalar",
        "name_ru": "Гошалар",
        "type": "village",
        "parent_slug": "turkmenistan-ahal-ak-bugday",
        "root_slug": "turkmenistan-ahal",
        "verification_status": "verification_required"
      },
      "geometry": {
        "type": "Point",
        "coordinates": [
          58.653435199999997,
          38.48962960000000066
        ]
      }
    },
    {
      "type": "Feature",
      "properties": {
        "slug": "turkmenistan-ahal-ak-bugday-gunesli",
        "name_tm": "Güneşli",
        "name_en": "Güneşli",
        "name_ru": "Гунешли",
        "type": "village",
        "parent_slug": "turkmenistan-ahal-ak-bugday",
        "root_slug": "turkmenistan-ahal",
        "verification_status": "verification_required"
      },
      "geometry": {
        "type": "Point",
        "coordinates": [
          58.5731613999999965,
          38.44539489999999659
        ]
      }
    },
    {
      "type": "Feature",
      "properties": {
        "slug": "turkmenistan-ahal-ak-bugday-gyzylsakal",
        "name_tm": "Gyzylsakal",
        "name_en": "Gyzylsakal",
        "name_ru": "Гызылсакал",
        "type": "village",
        "parent_slug": "turkmenistan-ahal-ak-bugday",
        "root_slug": "turkmenistan-ahal",
        "verification_status": "verification_required"
      },
      "geometry": {
        "type": "Point",
        "coordinates": [
          58.75069690000000122,
          38.92142330000000072
        ]
      }
    },
    {
      "type": "Feature",
      "properties": {
        "slug": "turkmenistan-ahal-ak-bugday-hajyguly",
        "name_tm": "Hajyguly",
        "name_en": "Hajyguly",
        "name_ru": "Хажыгулы",
        "type": "village",
        "parent_slug": "turkmenistan-ahal-ak-bugday",
        "root_slug": "turkmenistan-ahal",
        "verification_status": "verification_required"
      },
      "geometry": {
        "type": "Point",
        "coordinates": [
          59.00464999999999805,
          38.51120410000000049
        ]
      }
    },
    {
      "type": "Feature",
      "properties": {
        "slug": "turkmenistan-ahal-ak-bugday-kelleli",
        "name_tm": "Kelleli",
        "name_en": "Kelleli",
        "name_ru": "Келлели",
        "type": "village",
        "parent_slug": "turkmenistan-ahal-ak-bugday",
        "root_slug": "turkmenistan-ahal",
        "verification_status": "verification_required"
      },
      "geometry": {
        "type": "Point",
        "coordinates": [
          58.80639070000000145,
          38.7546588000000014
        ]
      }
    },
    {
      "type": "Feature",
      "properties": {
        "slug": "turkmenistan-ahal-ak-bugday-kerpicli",
        "name_tm": "Kerpiçli",
        "name_en": "Kerpiçli",
        "name_ru": "Керпичли",
        "type": "village",
        "parent_slug": "turkmenistan-ahal-ak-bugday",
        "root_slug": "turkmenistan-ahal",
        "verification_status": "verification_required"
      },
      "geometry": {
        "type": "Point",
        "coordinates": [
          59.16853079999999921,
          38.90354099999999704
        ]
      }
    },
    {
      "type": "Feature",
      "properties": {
        "slug": "turkmenistan-ahal-ak-bugday-magtymguly-adyndaky-magtymguly",
        "name_tm": "Magtymguly",
        "name_en": "Magtymguly",
        "name_ru": "Магтымгулы",
        "type": "village",
        "parent_slug": "turkmenistan-ahal-ak-bugday-magtymguly-adyndaky",
        "root_slug": "turkmenistan-ahal",
        "verification_status": "verification_required"
      },
      "geometry": {
        "type": "Point",
        "coordinates": [
          58.51709290000000152,
          37.88509100000000274
        ]
      }
    },
    {
      "type": "Feature",
      "properties": {
        "slug": "turkmenistan-ahal-ak-bugday-mollagurban",
        "name_tm": "Mollagurban",
        "name_en": "Mollagurban",
        "name_ru": "Моллагурбан",
        "type": "village",
        "parent_slug": "turkmenistan-ahal-ak-bugday",
        "root_slug": "turkmenistan-ahal",
        "verification_status": "verification_required"
      },
      "geometry": {
        "type": "Point",
        "coordinates": [
          59.21156049999999738,
          38.7319705999999968
        ]
      }
    },
    {
      "type": "Feature",
      "properties": {
        "slug": "turkmenistan-ahal-ak-bugday-onaldy-gaplan",
        "name_tm": "Gaplan",
        "name_en": "Gaplan",
        "name_ru": "Гаплан",
        "type": "village",
        "parent_slug": "turkmenistan-ahal-ak-bugday-onaldy",
        "root_slug": "turkmenistan-ahal",
        "verification_status": "verification_required"
      },
      "geometry": {
        "type": "Point",
        "coordinates": [
          58.65421169999999763,
          38.09681559999999934
        ]
      }
    },
    {
      "type": "Feature",
      "properties": {
        "slug": "turkmenistan-ahal-ak-bugday-onaldy-garadamak",
        "name_tm": "Garadamak",
        "name_en": "Garadamak",
        "name_ru": "Карадамак",
        "type": "village",
        "parent_slug": "turkmenistan-ahal-ak-bugday-onaldy",
        "root_slug": "turkmenistan-ahal",
        "verification_status": "verification_required"
      },
      "geometry": {
        "type": "Point",
        "coordinates": [
          58.60994269999999773,
          38.05673689999999709
        ]
      }
    },
    {
      "type": "Feature",
      "properties": {
        "slug": "turkmenistan-ahal-ak-bugday-onaldy-kesikburun",
        "name_tm": "Kesikburun",
        "name_en": "Kesikburun",
        "name_ru": "Кесикбурун",
        "type": "village",
        "parent_slug": "turkmenistan-ahal-ak-bugday-onaldy",
        "root_slug": "turkmenistan-ahal",
        "verification_status": "verification_required"
      },
      "geometry": {
        "type": "Point",
        "coordinates": [
          58.47708570000000349,
          38.02070049999999667
        ]
      }
    },
    {
      "type": "Feature",
      "properties": {
        "slug": "turkmenistan-ahal-ak-bugday-onaldy-korcay",
        "name_tm": "Körçaý",
        "name_en": "Körçaý",
        "name_ru": "Корчай",
        "type": "village",
        "parent_slug": "turkmenistan-ahal-ak-bugday-onaldy",
        "root_slug": "turkmenistan-ahal",
        "verification_status": "verification_required"
      },
      "geometry": {
        "type": "Point",
        "coordinates": [
          58.5481035000000034,
          37.9819923000000017
        ]
      }
    },
    {
      "type": "Feature",
      "properties": {
        "slug": "turkmenistan-ahal-ak-bugday-onaldy-narly",
        "name_tm": "Narly",
        "name_en": "Narly",
        "name_ru": "Нарлы",
        "type": "village",
        "parent_slug": "turkmenistan-ahal-ak-bugday-onaldy",
        "root_slug": "turkmenistan-ahal",
        "verification_status": "verification_required"
      },
      "geometry": {
        "type": "Point",
        "coordinates": [
          58.66656629999999951,
          38.28098279999999675
        ]
      }
    },
    {
      "type": "Feature",
      "properties": {
        "slug": "turkmenistan-ahal-ak-bugday-onaldy-nazarly",
        "name_tm": "Nazarly",
        "name_en": "Nazarly",
        "name_ru": "Назарлы",
        "type": "village",
        "parent_slug": "turkmenistan-ahal-ak-bugday-onaldy",
        "root_slug": "turkmenistan-ahal",
        "verification_status": "verification_required"
      },
      "geometry": {
        "type": "Point",
        "coordinates": [
          58.3879495999999989,
          38.16386930000000177
        ]
      }
    },
    {
      "type": "Feature",
      "properties": {
        "slug": "turkmenistan-ahal-ak-bugday-onaldy-onaldy",
        "name_tm": "Oňaldy",
        "name_en": "Onaldy",
        "name_ru": "Оналды",
        "type": "village",
        "parent_slug": "turkmenistan-ahal-ak-bugday-onaldy",
        "root_slug": "turkmenistan-ahal",
        "verification_status": "verification_required"
      },
      "geometry": {
        "type": "Point",
        "coordinates": [
          58.61501059999999797,
          38.00527269999999902
        ]
      }
    },
    {
      "type": "Feature",
      "properties": {
        "slug": "turkmenistan-ahal-ak-bugday-onaldy-torannyly",
        "name_tm": "Toraňňyly",
        "name_en": "Toraňňyly",
        "name_ru": "Тораннылы",
        "type": "village",
        "parent_slug": "turkmenistan-ahal-ak-bugday-onaldy",
        "root_slug": "turkmenistan-ahal",
        "verification_status": "verification_required"
      },
      "geometry": {
        "type": "Point",
        "coordinates": [
          58.39722890000000177,
          38.14076479999999947
        ]
      }
    },
    {
      "type": "Feature",
      "properties": {
        "slug": "turkmenistan-ahal-ak-bugday-onaldy-tozanly",
        "name_tm": "Tozanly",
        "name_en": "Tozanly",
        "name_ru": "Тозанлы",
        "type": "village",
        "parent_slug": "turkmenistan-ahal-ak-bugday-onaldy",
        "root_slug": "turkmenistan-ahal",
        "verification_status": "verification_required"
      },
      "geometry": {
        "type": "Point",
        "coordinates": [
          58.45178909999999917,
          38.05293989999999838
        ]
      }
    },
    {
      "type": "Feature",
      "properties": {
        "slug": "turkmenistan-ahal-ak-bugday-owgan-obasy",
        "name_tm": "Owgan obasy",
        "name_en": "Owgan obasy",
        "name_ru": "Овган обасы",
        "type": "village",
        "parent_slug": "turkmenistan-ahal-ak-bugday",
        "root_slug": "turkmenistan-ahal",
        "verification_status": "verification_required"
      },
      "geometry": {
        "type": "Point",
        "coordinates": [
          58.7529755999999992,
          37.88525719999999808
        ]
      }
    },
    {
      "type": "Feature",
      "properties": {
        "slug": "turkmenistan-ahal-ak-bugday-oyukly",
        "name_tm": "Oýukly",
        "name_en": "Oýukly",
        "name_ru": "Оюклы",
        "type": "village",
        "parent_slug": "turkmenistan-ahal-ak-bugday",
        "root_slug": "turkmenistan-ahal",
        "verification_status": "verification_required"
      },
      "geometry": {
        "type": "Point",
        "coordinates": [
          58.74871079999999779,
          38.4735732999999982
        ]
      }
    },
    {
      "type": "Feature",
      "properties": {
        "slug": "turkmenistan-ahal-ak-bugday-parahat-parahat",
        "name_tm": "Parahat",
        "name_en": "Parahat",
        "name_ru": "Парахат",
        "type": "village",
        "parent_slug": "turkmenistan-ahal-ak-bugday-parahat",
        "root_slug": "turkmenistan-ahal",
        "verification_status": "verification_required"
      },
      "geometry": {
        "type": "Point",
        "coordinates": [
          59.03753079999999898,
          37.83386569999999693
        ]
      }
    },
    {
      "type": "Feature",
      "properties": {
        "slug": "turkmenistan-ahal-ak-bugday-sahra-bozkol",
        "name_tm": "Bozköl",
        "name_en": "Bozköl",
        "name_ru": "Бозкол",
        "type": "village",
        "parent_slug": "turkmenistan-ahal-ak-bugday-sahra",
        "root_slug": "turkmenistan-ahal",
        "verification_status": "verification_required"
      },
      "geometry": {
        "type": "Point",
        "coordinates": [
          58.94692909999999842,
          38.12520649999999733
        ]
      }
    },
    {
      "type": "Feature",
      "properties": {
        "slug": "turkmenistan-ahal-ak-bugday-sahra-bussy",
        "name_tm": "Bussy",
        "name_en": "Bussy",
        "name_ru": "Буссы",
        "type": "village",
        "parent_slug": "turkmenistan-ahal-ak-bugday-sahra",
        "root_slug": "turkmenistan-ahal",
        "verification_status": "verification_required"
      },
      "geometry": {
        "type": "Point",
        "coordinates": [
          58.60964270000000198,
          38.75430610000000086
        ]
      }
    },
    {
      "type": "Feature",
      "properties": {
        "slug": "turkmenistan-ahal-ak-bugday-sahra-calys",
        "name_tm": "Çalyş",
        "name_en": "Çalyş",
        "name_ru": "Чалыш",
        "type": "village",
        "parent_slug": "turkmenistan-ahal-ak-bugday-sahra",
        "root_slug": "turkmenistan-ahal",
        "verification_status": "verification_required"
      },
      "geometry": {
        "type": "Point",
        "coordinates": [
          58.50234710000000148,
          38.67433309999999836
        ]
      }
    },
    {
      "type": "Feature",
      "properties": {
        "slug": "turkmenistan-ahal-ak-bugday-sahra-corli",
        "name_tm": "Çörli",
        "name_en": "Çörli",
        "name_ru": "Чорли",
        "type": "village",
        "parent_slug": "turkmenistan-ahal-ak-bugday-sahra",
        "root_slug": "turkmenistan-ahal",
        "verification_status": "verification_required"
      },
      "geometry": {
        "type": "Point",
        "coordinates": [
          58.8679052000000027,
          38.20519629999999722
        ]
      }
    },
    {
      "type": "Feature",
      "properties": {
        "slug": "turkmenistan-ahal-ak-bugday-sahra-curcuri",
        "name_tm": "Çürçüri",
        "name_en": "Çürçüri",
        "name_ru": "Чурчури",
        "type": "village",
        "parent_slug": "turkmenistan-ahal-ak-bugday-sahra",
        "root_slug": "turkmenistan-ahal",
        "verification_status": "verification_required"
      },
      "geometry": {
        "type": "Point",
        "coordinates": [
          59.15322139999999962,
          38.96110829999999937
        ]
      }
    },
    {
      "type": "Feature",
      "properties": {
        "slug": "turkmenistan-ahal-ak-bugday-sahra-derya",
        "name_tm": "Derýa",
        "name_en": "Derýa",
        "name_ru": "Деря",
        "type": "village",
        "parent_slug": "turkmenistan-ahal-ak-bugday-sahra",
        "root_slug": "turkmenistan-ahal",
        "verification_status": "verification_required"
      },
      "geometry": {
        "type": "Point",
        "coordinates": [
          58.7533637000000013,
          37.88510019999999656
        ]
      }
    },
    {
      "type": "Feature",
      "properties": {
        "slug": "turkmenistan-ahal-ak-bugday-sahra-duyeli",
        "name_tm": "Düýeli",
        "name_en": "Düýeli",
        "name_ru": "Дуйели",
        "type": "village",
        "parent_slug": "turkmenistan-ahal-ak-bugday-sahra",
        "root_slug": "turkmenistan-ahal",
        "verification_status": "verification_required"
      },
      "geometry": {
        "type": "Point",
        "coordinates": [
          58.65423100000000289,
          38.84436170000000032
        ]
      }
    },
    {
      "type": "Feature",
      "properties": {
        "slug": "turkmenistan-ahal-ak-bugday-sahra-garaberdi",
        "name_tm": "Garaberdi",
        "name_en": "Garaberdi",
        "name_ru": "Гараберди",
        "type": "village",
        "parent_slug": "turkmenistan-ahal-ak-bugday-sahra",
        "root_slug": "turkmenistan-ahal",
        "verification_status": "verification_required"
      },
      "geometry": {
        "type": "Point",
        "coordinates": [
          58.68077790000000248,
          38.60773689999999903
        ]
      }
    },
    {
      "type": "Feature",
      "properties": {
        "slug": "turkmenistan-ahal-ak-bugday-sahra-gargalandinlisi",
        "name_tm": "Gargalaňdiňlisi",
        "name_en": "Gargalaňdiňlisi",
        "name_ru": "Гаргаландинлиси",
        "type": "village",
        "parent_slug": "turkmenistan-ahal-ak-bugday-sahra",
        "root_slug": "turkmenistan-ahal",
        "verification_status": "verification_required"
      },
      "geometry": {
        "type": "Point",
        "coordinates": [
          58.8051341999999977,
          38.82963389999999749
        ]
      }
    },
    {
      "type": "Feature",
      "properties": {
        "slug": "turkmenistan-ahal-ak-bugday-sahra-garryja",
        "name_tm": "Garryja",
        "name_en": "Garryja",
        "name_ru": "Гаррыжа",
        "type": "village",
        "parent_slug": "turkmenistan-ahal-ak-bugday-sahra",
        "root_slug": "turkmenistan-ahal",
        "verification_status": "verification_required"
      },
      "geometry": {
        "type": "Point",
        "coordinates": [
          58.53120979999999918,
          38.69191099999999751
        ]
      }
    },
    {
      "type": "Feature",
      "properties": {
        "slug": "turkmenistan-ahal-ak-bugday-sahra-gowsakgyzyltakyr",
        "name_tm": "Gowşakgyzyltakyr",
        "name_en": "Gowşakgyzyltakyr",
        "name_ru": "Говшакгызылтакыр",
        "type": "village",
        "parent_slug": "turkmenistan-ahal-ak-bugday-sahra",
        "root_slug": "turkmenistan-ahal",
        "verification_status": "verification_required"
      },
      "geometry": {
        "type": "Point",
        "coordinates": [
          58.82505079999999965,
          39.2748995999999977
        ]
      }
    },
    {
      "type": "Feature",
      "properties": {
        "slug": "turkmenistan-ahal-ak-bugday-sahra-gujurly",
        "name_tm": "Gujurly",
        "name_en": "Gujurly",
        "name_ru": "Гуджурлы",
        "type": "village",
        "parent_slug": "turkmenistan-ahal-ak-bugday-sahra",
        "root_slug": "turkmenistan-ahal",
        "verification_status": "verification_required"
      },
      "geometry": {
        "type": "Point",
        "coordinates": [
          58.97286940000000043,
          38.98129380000000311
        ]
      }
    },
    {
      "type": "Feature",
      "properties": {
        "slug": "turkmenistan-ahal-ak-bugday-sahra-gypjak",
        "name_tm": "Gypjak",
        "name_en": "Gypjak",
        "name_ru": "Гыпжак",
        "type": "village",
        "parent_slug": "turkmenistan-ahal-ak-bugday-sahra",
        "root_slug": "turkmenistan-ahal",
        "verification_status": "verification_required"
      },
      "geometry": {
        "type": "Point",
        "coordinates": [
          58.91011939999999925,
          37.98043189999999925
        ]
      }
    },
    {
      "type": "Feature",
      "properties": {
        "slug": "turkmenistan-ahal-ak-bugday-sahra-gysy",
        "name_tm": "Gysy",
        "name_en": "Gysy",
        "name_ru": "Гысы",
        "type": "village",
        "parent_slug": "turkmenistan-ahal-ak-bugday-sahra",
        "root_slug": "turkmenistan-ahal",
        "verification_status": "verification_required"
      },
      "geometry": {
        "type": "Point",
        "coordinates": [
          58.94789200000000306,
          38.00859200000000015
        ]
      }
    },
    {
      "type": "Feature",
      "properties": {
        "slug": "turkmenistan-ahal-ak-bugday-sahra-oraz",
        "name_tm": "Oraz",
        "name_en": "Oraz",
        "name_ru": "Ораз",
        "type": "village",
        "parent_slug": "turkmenistan-ahal-ak-bugday-sahra",
        "root_slug": "turkmenistan-ahal",
        "verification_status": "verification_required"
      },
      "geometry": {
        "type": "Point",
        "coordinates": [
          58.96974980000000243,
          39.31261889999999681
        ]
      }
    },
    {
      "type": "Feature",
      "properties": {
        "slug": "turkmenistan-ahal-ak-bugday-sahra-sahra",
        "name_tm": "Sähra",
        "name_en": "Sähra",
        "name_ru": "Сахра",
        "type": "village",
        "parent_slug": "turkmenistan-ahal-ak-bugday-sahra",
        "root_slug": "turkmenistan-ahal",
        "verification_status": "verification_required"
      },
      "geometry": {
        "type": "Point",
        "coordinates": [
          58.83662580000000019,
          37.88568570000000336
        ]
      }
    },
    {
      "type": "Feature",
      "properties": {
        "slug": "turkmenistan-ahal-ak-bugday-sahra-yerbent",
        "name_tm": "Ýerbent",
        "name_en": "Ýerbent",
        "name_ru": "Ербент",
        "type": "village",
        "parent_slug": "turkmenistan-ahal-ak-bugday-sahra",
        "root_slug": "turkmenistan-ahal",
        "verification_status": "verification_required"
      },
      "geometry": {
        "type": "Point",
        "coordinates": [
          58.59804450000000031,
          39.31606899999999883
        ]
      }
    },
    {
      "type": "Feature",
      "properties": {
        "slug": "turkmenistan-ahal-ak-bugday-sozenli",
        "name_tm": "Sözenli",
        "name_en": "Sözenli",
        "name_ru": "Созенли",
        "type": "village",
        "parent_slug": "turkmenistan-ahal-ak-bugday",
        "root_slug": "turkmenistan-ahal",
        "verification_status": "verification_required"
      },
      "geometry": {
        "type": "Point",
        "coordinates": [
          58.83570110000000141,
          40.08846309999999847
        ]
      }
    },
    {
      "type": "Feature",
      "properties": {
        "slug": "turkmenistan-ahal-ak-bugday-taze-durmus",
        "name_tm": "Täze Durmuş",
        "name_en": "Täze Durmuş",
        "name_ru": "Тазе Дурмуш",
        "type": "village",
        "parent_slug": "turkmenistan-ahal-ak-bugday",
        "root_slug": "turkmenistan-ahal",
        "verification_status": "verification_required"
      },
      "geometry": {
        "type": "Point",
        "coordinates": [
          58.58706430000000153,
          37.93085010000000067
        ]
      }
    },
    {
      "type": "Feature",
      "properties": {
        "slug": "turkmenistan-ahal-ak-bugday-tazedurmus-87-nji-duralga",
        "name_tm": "87-nji duralga",
        "name_en": "87-nji duralga",
        "name_ru": "Разъезд № 87",
        "type": "village",
        "parent_slug": "turkmenistan-ahal-ak-bugday-tazedurmus",
        "root_slug": "turkmenistan-ahal",
        "verification_status": "verification_required"
      },
      "geometry": {
        "type": "Point",
        "coordinates": [
          58.6704271999999989,
          37.87037519999999802
        ]
      }
    },
    {
      "type": "Feature",
      "properties": {
        "slug": "turkmenistan-ahal-ak-bugday-tazedurmus-88-nji-duralga",
        "name_tm": "88-nji duralga",
        "name_en": "88-nji duralga",
        "name_ru": "88-нжи дуралга",
        "type": "village",
        "parent_slug": "turkmenistan-ahal-ak-bugday-tazedurmus",
        "root_slug": "turkmenistan-ahal",
        "verification_status": "verification_required"
      },
      "geometry": {
        "type": "Point",
        "coordinates": [
          58.59938850000000343,
          37.89884789999999982
        ]
      }
    },
    {
      "type": "Feature",
      "properties": {
        "slug": "turkmenistan-ahal-ak-bugday-tazedurmus-garanur",
        "name_tm": "Garanur",
        "name_en": "Garanur",
        "name_ru": "Гаранур",
        "type": "village",
        "parent_slug": "turkmenistan-ahal-ak-bugday-tazedurmus",
        "root_slug": "turkmenistan-ahal",
        "verification_status": "verification_required"
      },
      "geometry": {
        "type": "Point",
        "coordinates": [
          58.57086979999999699,
          37.95185510000000307
        ]
      }
    },
    {
      "type": "Feature",
      "properties": {
        "slug": "turkmenistan-ahal-ak-bugday-tazedurmus-ginoy",
        "name_tm": "Giňoý",
        "name_en": "Giňoý",
        "name_ru": "Гиной",
        "type": "village",
        "parent_slug": "turkmenistan-ahal-ak-bugday-tazedurmus",
        "root_slug": "turkmenistan-ahal",
        "verification_status": "verification_required"
      },
      "geometry": {
        "type": "Point",
        "coordinates": [
          58.66646180000000043,
          37.975147800000002
        ]
      }
    },
    {
      "type": "Feature",
      "properties": {
        "slug": "turkmenistan-ahal-ak-bugday-tazedurmus-gyzylgoz",
        "name_tm": "Gyzylgöz",
        "name_en": "Gyzylgöz",
        "name_ru": "Гызылгоз",
        "type": "village",
        "parent_slug": "turkmenistan-ahal-ak-bugday-tazedurmus",
        "root_slug": "turkmenistan-ahal",
        "verification_status": "verification_required"
      },
      "geometry": {
        "type": "Point",
        "coordinates": [
          58.6666304000000025,
          37.95448869999999886
        ]
      }
    },
    {
      "type": "Feature",
      "properties": {
        "slug": "turkmenistan-ahal-ak-bugday-tazedurmus-tazedurmus",
        "name_tm": "Täzedurmuş",
        "name_en": "Täzedurmuş",
        "name_ru": "Тазедурмуш",
        "type": "village",
        "parent_slug": "turkmenistan-ahal-ak-bugday-tazedurmus",
        "root_slug": "turkmenistan-ahal",
        "verification_status": "verification_required"
      },
      "geometry": {
        "type": "Point",
        "coordinates": [
          58.58655279999999977,
          37.93127470000000301
        ]
      }
    },
    {
      "type": "Feature",
      "properties": {
        "slug": "turkmenistan-ahal-ak-bugday-tazeoba",
        "name_tm": "Täzeoba",
        "name_en": "Täzeoba",
        "name_ru": "Тазеоба",
        "type": "village",
        "parent_slug": "turkmenistan-ahal-ak-bugday",
        "root_slug": "turkmenistan-ahal",
        "verification_status": "verification_required"
      },
      "geometry": {
        "type": "Point",
        "coordinates": [
          58.86288499999999857,
          37.9816020000000023
        ]
      }
    },
    {
      "type": "Feature",
      "properties": {
        "slug": "turkmenistan-ahal-ak-bugday-towekgel",
        "name_tm": "Töwekgel",
        "name_en": "Töwekgel",
        "name_ru": "Товекгел",
        "type": "village",
        "parent_slug": "turkmenistan-ahal-ak-bugday",
        "root_slug": "turkmenistan-ahal",
        "verification_status": "verification_required"
      },
      "geometry": {
        "type": "Point",
        "coordinates": [
          58.98046850000000063,
          38.75164350000000013
        ]
      }
    },
    {
      "type": "Feature",
      "properties": {
        "slug": "turkmenistan-ahal-ak-bugday-yaslyk-bekedi",
        "name_tm": "Ýaşlyk bekedi",
        "name_en": "Ýaşlyk bekedi",
        "name_ru": "Яшлык бекеди",
        "type": "village",
        "parent_slug": "turkmenistan-ahal-ak-bugday",
        "root_slug": "turkmenistan-ahal",
        "verification_status": "verification_required"
      },
      "geometry": {
        "type": "Point",
        "coordinates": [
          58.8993739000000005,
          37.76893230000000302
        ]
      }
    },
    {
      "type": "Feature",
      "properties": {
        "slug": "turkmenistan-ahal-ak-bugday-yasyldepe-yasyldepe",
        "name_tm": "Ýaşyldepe",
        "name_en": "Ýaşyldepe",
        "name_ru": "Яшыл депе",
        "type": "village",
        "parent_slug": "turkmenistan-ahal-ak-bugday-yasyldepe",
        "root_slug": "turkmenistan-ahal",
        "verification_status": "verification_required"
      },
      "geometry": {
        "type": "Point",
        "coordinates": [
          58.84467500000000228,
          37.80583620000000166
        ]
      }
    },
    {
      "type": "Feature",
      "properties": {
        "slug": "turkmenistan-ahal-altyn-asyr-altyn-asyr-balykcy",
        "name_tm": "Balykçy",
        "name_en": "Balykçy",
        "name_ru": "Балыкчы",
        "type": "village",
        "parent_slug": "turkmenistan-ahal-altyn-asyr-altyn-asyr",
        "root_slug": "turkmenistan-ahal",
        "verification_status": "verification_required"
      },
      "geometry": {
        "type": "Point",
        "coordinates": [
          60.68636010000000169,
          37.07805799999999863
        ]
      }
    },
    {
      "type": "Feature",
      "properties": {
        "slug": "turkmenistan-ahal-altyn-asyr-altyn-asyr-cace-cace",
        "name_tm": "Çäçe",
        "name_en": "Çäçe",
        "name_ru": "Чаче",
        "type": "village",
        "parent_slug": "turkmenistan-ahal-altyn-asyr-altyn-asyr-cace",
        "root_slug": "turkmenistan-ahal",
        "verification_status": "verification_required"
      },
      "geometry": {
        "type": "Point",
        "coordinates": [
          60.47130539999999855,
          36.75779550000000028
        ]
      }
    },
    {
      "type": "Feature",
      "properties": {
        "slug": "turkmenistan-ahal-altyn-asyr-altyn-asyr-danecilik",
        "name_tm": "Däneçilik",
        "name_en": "Däneçilik",
        "name_ru": "Данечилик",
        "type": "village",
        "parent_slug": "turkmenistan-ahal-altyn-asyr-altyn-asyr",
        "root_slug": "turkmenistan-ahal",
        "verification_status": "verification_required"
      },
      "geometry": {
        "type": "Point",
        "coordinates": [
          60.92638900000000035,
          37.39695960000000241
        ]
      }
    },
    {
      "type": "Feature",
      "properties": {
        "slug": "turkmenistan-ahal-altyn-asyr-altyn-asyr-dowletli-dowletli",
        "name_tm": "Döwletli",
        "name_en": "Döwletli",
        "name_ru": "Довлетли",
        "type": "village",
        "parent_slug": "turkmenistan-ahal-altyn-asyr-altyn-asyr-dowletli",
        "root_slug": "turkmenistan-ahal",
        "verification_status": "verification_required"
      },
      "geometry": {
        "type": "Point",
        "coordinates": [
          60.53945019999999744,
          37.39537700000000343
        ]
      }
    },
    {
      "type": "Feature",
      "properties": {
        "slug": "turkmenistan-ahal-altyn-asyr-altyn-asyr-galkynys",
        "name_tm": "Galkynyş",
        "name_en": "Galkynyş",
        "name_ru": "Галкыныш",
        "type": "village",
        "parent_slug": "turkmenistan-ahal-altyn-asyr-altyn-asyr",
        "root_slug": "turkmenistan-ahal",
        "verification_status": "verification_required"
      },
      "geometry": {
        "type": "Point",
        "coordinates": [
          60.75518950000000018,
          37.36033479999999684
        ]
      }
    },
    {
      "type": "Feature",
      "properties": {
        "slug": "turkmenistan-ahal-altyn-asyr-altyn-asyr-goksuyri",
        "name_tm": "Göksüýri",
        "name_en": "Göksüýri",
        "name_ru": "Гёксюйри",
        "type": "village",
        "parent_slug": "turkmenistan-ahal-altyn-asyr-altyn-asyr",
        "root_slug": "turkmenistan-ahal",
        "verification_status": "verification_required"
      },
      "geometry": {
        "type": "Point",
        "coordinates": [
          60.74418219999999736,
          37.45411039999999759
        ]
      }
    },
    {
      "type": "Feature",
      "properties": {
        "slug": "turkmenistan-ahal-altyn-asyr-altyn-asyr-gurban-durdy-village",
        "name_tm": "Gurban Durdy",
        "name_en": "Gurban Durdy",
        "name_ru": "Гурбан дурды",
        "type": "village",
        "parent_slug": "turkmenistan-ahal-altyn-asyr-altyn-asyr",
        "root_slug": "turkmenistan-ahal",
        "verification_status": "verification_required"
      },
      "geometry": {
        "type": "Point",
        "coordinates": [
          60.79237030000000174,
          37.38520429999999806
        ]
      }
    },
    {
      "type": "Feature",
      "properties": {
        "slug": "turkmenistan-ahal-altyn-asyr-altyn-asyr-mane-mane",
        "name_tm": "Mäne",
        "name_en": "Mäne",
        "name_ru": "Мяне",
        "type": "village",
        "parent_slug": "turkmenistan-ahal-altyn-asyr-altyn-asyr-mane",
        "root_slug": "turkmenistan-ahal",
        "verification_status": "verification_required"
      },
      "geometry": {
        "type": "Point",
        "coordinates": [
          60.40003409999999918,
          36.87680100000000038
        ]
      }
    },
    {
      "type": "Feature",
      "properties": {
        "slug": "turkmenistan-ahal-altyn-asyr-altyn-asyr-waharman-ak-altyn",
        "name_tm": "Ak altyn",
        "name_en": "Ak altyn",
        "name_ru": "Ак алтын",
        "type": "village",
        "parent_slug": "turkmenistan-ahal-altyn-asyr-altyn-asyr-waharman",
        "root_slug": "turkmenistan-ahal",
        "verification_status": "verification_required"
      },
      "geometry": {
        "type": "Point",
        "coordinates": [
          60.27666239999999931,
          37.6146053000000009
        ]
      }
    },
    {
      "type": "Feature",
      "properties": {
        "slug": "turkmenistan-ahal-altyn-asyr-altyn-asyr-waharman-bugdayly",
        "name_tm": "Bugdaýly",
        "name_en": "Bugdaýly",
        "name_ru": "Бугдайлы",
        "type": "village",
        "parent_slug": "turkmenistan-ahal-altyn-asyr-altyn-asyr-waharman",
        "root_slug": "turkmenistan-ahal",
        "verification_status": "verification_required"
      },
      "geometry": {
        "type": "Point",
        "coordinates": [
          60.76485749999999797,
          37.29837510000000122
        ]
      }
    },
    {
      "type": "Feature",
      "properties": {
        "slug": "turkmenistan-ahal-altyn-asyr-altyn-asyr-waharman-lukman",
        "name_tm": "Lukman",
        "name_en": "Lukman",
        "name_ru": "Лукман",
        "type": "village",
        "parent_slug": "turkmenistan-ahal-altyn-asyr-altyn-asyr-waharman",
        "root_slug": "turkmenistan-ahal",
        "verification_status": "verification_required"
      },
      "geometry": {
        "type": "Point",
        "coordinates": [
          60.58008780000000115,
          37.33420950000000004
        ]
      }
    },
    {
      "type": "Feature",
      "properties": {
        "slug": "turkmenistan-ahal-altyn-asyr-altyn-asyr-waharman-maldarcylyk",
        "name_tm": "Maldarçylyk",
        "name_en": "Maldarçylyk",
        "name_ru": "Малдарчылык",
        "type": "village",
        "parent_slug": "turkmenistan-ahal-altyn-asyr-altyn-asyr-waharman",
        "root_slug": "turkmenistan-ahal",
        "verification_status": "verification_required"
      },
      "geometry": {
        "type": "Point",
        "coordinates": [
          60.72396309999999887,
          37.27402150000000348
        ]
      }
    },
    {
      "type": "Feature",
      "properties": {
        "slug": "turkmenistan-ahal-altyn-asyr-altyn-asyr-waharman-waharman",
        "name_tm": "Waharman",
        "name_en": "Waharman",
        "name_ru": "Вахарман",
        "type": "village",
        "parent_slug": "turkmenistan-ahal-altyn-asyr-altyn-asyr-waharman",
        "root_slug": "turkmenistan-ahal",
        "verification_status": "verification_required"
      },
      "geometry": {
        "type": "Point",
        "coordinates": [
          60.58889390000000219,
          37.34246819999999901
        ]
      }
    },
    {
      "type": "Feature",
      "properties": {
        "slug": "turkmenistan-ahal-babadayhan-babadayhan-ak-altyn-ak-altyn",
        "name_tm": "Ak altyn",
        "name_en": "Ak altyn",
        "name_ru": "Ак алтын",
        "type": "village",
        "parent_slug": "turkmenistan-ahal-babadayhan-babadayhan-ak-altyn",
        "root_slug": "turkmenistan-ahal",
        "verification_status": "verification_required"
      },
      "geometry": {
        "type": "Point",
        "coordinates": [
          60.27215530000000143,
          37.61322930000000042
        ]
      }
    },
    {
      "type": "Feature",
      "properties": {
        "slug": "turkmenistan-ahal-babadayhan-babadayhan-akwekil-akwekil",
        "name_tm": "Akwekil",
        "name_en": "Akwekil",
        "name_ru": "Аквекиль",
        "type": "village",
        "parent_slug": "turkmenistan-ahal-babadayhan-babadayhan-akwekil",
        "root_slug": "turkmenistan-ahal",
        "verification_status": "verification_required"
      },
      "geometry": {
        "type": "Point",
        "coordinates": [
          60.4202413000000007,
          37.64875179999999944
        ]
      }
    },
    {
      "type": "Feature",
      "properties": {
        "slug": "turkmenistan-ahal-babadayhan-babadayhan-akwekil-cili",
        "name_tm": "Çili",
        "name_en": "Çili",
        "name_ru": "Чили",
        "type": "village",
        "parent_slug": "turkmenistan-ahal-babadayhan-babadayhan-akwekil",
        "root_slug": "turkmenistan-ahal",
        "verification_status": "verification_required"
      },
      "geometry": {
        "type": "Point",
        "coordinates": [
          60.53698190000000067,
          37.64514549999999816
        ]
      }
    },
    {
      "type": "Feature",
      "properties": {
        "slug": "turkmenistan-ahal-babadayhan-babadayhan-akwekil-obasy",
        "name_tm": "Akwekil obasy",
        "name_en": "Akwekil obasy",
        "name_ru": "Аквекил обасы",
        "type": "village",
        "parent_slug": "turkmenistan-ahal-babadayhan-babadayhan",
        "root_slug": "turkmenistan-ahal",
        "verification_status": "verification_required"
      },
      "geometry": {
        "type": "Point",
        "coordinates": [
          60.42594679999999841,
          37.64669219999999683
        ]
      }
    },
    {
      "type": "Feature",
      "properties": {
        "slug": "turkmenistan-ahal-babadayhan-babadayhan-alty-garlyyew",
        "name_tm": "Alty Garlyýew",
        "name_en": "Alty Garlyýew",
        "name_ru": "Алты гарлыйев",
        "type": "village",
        "parent_slug": "turkmenistan-ahal-babadayhan-babadayhan",
        "root_slug": "turkmenistan-ahal",
        "verification_status": "verification_required"
      },
      "geometry": {
        "type": "Point",
        "coordinates": [
          60.15830590000000199,
          37.87752090000000038
        ]
      }
    },
    {
      "type": "Feature",
      "properties": {
        "slug": "turkmenistan-ahal-babadayhan-babadayhan-babadayhan-babadayhan",
        "name_tm": "Babadaýhan",
        "name_en": "Babadaýhan",
        "name_ru": "Бабадайхан",
        "type": "village",
        "parent_slug": "turkmenistan-ahal-babadayhan-babadayhan-babadayhan",
        "root_slug": "turkmenistan-ahal",
        "verification_status": "verification_required"
      },
      "geometry": {
        "type": "Point",
        "coordinates": [
          60.55331730000000334,
          37.48571809999999971
        ]
      }
    },
    {
      "type": "Feature",
      "properties": {
        "slug": "turkmenistan-ahal-babadayhan-babadayhan-garawekil-garajaowlak",
        "name_tm": "Garajaowlak",
        "name_en": "Garajaowlak",
        "name_ru": "Гаражаовлак",
        "type": "village",
        "parent_slug": "turkmenistan-ahal-babadayhan-babadayhan-garawekil",
        "root_slug": "turkmenistan-ahal",
        "verification_status": "verification_required"
      },
      "geometry": {
        "type": "Point",
        "coordinates": [
          59.83296320000000179,
          38.39659919999999715
        ]
      }
    },
    {
      "type": "Feature",
      "properties": {
        "slug": "turkmenistan-ahal-babadayhan-babadayhan-garawekil-garawekil",
        "name_tm": "Garawekil",
        "name_en": "Garawekil",
        "name_ru": "Каравекиль",
        "type": "village",
        "parent_slug": "turkmenistan-ahal-babadayhan-babadayhan-garawekil",
        "root_slug": "turkmenistan-ahal",
        "verification_status": "verification_required"
      },
      "geometry": {
        "type": "Point",
        "coordinates": [
          60.39887939999999845,
          37.72218199999999654
        ]
      }
    },
    {
      "type": "Feature",
      "properties": {
        "slug": "turkmenistan-ahal-babadayhan-babadayhan-hasyl-hasyl",
        "name_tm": "Hasyl",
        "name_en": "Hasyl",
        "name_ru": "Хасыл",
        "type": "village",
        "parent_slug": "turkmenistan-ahal-babadayhan-babadayhan-hasyl",
        "root_slug": "turkmenistan-ahal",
        "verification_status": "verification_required"
      },
      "geometry": {
        "type": "Point",
        "coordinates": [
          60.40448750000000188,
          37.62381349999999713
        ]
      }
    },
    {
      "type": "Feature",
      "properties": {
        "slug": "turkmenistan-ahal-babadayhan-babadayhan-tazeyol-gotin",
        "name_tm": "Götin",
        "name_en": "Götin",
        "name_ru": "Готин",
        "type": "village",
        "parent_slug": "turkmenistan-ahal-babadayhan-babadayhan-tazeyol",
        "root_slug": "turkmenistan-ahal",
        "verification_status": "verification_required"
      },
      "geometry": {
        "type": "Point",
        "coordinates": [
          60.30397810000000191,
          38.06988700000000136
        ]
      }
    },
    {
      "type": "Feature",
      "properties": {
        "slug": "turkmenistan-ahal-babadayhan-babadayhan-tazeyol-tazeyol",
        "name_tm": "Täzeýol",
        "name_en": "Täzeýol",
        "name_ru": "Тазеёл",
        "type": "village",
        "parent_slug": "turkmenistan-ahal-babadayhan-babadayhan-tazeyol",
        "root_slug": "turkmenistan-ahal",
        "verification_status": "verification_required"
      },
      "geometry": {
        "type": "Point",
        "coordinates": [
          60.32907120000000134,
          37.89422700000000077
        ]
      }
    },
    {
      "type": "Feature",
      "properties": {
        "slug": "turkmenistan-ahal-babadayhan-babadayhan-yarygokje-yarygokje",
        "name_tm": "Ýarygökje",
        "name_en": "Ýarygökje",
        "name_ru": "Ярыгокже",
        "type": "village",
        "parent_slug": "turkmenistan-ahal-babadayhan-babadayhan-yarygokje",
        "root_slug": "turkmenistan-ahal",
        "verification_status": "verification_required"
      },
      "geometry": {
        "type": "Point",
        "coordinates": [
          60.31522720000000248,
          37.64604369999999989
        ]
      }
    },
    {
      "type": "Feature",
      "properties": {
        "slug": "turkmenistan-ahal-babadayhan-babadayhan-zahmet-mamur",
        "name_tm": "Mamur",
        "name_en": "Mamur",
        "name_ru": "Мамур",
        "type": "village",
        "parent_slug": "turkmenistan-ahal-babadayhan-babadayhan-zahmet",
        "root_slug": "turkmenistan-ahal",
        "verification_status": "verification_required"
      },
      "geometry": {
        "type": "Point",
        "coordinates": [
          60.38391359999999964,
          37.8193739000000022
        ]
      }
    },
    {
      "type": "Feature",
      "properties": {
        "slug": "turkmenistan-ahal-babadayhan-babadayhan-zahmet-zahmet",
        "name_tm": "Zähmet",
        "name_en": "Zähmet",
        "name_ru": "Захмет",
        "type": "village",
        "parent_slug": "turkmenistan-ahal-babadayhan-babadayhan-zahmet",
        "root_slug": "turkmenistan-ahal",
        "verification_status": "verification_required"
      },
      "geometry": {
        "type": "Point",
        "coordinates": [
          60.30484620000000006,
          37.84082750000000317
        ]
      }
    },
    {
      "type": "Feature",
      "properties": {
        "slug": "turkmenistan-ahal-baherden-baherden-akdepe-97-nji-duralga",
        "name_tm": "97-nji duralga",
        "name_en": "97-nji duralga",
        "name_ru": "97-нжи дуралга",
        "type": "village",
        "parent_slug": "turkmenistan-ahal-baherden-baherden-akdepe",
        "root_slug": "turkmenistan-ahal",
        "verification_status": "verification_required"
      },
      "geometry": {
        "type": "Point",
        "coordinates": [
          57.61023360000000081,
          38.33612610000000131
        ]
      }
    },
    {
      "type": "Feature",
      "properties": {
        "slug": "turkmenistan-ahal-baherden-baherden-akdepe-akdepe",
        "name_tm": "Akdepe",
        "name_en": "Akdepe",
        "name_ru": "Акдепе",
        "type": "village",
        "parent_slug": "turkmenistan-ahal-baherden-baherden-akdepe",
        "root_slug": "turkmenistan-ahal",
        "verification_status": "verification_required"
      },
      "geometry": {
        "type": "Point",
        "coordinates": [
          57.59712449999999962,
          38.31121310000000336
        ]
      }
    },
    {
      "type": "Feature",
      "properties": {
        "slug": "turkmenistan-ahal-baherden-baherden-arcman-bekedi",
        "name_tm": "Arçman bekedi",
        "name_en": "Arçman bekedi",
        "name_ru": "Арчман бекеди",
        "type": "village",
        "parent_slug": "turkmenistan-ahal-baherden-baherden",
        "root_slug": "turkmenistan-ahal",
        "verification_status": "verification_required"
      },
      "geometry": {
        "type": "Point",
        "coordinates": [
          57.13110069999999752,
          38.58925270000000297
        ]
      }
    },
    {
      "type": "Feature",
      "properties": {
        "slug": "turkmenistan-ahal-baherden-baherden-bamy-bamy",
        "name_tm": "Bamy",
        "name_en": "Bamy",
        "name_ru": "Бамы",
        "type": "village",
        "parent_slug": "turkmenistan-ahal-baherden-baherden-bamy",
        "root_slug": "turkmenistan-ahal",
        "verification_status": "verification_required"
      },
      "geometry": {
        "type": "Point",
        "coordinates": [
          56.79804370000000091,
          38.73048579999999674
        ]
      }
    },
    {
      "type": "Feature",
      "properties": {
        "slug": "turkmenistan-ahal-baherden-baherden-bamy-ymarat",
        "name_tm": "Ymarat",
        "name_en": "Ymarat",
        "name_ru": "Ымарат",
        "type": "village",
        "parent_slug": "turkmenistan-ahal-baherden-baherden-bamy",
        "root_slug": "turkmenistan-ahal",
        "verification_status": "verification_required"
      },
      "geometry": {
        "type": "Point",
        "coordinates": [
          56.68432289999999796,
          38.58632639999999724
        ]
      }
    },
    {
      "type": "Feature",
      "properties": {
        "slug": "turkmenistan-ahal-baherden-baherden-borme-103-nji-duralga",
        "name_tm": "103-nji duralga",
        "name_en": "103-nji duralga",
        "name_ru": "103-нжи дуралга",
        "type": "village",
        "parent_slug": "turkmenistan-ahal-baherden-baherden-borme",
        "root_slug": "turkmenistan-ahal",
        "verification_status": "verification_required"
      },
      "geometry": {
        "type": "Point",
        "coordinates": [
          56.98698290000000099,
          38.65294469999999905
        ]
      }
    },
    {
      "type": "Feature",
      "properties": {
        "slug": "turkmenistan-ahal-baherden-baherden-borme-borme",
        "name_tm": "Börme",
        "name_en": "Börme",
        "name_ru": "Борме",
        "type": "village",
        "parent_slug": "turkmenistan-ahal-baherden-baherden-borme",
        "root_slug": "turkmenistan-ahal",
        "verification_status": "verification_required"
      },
      "geometry": {
        "type": "Point",
        "coordinates": [
          56.91046659999999946,
          38.65303920000000204
        ]
      }
    },
    {
      "type": "Feature",
      "properties": {
        "slug": "turkmenistan-ahal-baherden-baherden-dowgala-dowgala",
        "name_tm": "Döwgala",
        "name_en": "Döwgala",
        "name_ru": "Дёвкала",
        "type": "village",
        "parent_slug": "turkmenistan-ahal-baherden-baherden-dowgala",
        "root_slug": "turkmenistan-ahal",
        "verification_status": "verification_required"
      },
      "geometry": {
        "type": "Point",
        "coordinates": [
          57.61624940000000094,
          38.29433430000000272
        ]
      }
    },
    {
      "type": "Feature",
      "properties": {
        "slug": "turkmenistan-ahal-baherden-baherden-durun-durun",
        "name_tm": "Durun",
        "name_en": "Durun",
        "name_ru": "Дурун",
        "type": "village",
        "parent_slug": "turkmenistan-ahal-baherden-baherden-durun",
        "root_slug": "turkmenistan-ahal",
        "verification_status": "verification_required"
      },
      "geometry": {
        "type": "Point",
        "coordinates": [
          57.46624400000000321,
          38.39845340000000106
        ]
      }
    },
    {
      "type": "Feature",
      "properties": {
        "slug": "turkmenistan-ahal-baherden-baherden-garagan-garagan",
        "name_tm": "Garagan",
        "name_en": "Garagan",
        "name_ru": "Караган",
        "type": "village",
        "parent_slug": "turkmenistan-ahal-baherden-baherden-garagan",
        "root_slug": "turkmenistan-ahal",
        "verification_status": "verification_required"
      },
      "geometry": {
        "type": "Point",
        "coordinates": [
          57.49560639999999979,
          38.37085609999999747
        ]
      }
    },
    {
      "type": "Feature",
      "properties": {
        "slug": "turkmenistan-ahal-baherden-baherden-garawul-garawul",
        "name_tm": "Garawul",
        "name_en": "Garawul",
        "name_ru": "Караул",
        "type": "village",
        "parent_slug": "turkmenistan-ahal-baherden-baherden-garawul",
        "root_slug": "turkmenistan-ahal",
        "verification_status": "verification_required"
      },
      "geometry": {
        "type": "Point",
        "coordinates": [
          57.03455999999999904,
          38.38641859999999895
        ]
      }
    },
    {
      "type": "Feature",
      "properties": {
        "slug": "turkmenistan-ahal-baherden-baherden-garawul-konegummez",
        "name_tm": "Könegümmez",
        "name_en": "Könegümmez",
        "name_ru": "Конегуммез",
        "type": "village",
        "parent_slug": "turkmenistan-ahal-baherden-baherden-garawul",
        "root_slug": "turkmenistan-ahal",
        "verification_status": "verification_required"
      },
      "geometry": {
        "type": "Point",
        "coordinates": [
          56.96022940000000289,
          38.38372669999999686
        ]
      }
    },
    {
      "type": "Feature",
      "properties": {
        "slug": "turkmenistan-ahal-baherden-baherden-keletdag",
        "name_tm": "Keletdag",
        "name_en": "Keletdag",
        "name_ru": "Келетдаг",
        "type": "village",
        "parent_slug": "turkmenistan-ahal-baherden-baherden",
        "root_slug": "turkmenistan-ahal",
        "verification_status": "verification_required"
      },
      "geometry": {
        "type": "Point",
        "coordinates": [
          57.13091099999999756,
          38.60400510000000195
        ]
      }
    },
    {
      "type": "Feature",
      "properties": {
        "slug": "turkmenistan-ahal-baherden-baherden-kirpili-atabeg",
        "name_tm": "Atabeg",
        "name_en": "Atabeg",
        "name_ru": "Атабек",
        "type": "village",
        "parent_slug": "turkmenistan-ahal-baherden-baherden-kirpili",
        "root_slug": "turkmenistan-ahal",
        "verification_status": "verification_required"
      },
      "geometry": {
        "type": "Point",
        "coordinates": [
          57.50469919999999747,
          39.6478065000000015
        ]
      }
    },
    {
      "type": "Feature",
      "properties": {
        "slug": "turkmenistan-ahal-baherden-baherden-kirpili-hajyolen",
        "name_tm": "Hajyölen",
        "name_en": "Hajyölen",
        "name_ru": "Хажыолен",
        "type": "village",
        "parent_slug": "turkmenistan-ahal-baherden-baherden-kirpili",
        "root_slug": "turkmenistan-ahal",
        "verification_status": "verification_required"
      },
      "geometry": {
        "type": "Point",
        "coordinates": [
          57.31561940000000276,
          38.74313500000000232
        ]
      }
    },
    {
      "type": "Feature",
      "properties": {
        "slug": "turkmenistan-ahal-baherden-baherden-kirpili-kirpili",
        "name_tm": "Kirpili",
        "name_en": "Kirpili",
        "name_ru": "Кирпили",
        "type": "village",
        "parent_slug": "turkmenistan-ahal-baherden-baherden-kirpili",
        "root_slug": "turkmenistan-ahal",
        "verification_status": "verification_required"
      },
      "geometry": {
        "type": "Point",
        "coordinates": [
          57.22660340000000189,
          39.58823610000000315
        ]
      }
    },
    {
      "type": "Feature",
      "properties": {
        "slug": "turkmenistan-ahal-baherden-baherden-kirpili-sozenlioyy",
        "name_tm": "Sözenlioýy",
        "name_en": "Sözenlioýy",
        "name_ru": "Созенлиойы",
        "type": "village",
        "parent_slug": "turkmenistan-ahal-baherden-baherden-kirpili",
        "root_slug": "turkmenistan-ahal",
        "verification_status": "verification_required"
      },
      "geometry": {
        "type": "Point",
        "coordinates": [
          57.71866579999999658,
          40.0610658000000015
        ]
      }
    },
    {
      "type": "Feature",
      "properties": {
        "slug": "turkmenistan-ahal-baherden-baherden-mammetyar",
        "name_tm": "Mämmetýar",
        "name_en": "Mämmetýar",
        "name_ru": "Мамметяр",
        "type": "village",
        "parent_slug": "turkmenistan-ahal-baherden-baherden",
        "root_slug": "turkmenistan-ahal",
        "verification_status": "verification_required"
      },
      "geometry": {
        "type": "Point",
        "coordinates": [
          58.45198560000000043,
          38.87615879999999891
        ]
      }
    },
    {
      "type": "Feature",
      "properties": {
        "slug": "turkmenistan-ahal-baherden-baherden-murce-etegoyy",
        "name_tm": "Etegoýy",
        "name_en": "Etegoýy",
        "name_ru": "Этегойы",
        "type": "village",
        "parent_slug": "turkmenistan-ahal-baherden-baherden-murce",
        "root_slug": "turkmenistan-ahal",
        "verification_status": "verification_required"
      },
      "geometry": {
        "type": "Point",
        "coordinates": [
          57.40660259999999938,
          38.48569890000000271
        ]
      }
    },
    {
      "type": "Feature",
      "properties": {
        "slug": "turkmenistan-ahal-baherden-baherden-murce-murce",
        "name_tm": "Mürçe",
        "name_en": "Mürçe",
        "name_ru": "Мурче",
        "type": "village",
        "parent_slug": "turkmenistan-ahal-baherden-baherden-murce",
        "root_slug": "turkmenistan-ahal",
        "verification_status": "verification_required"
      },
      "geometry": {
        "type": "Point",
        "coordinates": [
          57.3913579000000027,
          38.4476772000000011
        ]
      }
    },
    {
      "type": "Feature",
      "properties": {
        "slug": "turkmenistan-ahal-baherden-baherden-murce-tagyoyy",
        "name_tm": "Tagyoýy",
        "name_en": "Tagyoýy",
        "name_ru": "Тагыойы",
        "type": "village",
        "parent_slug": "turkmenistan-ahal-baherden-baherden-murce",
        "root_slug": "turkmenistan-ahal",
        "verification_status": "verification_required"
      },
      "geometry": {
        "type": "Point",
        "coordinates": [
          57.36786610000000052,
          38.57083930000000294
        ]
      }
    },
    {
      "type": "Feature",
      "properties": {
        "slug": "turkmenistan-ahal-baherden-baherden-nohur-nohur",
        "name_tm": "Nohur",
        "name_en": "Nohur",
        "name_ru": "Нохур",
        "type": "village",
        "parent_slug": "turkmenistan-ahal-baherden-baherden-nohur",
        "root_slug": "turkmenistan-ahal",
        "verification_status": "verification_required"
      },
      "geometry": {
        "type": "Point",
        "coordinates": [
          57.03299260000000003,
          38.47764589999999885
        ]
      }
    },
    {
      "type": "Feature",
      "properties": {
        "slug": "turkmenistan-ahal-baherden-baherden-saywan-dest",
        "name_tm": "Deşt",
        "name_en": "Deşt",
        "name_ru": "Дешт",
        "type": "village",
        "parent_slug": "turkmenistan-ahal-baherden-baherden-saywan",
        "root_slug": "turkmenistan-ahal",
        "verification_status": "verification_required"
      },
      "geometry": {
        "type": "Point",
        "coordinates": [
          56.8325995000000006,
          38.51216809999999668
        ]
      }
    },
    {
      "type": "Feature",
      "properties": {
        "slug": "turkmenistan-ahal-baherden-baherden-saywan-saywan",
        "name_tm": "Saýwan",
        "name_en": "Saýwan",
        "name_ru": "Сайван",
        "type": "village",
        "parent_slug": "turkmenistan-ahal-baherden-baherden-saywan",
        "root_slug": "turkmenistan-ahal",
        "verification_status": "verification_required"
      },
      "geometry": {
        "type": "Point",
        "coordinates": [
          56.74172000000000082,
          38.50744430000000307
        ]
      }
    },
    {
      "type": "Feature",
      "properties": {
        "slug": "turkmenistan-ahal-baherden-baherden-sunce-100-nji-duralga",
        "name_tm": "100-nji duralga",
        "name_en": "100-nji duralga",
        "name_ru": "100-нжи дуралга",
        "type": "village",
        "parent_slug": "turkmenistan-ahal-baherden-baherden-sunce",
        "root_slug": "turkmenistan-ahal",
        "verification_status": "verification_required"
      },
      "geometry": {
        "type": "Point",
        "coordinates": [
          57.33030910000000091,
          38.50036839999999927
        ]
      }
    },
    {
      "type": "Feature",
      "properties": {
        "slug": "turkmenistan-ahal-baherden-baherden-sunce-sunce",
        "name_tm": "Sünçe",
        "name_en": "Sünçe",
        "name_ru": "Сунче",
        "type": "village",
        "parent_slug": "turkmenistan-ahal-baherden-baherden-sunce",
        "root_slug": "turkmenistan-ahal",
        "verification_status": "verification_required"
      },
      "geometry": {
        "type": "Point",
        "coordinates": [
          57.30394280000000151,
          38.49024430000000052
        ]
      }
    },
    {
      "type": "Feature",
      "properties": {
        "slug": "turkmenistan-ahal-baherden-baherden-yarajy-kelete",
        "name_tm": "Kelete",
        "name_en": "Kelete",
        "name_ru": "Келята",
        "type": "village",
        "parent_slug": "turkmenistan-ahal-baherden-baherden-yarajy",
        "root_slug": "turkmenistan-ahal",
        "verification_status": "verification_required"
      },
      "geometry": {
        "type": "Point",
        "coordinates": [
          57.70962769999999865,
          38.28344690000000127
        ]
      }
    },
    {
      "type": "Feature",
      "properties": {
        "slug": "turkmenistan-ahal-baherden-baherden-yarajy-yarajy",
        "name_tm": "Ýarajy",
        "name_en": "Ýarajy",
        "name_ru": "Яраджи",
        "type": "village",
        "parent_slug": "turkmenistan-ahal-baherden-baherden-yarajy",
        "root_slug": "turkmenistan-ahal",
        "verification_status": "verification_required"
      },
      "geometry": {
        "type": "Point",
        "coordinates": [
          57.6802872000000022,
          38.28528459999999711
        ]
      }
    },
    {
      "type": "Feature",
      "properties": {
        "slug": "turkmenistan-ahal-gokdepe-gokdepe-ahal-ahal",
        "name_tm": "Ahal",
        "name_en": "Ahal",
        "name_ru": "Ахал",
        "type": "village",
        "parent_slug": "turkmenistan-ahal-gokdepe-gokdepe-ahal",
        "root_slug": "turkmenistan-ahal",
        "verification_status": "verification_required"
      },
      "geometry": {
        "type": "Point",
        "coordinates": [
          58.01512050000000186,
          38.2215428000000017
        ]
      }
    },
    {
      "type": "Feature",
      "properties": {
        "slug": "turkmenistan-ahal-gokdepe-gokdepe-ahal-cyrla",
        "name_tm": "Çyrla",
        "name_en": "Çyrla",
        "name_ru": "Чырла",
        "type": "village",
        "parent_slug": "turkmenistan-ahal-gokdepe-gokdepe-ahal",
        "root_slug": "turkmenistan-ahal",
        "verification_status": "verification_required"
      },
      "geometry": {
        "type": "Point",
        "coordinates": [
          58.09936400000000134,
          38.70720000000000027
        ]
      }
    },
    {
      "type": "Feature",
      "properties": {
        "slug": "turkmenistan-ahal-gokdepe-gokdepe-ahal-gatyduyp",
        "name_tm": "Gatydüýp",
        "name_en": "Gatydüýp",
        "name_ru": "Гатыдуйп",
        "type": "village",
        "parent_slug": "turkmenistan-ahal-gokdepe-gokdepe-ahal",
        "root_slug": "turkmenistan-ahal",
        "verification_status": "verification_required"
      },
      "geometry": {
        "type": "Point",
        "coordinates": [
          58.11009980000000041,
          39.29336959999999835
        ]
      }
    },
    {
      "type": "Feature",
      "properties": {
        "slug": "turkmenistan-ahal-gokdepe-gokdepe-ahal-gorya",
        "name_tm": "Gorýa",
        "name_en": "Gorýa",
        "name_ru": "Горя",
        "type": "village",
        "parent_slug": "turkmenistan-ahal-gokdepe-gokdepe-ahal",
        "root_slug": "turkmenistan-ahal",
        "verification_status": "verification_required"
      },
      "geometry": {
        "type": "Point",
        "coordinates": [
          58.1492874999999998,
          39.45894470000000354
        ]
      }
    },
    {
      "type": "Feature",
      "properties": {
        "slug": "turkmenistan-ahal-gokdepe-gokdepe-ahal-gosatakyr",
        "name_tm": "Goşatakyr",
        "name_en": "Goşatakyr",
        "name_ru": "Гошатакыр",
        "type": "village",
        "parent_slug": "turkmenistan-ahal-gokdepe-gokdepe-ahal",
        "root_slug": "turkmenistan-ahal",
        "verification_status": "verification_required"
      },
      "geometry": {
        "type": "Point",
        "coordinates": [
          58.19297699999999907,
          39.31682099999999735
        ]
      }
    },
    {
      "type": "Feature",
      "properties": {
        "slug": "turkmenistan-ahal-gokdepe-gokdepe-ahal-gutlyayak",
        "name_tm": "Gutlyaýak",
        "name_en": "Gutlyaýak",
        "name_ru": "Гутлыаяк",
        "type": "village",
        "parent_slug": "turkmenistan-ahal-gokdepe-gokdepe-ahal",
        "root_slug": "turkmenistan-ahal",
        "verification_status": "verification_required"
      },
      "geometry": {
        "type": "Point",
        "coordinates": [
          58.1071530999999979,
          38.84352919999999898
        ]
      }
    },
    {
      "type": "Feature",
      "properties": {
        "slug": "turkmenistan-ahal-gokdepe-gokdepe-ahal-ilek",
        "name_tm": "Ilek",
        "name_en": "Ilek",
        "name_ru": "Илек",
        "type": "village",
        "parent_slug": "turkmenistan-ahal-gokdepe-gokdepe-ahal",
        "root_slug": "turkmenistan-ahal",
        "verification_status": "verification_required"
      },
      "geometry": {
        "type": "Point",
        "coordinates": [
          58.20743269999999825,
          38.77988129999999956
        ]
      }
    },
    {
      "type": "Feature",
      "properties": {
        "slug": "turkmenistan-ahal-gokdepe-gokdepe-ahal-syplangyzyltakyr",
        "name_tm": "Syplaňgyzyltakyr",
        "name_en": "Syplaňgyzyltakyr",
        "name_ru": "Сыплангызылтакыр",
        "type": "village",
        "parent_slug": "turkmenistan-ahal-gokdepe-gokdepe-ahal",
        "root_slug": "turkmenistan-ahal",
        "verification_status": "verification_required"
      },
      "geometry": {
        "type": "Point",
        "coordinates": [
          58.25916420000000073,
          39.32204060000000112
        ]
      }
    },
    {
      "type": "Feature",
      "properties": {
        "slug": "turkmenistan-ahal-gokdepe-gokdepe-ahal-war",
        "name_tm": "War",
        "name_en": "War",
        "name_ru": "Вар",
        "type": "village",
        "parent_slug": "turkmenistan-ahal-gokdepe-gokdepe-ahal",
        "root_slug": "turkmenistan-ahal",
        "verification_status": "verification_required"
      },
      "geometry": {
        "type": "Point",
        "coordinates": [
          57.93136570000000062,
          38.71846630000000289
        ]
      }
    },
    {
      "type": "Feature",
      "properties": {
        "slug": "turkmenistan-ahal-gokdepe-gokdepe-ajkariz",
        "name_tm": "Ajkäriz",
        "name_en": "Ajkäriz",
        "name_ru": "Ачкяриз",
        "type": "village",
        "parent_slug": "turkmenistan-ahal-gokdepe-gokdepe",
        "root_slug": "turkmenistan-ahal",
        "verification_status": "verification_required"
      },
      "geometry": {
        "type": "Point",
        "coordinates": [
          57.8190784000000022,
          38.19080799999999698
        ]
      }
    },
    {
      "type": "Feature",
      "properties": {
        "slug": "turkmenistan-ahal-gokdepe-gokdepe-akgonur-akgonur",
        "name_tm": "Akgoňur",
        "name_en": "Akgoňur",
        "name_ru": "Акгонур",
        "type": "village",
        "parent_slug": "turkmenistan-ahal-gokdepe-gokdepe-akgonur",
        "root_slug": "turkmenistan-ahal",
        "verification_status": "verification_required"
      },
      "geometry": {
        "type": "Point",
        "coordinates": [
          58.05780140000000244,
          38.09050429999999921
        ]
      }
    },
    {
      "type": "Feature",
      "properties": {
        "slug": "turkmenistan-ahal-gokdepe-gokdepe-babaarap",
        "name_tm": "Babaarap",
        "name_en": "Babaarap",
        "name_ru": "Бабаарап",
        "type": "village",
        "parent_slug": "turkmenistan-ahal-gokdepe-gokdepe",
        "root_slug": "turkmenistan-ahal",
        "verification_status": "verification_required"
      },
      "geometry": {
        "type": "Point",
        "coordinates": [
          58.10613039999999785,
          38.09598189999999818
        ]
      }
    },
    {
      "type": "Feature",
      "properties": {
        "slug": "turkmenistan-ahal-gokdepe-gokdepe-caran",
        "name_tm": "Çaran",
        "name_en": "Çaran",
        "name_ru": "Чаран",
        "type": "village",
        "parent_slug": "turkmenistan-ahal-gokdepe-gokdepe",
        "root_slug": "turkmenistan-ahal",
        "verification_status": "verification_required"
      },
      "geometry": {
        "type": "Point",
        "coordinates": [
          58.29915989999999937,
          38.66449240000000031
        ]
      }
    },
    {
      "type": "Feature",
      "properties": {
        "slug": "turkmenistan-ahal-gokdepe-gokdepe-garaajy",
        "name_tm": "Garaajy",
        "name_en": "Garaajy",
        "name_ru": "Гараажы",
        "type": "village",
        "parent_slug": "turkmenistan-ahal-gokdepe-gokdepe",
        "root_slug": "turkmenistan-ahal",
        "verification_status": "verification_required"
      },
      "geometry": {
        "type": "Point",
        "coordinates": [
          58.4863738999999967,
          38.94220709999999741
        ]
      }
    },
    {
      "type": "Feature",
      "properties": {
        "slug": "turkmenistan-ahal-gokdepe-gokdepe-gokdepe-obasy",
        "name_tm": "Gökdepe obasy",
        "name_en": "Gökdepe obasy",
        "name_ru": "Гокдепе обасы",
        "type": "village",
        "parent_slug": "turkmenistan-ahal-gokdepe-gokdepe",
        "root_slug": "turkmenistan-ahal",
        "verification_status": "verification_required"
      },
      "geometry": {
        "type": "Point",
        "coordinates": [
          57.96837670000000031,
          38.23352679999999993
        ]
      }
    },
    {
      "type": "Feature",
      "properties": {
        "slug": "turkmenistan-ahal-gokdepe-gokdepe-hurmantgokje-hurmantgokje",
        "name_tm": "Hurmantgökje",
        "name_en": "Hurmantgökje",
        "name_ru": "Хурмант Геокдже",
        "type": "village",
        "parent_slug": "turkmenistan-ahal-gokdepe-gokdepe-hurmantgokje",
        "root_slug": "turkmenistan-ahal",
        "verification_status": "verification_required"
      },
      "geometry": {
        "type": "Point",
        "coordinates": [
          58.01665380000000027,
          38.07116890000000354
        ]
      }
    },
    {
      "type": "Feature",
      "properties": {
        "slug": "turkmenistan-ahal-gokdepe-gokdepe-kelejar-kelejar",
        "name_tm": "Kelejar",
        "name_en": "Kelejar",
        "name_ru": "Келеджар",
        "type": "village",
        "parent_slug": "turkmenistan-ahal-gokdepe-gokdepe-kelejar",
        "root_slug": "turkmenistan-ahal",
        "verification_status": "verification_required"
      },
      "geometry": {
        "type": "Point",
        "coordinates": [
          58.04454199999999986,
          38.0992912999999973
        ]
      }
    },
    {
      "type": "Feature",
      "properties": {
        "slug": "turkmenistan-ahal-gokdepe-gokdepe-kopetdag-bowga",
        "name_tm": "Bowga",
        "name_en": "Bowga",
        "name_ru": "Бовга",
        "type": "village",
        "parent_slug": "turkmenistan-ahal-gokdepe-gokdepe-kopetdag",
        "root_slug": "turkmenistan-ahal",
        "verification_status": "verification_required"
      },
      "geometry": {
        "type": "Point",
        "coordinates": [
          57.96745010000000064,
          38.08305380000000184
        ]
      }
    },
    {
      "type": "Feature",
      "properties": {
        "slug": "turkmenistan-ahal-gokdepe-gokdepe-kopetdag-bukri",
        "name_tm": "Bükri",
        "name_en": "Bukri",
        "name_ru": "Бюкри",
        "type": "village",
        "parent_slug": "turkmenistan-ahal-gokdepe-gokdepe-kopetdag",
        "root_slug": "turkmenistan-ahal",
        "verification_status": "verification_required"
      },
      "geometry": {
        "type": "Point",
        "coordinates": [
          57.97765559999999852,
          38.10685229999999991
        ]
      }
    },
    {
      "type": "Feature",
      "properties": {
        "slug": "turkmenistan-ahal-gokdepe-gokdepe-kopetdag-kopetdagyn-yalkymy",
        "name_tm": "Köpetdagyň ýalkymy",
        "name_en": "Kopetdagyn yalkymy",
        "name_ru": "Копетдагын ялкымы",
        "type": "village",
        "parent_slug": "turkmenistan-ahal-gokdepe-gokdepe-kopetdag",
        "root_slug": "turkmenistan-ahal",
        "verification_status": "verification_required"
      },
      "geometry": {
        "type": "Point",
        "coordinates": [
          57.99177949999999982,
          38.13786449999999917
        ]
      }
    },
    {
      "type": "Feature",
      "properties": {
        "slug": "turkmenistan-ahal-gokdepe-gokdepe-kopetdag-nowata",
        "name_tm": "Nowata",
        "name_en": "Nowata",
        "name_ru": "Новата",
        "type": "village",
        "parent_slug": "turkmenistan-ahal-gokdepe-gokdepe-kopetdag",
        "root_slug": "turkmenistan-ahal",
        "verification_status": "verification_required"
      },
      "geometry": {
        "type": "Point",
        "coordinates": [
          57.9685405999999972,
          38.08321180000000083
        ]
      }
    },
    {
      "type": "Feature",
      "properties": {
        "slug": "turkmenistan-ahal-gokdepe-gokdepe-orazow",
        "name_tm": "Orazow",
        "name_en": "Orazow",
        "name_ru": "Оразов",
        "type": "village",
        "parent_slug": "turkmenistan-ahal-gokdepe-gokdepe",
        "root_slug": "turkmenistan-ahal",
        "verification_status": "verification_required"
      },
      "geometry": {
        "type": "Point",
        "coordinates": [
          58.34858549999999867,
          38.11701839999999919
        ]
      }
    },
    {
      "type": "Feature",
      "properties": {
        "slug": "turkmenistan-ahal-gokdepe-gokdepe-owadandepe-artykhoja",
        "name_tm": "Artykhoja",
        "name_en": "Artykhoja",
        "name_ru": "Артыкходжа",
        "type": "village",
        "parent_slug": "turkmenistan-ahal-gokdepe-gokdepe-owadandepe",
        "root_slug": "turkmenistan-ahal",
        "verification_status": "verification_required"
      },
      "geometry": {
        "type": "Point",
        "coordinates": [
          58.34457640000000111,
          38.22323370000000153
        ]
      }
    },
    {
      "type": "Feature",
      "properties": {
        "slug": "turkmenistan-ahal-gokdepe-gokdepe-owadandepe-ataguyy",
        "name_tm": "Ataguýy",
        "name_en": "Ataguýy",
        "name_ru": "Атагуйы",
        "type": "village",
        "parent_slug": "turkmenistan-ahal-gokdepe-gokdepe-owadandepe",
        "root_slug": "turkmenistan-ahal",
        "verification_status": "verification_required"
      },
      "geometry": {
        "type": "Point",
        "coordinates": [
          57.98761100000000112,
          40.0950918999999999
        ]
      }
    },
    {
      "type": "Feature",
      "properties": {
        "slug": "turkmenistan-ahal-gokdepe-gokdepe-owadandepe-bori",
        "name_tm": "Böri",
        "name_en": "Böri",
        "name_ru": "Бори",
        "type": "village",
        "parent_slug": "turkmenistan-ahal-gokdepe-gokdepe-owadandepe",
        "root_slug": "turkmenistan-ahal",
        "verification_status": "verification_required"
      },
      "geometry": {
        "type": "Point",
        "coordinates": [
          58.10282709999999895,
          39.79359209999999792
        ]
      }
    },
    {
      "type": "Feature",
      "properties": {
        "slug": "turkmenistan-ahal-gokdepe-gokdepe-owadandepe-derweze",
        "name_tm": "Derweze",
        "name_en": "Derweze",
        "name_ru": "Дервезе",
        "type": "village",
        "parent_slug": "turkmenistan-ahal-gokdepe-gokdepe-owadandepe",
        "root_slug": "turkmenistan-ahal",
        "verification_status": "verification_required"
      },
      "geometry": {
        "type": "Point",
        "coordinates": [
          58.34531669999999793,
          40.09232519999999767
        ]
      }
    },
    {
      "type": "Feature",
      "properties": {
        "slug": "turkmenistan-ahal-gokdepe-gokdepe-owadandepe-nedir",
        "name_tm": "Nedir",
        "name_en": "Nedir",
        "name_ru": "Недир",
        "type": "village",
        "parent_slug": "turkmenistan-ahal-gokdepe-gokdepe-owadandepe",
        "root_slug": "turkmenistan-ahal",
        "verification_status": "verification_required"
      },
      "geometry": {
        "type": "Point",
        "coordinates": [
          58.37491510000000261,
          38.19776650000000017
        ]
      }
    },
    {
      "type": "Feature",
      "properties": {
        "slug": "turkmenistan-ahal-gokdepe-gokdepe-owadandepe-nurly-zaman",
        "name_tm": "Nurly zaman",
        "name_en": "Nurly zaman",
        "name_ru": "Нурлы заман",
        "type": "village",
        "parent_slug": "turkmenistan-ahal-gokdepe-gokdepe-owadandepe",
        "root_slug": "turkmenistan-ahal",
        "verification_status": "verification_required"
      },
      "geometry": {
        "type": "Point",
        "coordinates": [
          58.24613250000000164,
          38.09467659999999967
        ]
      }
    },
    {
      "type": "Feature",
      "properties": {
        "slug": "turkmenistan-ahal-gokdepe-gokdepe-owadandepe-sapy",
        "name_tm": "Şapy",
        "name_en": "Şapy",
        "name_ru": "Шапы",
        "type": "village",
        "parent_slug": "turkmenistan-ahal-gokdepe-gokdepe-owadandepe",
        "root_slug": "turkmenistan-ahal",
        "verification_status": "verification_required"
      },
      "geometry": {
        "type": "Point",
        "coordinates": [
          58.41159869999999899,
          38.51165180000000277
        ]
      }
    },
    {
      "type": "Feature",
      "properties": {
        "slug": "turkmenistan-ahal-gokdepe-gokdepe-owadandepe-talhanly",
        "name_tm": "Talhanly",
        "name_en": "Talhanly",
        "name_ru": "Талханлы",
        "type": "village",
        "parent_slug": "turkmenistan-ahal-gokdepe-gokdepe-owadandepe",
        "root_slug": "turkmenistan-ahal",
        "verification_status": "verification_required"
      },
      "geometry": {
        "type": "Point",
        "coordinates": [
          58.19906579999999963,
          38.10712110000000052
        ]
      }
    },
    {
      "type": "Feature",
      "properties": {
        "slug": "turkmenistan-ahal-gokdepe-gokdepe-owadandepe-yandakly",
        "name_tm": "Ýandakly",
        "name_en": "Ýandakly",
        "name_ru": "Яндаклы",
        "type": "village",
        "parent_slug": "turkmenistan-ahal-gokdepe-gokdepe-owadandepe",
        "root_slug": "turkmenistan-ahal",
        "verification_status": "verification_required"
      },
      "geometry": {
        "type": "Point",
        "coordinates": [
          58.48907890000000264,
          38.44797979999999882
        ]
      }
    },
    {
      "type": "Feature",
      "properties": {
        "slug": "turkmenistan-ahal-gokdepe-gokdepe-s-a-nyyazow",
        "name_tm": "S.A. Nyýazow",
        "name_en": "S.A. Nyýazow",
        "name_ru": "С.а. ныязов",
        "type": "village",
        "parent_slug": "turkmenistan-ahal-gokdepe-gokdepe",
        "root_slug": "turkmenistan-ahal",
        "verification_status": "verification_required"
      },
      "geometry": {
        "type": "Point",
        "coordinates": [
          57.86021939999999831,
          38.16280909999999693
        ]
      }
    },
    {
      "type": "Feature",
      "properties": {
        "slug": "turkmenistan-ahal-gokdepe-gokdepe-s-a-nyyazow-adyndaky-ajykariz",
        "name_tm": "Ajykäriz",
        "name_en": "Ajykäriz",
        "name_ru": "Ачкяриз",
        "type": "village",
        "parent_slug": "turkmenistan-ahal-gokdepe-gokdepe-s-a-nyyazow-adyndaky",
        "root_slug": "turkmenistan-ahal",
        "verification_status": "verification_required"
      },
      "geometry": {
        "type": "Point",
        "coordinates": [
          57.81868490000000093,
          38.19078600000000279
        ]
      }
    },
    {
      "type": "Feature",
      "properties": {
        "slug": "turkmenistan-ahal-gokdepe-gokdepe-s-a-nyyazow-adyndaky-garrykariz",
        "name_tm": "Garrykäriz",
        "name_en": "Garrykäriz",
        "name_ru": "Карыкяриз",
        "type": "village",
        "parent_slug": "turkmenistan-ahal-gokdepe-gokdepe-s-a-nyyazow-adyndaky",
        "root_slug": "turkmenistan-ahal",
        "verification_status": "verification_required"
      },
      "geometry": {
        "type": "Point",
        "coordinates": [
          57.79457169999999878,
          38.21100619999999993
        ]
      }
    },
    {
      "type": "Feature",
      "properties": {
        "slug": "turkmenistan-ahal-gokdepe-gokdepe-sorgala-sorgala",
        "name_tm": "Şorgala",
        "name_en": "Şorgala",
        "name_ru": "Шоркала",
        "type": "village",
        "parent_slug": "turkmenistan-ahal-gokdepe-gokdepe-sorgala",
        "root_slug": "turkmenistan-ahal",
        "verification_status": "verification_required"
      },
      "geometry": {
        "type": "Point",
        "coordinates": [
          58.03320229999999925,
          38.10648630000000025
        ]
      }
    },
    {
      "type": "Feature",
      "properties": {
        "slug": "turkmenistan-ahal-gokdepe-gokdepe-sowma",
        "name_tm": "Sowma",
        "name_en": "Sowma",
        "name_ru": "Совма",
        "type": "village",
        "parent_slug": "turkmenistan-ahal-gokdepe-gokdepe",
        "root_slug": "turkmenistan-ahal",
        "verification_status": "verification_required"
      },
      "geometry": {
        "type": "Point",
        "coordinates": [
          58.44573869999999972,
          38.67597049999999826
        ]
      }
    },
    {
      "type": "Feature",
      "properties": {
        "slug": "turkmenistan-ahal-gokdepe-gokdepe-taze-eyyam-taze-eyyam",
        "name_tm": "Täze eýýam",
        "name_en": "Täze eýýam",
        "name_ru": "Тазе ейям",
        "type": "village",
        "parent_slug": "turkmenistan-ahal-gokdepe-gokdepe-taze-eyyam",
        "root_slug": "turkmenistan-ahal",
        "verification_status": "verification_required"
      },
      "geometry": {
        "type": "Point",
        "coordinates": [
          58.04605500000000262,
          38.17493269999999939
        ]
      }
    },
    {
      "type": "Feature",
      "properties": {
        "slug": "turkmenistan-ahal-gokdepe-gokdepe-turkmenistan-gonurajy",
        "name_tm": "Goňurajy",
        "name_en": "Goňurajy",
        "name_ru": "Гонуражы",
        "type": "village",
        "parent_slug": "turkmenistan-ahal-gokdepe-gokdepe-turkmenistan",
        "root_slug": "turkmenistan-ahal",
        "verification_status": "verification_required"
      },
      "geometry": {
        "type": "Point",
        "coordinates": [
          57.90637739999999667,
          38.56537780000000026
        ]
      }
    },
    {
      "type": "Feature",
      "properties": {
        "slug": "turkmenistan-ahal-gokdepe-gokdepe-turkmenistan-obasy",
        "name_tm": "Türkmenistan obasy",
        "name_en": "Türkmenistan obasy",
        "name_ru": "Туркменистан обасы",
        "type": "village",
        "parent_slug": "turkmenistan-ahal-gokdepe-gokdepe",
        "root_slug": "turkmenistan-ahal",
        "verification_status": "verification_required"
      },
      "geometry": {
        "type": "Point",
        "coordinates": [
          57.94984500000000338,
          38.19932599999999923
        ]
      }
    },
    {
      "type": "Feature",
      "properties": {
        "slug": "turkmenistan-ahal-gokdepe-gokdepe-turkmenistan-orazsahet",
        "name_tm": "Orazsähet",
        "name_en": "Orazsähet",
        "name_ru": "Оразсахет",
        "type": "village",
        "parent_slug": "turkmenistan-ahal-gokdepe-gokdepe-turkmenistan",
        "root_slug": "turkmenistan-ahal",
        "verification_status": "verification_required"
      },
      "geometry": {
        "type": "Point",
        "coordinates": [
          57.90815229999999759,
          38.4840196999999975
        ]
      }
    },
    {
      "type": "Feature",
      "properties": {
        "slug": "turkmenistan-ahal-gokdepe-gokdepe-turkmenistan-turkmenistan",
        "name_tm": "Türkmenistan",
        "name_en": "Türkmenistan",
        "name_ru": "Туркменистан",
        "type": "village",
        "parent_slug": "turkmenistan-ahal-gokdepe-gokdepe-turkmenistan",
        "root_slug": "turkmenistan-ahal",
        "verification_status": "verification_required"
      },
      "geometry": {
        "type": "Point",
        "coordinates": [
          57.9527405999999985,
          38.19768400000000241
        ]
      }
    },
    {
      "type": "Feature",
      "properties": {
        "slug": "turkmenistan-ahal-gokdepe-gokdepe-yangala-sahridag",
        "name_tm": "Şähridag",
        "name_en": "Şähridag",
        "name_ru": "Шахридаг",
        "type": "village",
        "parent_slug": "turkmenistan-ahal-gokdepe-gokdepe-yangala",
        "root_slug": "turkmenistan-ahal",
        "verification_status": "verification_required"
      },
      "geometry": {
        "type": "Point",
        "coordinates": [
          57.87807130000000199,
          38.07312890000000038
        ]
      }
    },
    {
      "type": "Feature",
      "properties": {
        "slug": "turkmenistan-ahal-gokdepe-gokdepe-yangala-sekizyap",
        "name_tm": "Sekizýap",
        "name_en": "Sekizýap",
        "name_ru": "Секизяп",
        "type": "village",
        "parent_slug": "turkmenistan-ahal-gokdepe-gokdepe-yangala",
        "root_slug": "turkmenistan-ahal",
        "verification_status": "verification_required"
      },
      "geometry": {
        "type": "Point",
        "coordinates": [
          57.91501170000000087,
          38.09896539999999731
        ]
      }
    },
    {
      "type": "Feature",
      "properties": {
        "slug": "turkmenistan-ahal-gokdepe-gokdepe-yangala-yangala",
        "name_tm": "Ýaňgala",
        "name_en": "Ýaňgala",
        "name_ru": "Янга Кала",
        "type": "village",
        "parent_slug": "turkmenistan-ahal-gokdepe-gokdepe-yangala",
        "root_slug": "turkmenistan-ahal",
        "verification_status": "verification_required"
      },
      "geometry": {
        "type": "Point",
        "coordinates": [
          57.95000220000000012,
          38.12754979999999704
        ]
      }
    },
    {
      "type": "Feature",
      "properties": {
        "slug": "turkmenistan-ahal-kaka-kaka-arapgala-arapgala",
        "name_tm": "Arapgala",
        "name_en": "Arapgala",
        "name_ru": "Арапкала",
        "type": "village",
        "parent_slug": "turkmenistan-ahal-kaka-kaka-arapgala",
        "root_slug": "turkmenistan-ahal",
        "verification_status": "verification_required"
      },
      "geometry": {
        "type": "Point",
        "coordinates": [
          59.52693550000000044,
          37.34791669999999897
        ]
      }
    },
    {
      "type": "Feature",
      "properties": {
        "slug": "turkmenistan-ahal-kaka-kaka-artyk-artyk",
        "name_tm": "Artyk",
        "name_en": "Artyk",
        "name_ru": "Артык",
        "type": "village",
        "parent_slug": "turkmenistan-ahal-kaka-kaka-artyk",
        "root_slug": "turkmenistan-ahal",
        "verification_status": "verification_required"
      },
      "geometry": {
        "type": "Point",
        "coordinates": [
          59.32744480000000208,
          37.55465939999999848
        ]
      }
    },
    {
      "type": "Feature",
      "properties": {
        "slug": "turkmenistan-ahal-kaka-kaka-dusak",
        "name_tm": "Duşak",
        "name_en": "Duşak",
        "name_ru": "Душак",
        "type": "village",
        "parent_slug": "turkmenistan-ahal-kaka-kaka",
        "root_slug": "turkmenistan-ahal",
        "verification_status": "verification_required"
      },
      "geometry": {
        "type": "Point",
        "coordinates": [
          60.0266206000000011,
          37.1984724
        ]
      }
    },
    {
      "type": "Feature",
      "properties": {
        "slug": "turkmenistan-ahal-kaka-kaka-garahan-garahan",
        "name_tm": "Garahan",
        "name_en": "Garahan",
        "name_ru": "Карахан",
        "type": "village",
        "parent_slug": "turkmenistan-ahal-kaka-kaka-garahan",
        "root_slug": "turkmenistan-ahal",
        "verification_status": "verification_required"
      },
      "geometry": {
        "type": "Point",
        "coordinates": [
          59.77430869999999886,
          37.30401580000000194
        ]
      }
    },
    {
      "type": "Feature",
      "properties": {
        "slug": "turkmenistan-ahal-kaka-kaka-gowsut-bagtly-zamana",
        "name_tm": "Bagtly zamana",
        "name_en": "Bagtly zamana",
        "name_ru": "Багтлы замана",
        "type": "village",
        "parent_slug": "turkmenistan-ahal-kaka-kaka-gowsut",
        "root_slug": "turkmenistan-ahal",
        "verification_status": "verification_required"
      },
      "geometry": {
        "type": "Point",
        "coordinates": [
          59.50819930000000113,
          37.43768380000000206
        ]
      }
    },
    {
      "type": "Feature",
      "properties": {
        "slug": "turkmenistan-ahal-kaka-kaka-gowsut-gowsut",
        "name_tm": "Gowşut",
        "name_en": "Gowşut",
        "name_ru": "Говшут",
        "type": "village",
        "parent_slug": "turkmenistan-ahal-kaka-kaka-gowsut",
        "root_slug": "turkmenistan-ahal",
        "verification_status": "verification_required"
      },
      "geometry": {
        "type": "Point",
        "coordinates": [
          59.48316319999999991,
          37.45820940000000121
        ]
      }
    },
    {
      "type": "Feature",
      "properties": {
        "slug": "turkmenistan-ahal-kaka-kaka-gowsut-gowsut-bekedi",
        "name_tm": "Gowşut bekedi",
        "name_en": "Gowşut bekedi",
        "name_ru": "Говшут бекеди",
        "type": "village",
        "parent_slug": "turkmenistan-ahal-kaka-kaka-gowsut",
        "root_slug": "turkmenistan-ahal",
        "verification_status": "verification_required"
      },
      "geometry": {
        "type": "Point",
        "coordinates": [
          59.45605609999999786,
          37.45265090000000185
        ]
      }
    },
    {
      "type": "Feature",
      "properties": {
        "slug": "turkmenistan-ahal-kaka-kaka-gozgan-gozgan",
        "name_tm": "Gozgan",
        "name_en": "Gozgan",
        "name_ru": "Казган",
        "type": "village",
        "parent_slug": "turkmenistan-ahal-kaka-kaka-gozgan",
        "root_slug": "turkmenistan-ahal",
        "verification_status": "verification_required"
      },
      "geometry": {
        "type": "Point",
        "coordinates": [
          59.43807230000000174,
          37.36749669999999667
        ]
      }
    },
    {
      "type": "Feature",
      "properties": {
        "slug": "turkmenistan-ahal-kaka-kaka-harcinnan-harcinnan",
        "name_tm": "Harçiňňan",
        "name_en": "Harçiňňan",
        "name_ru": "Арчыньян",
        "type": "village",
        "parent_slug": "turkmenistan-ahal-kaka-kaka-harcinnan",
        "root_slug": "turkmenistan-ahal",
        "verification_status": "verification_required"
      },
      "geometry": {
        "type": "Point",
        "coordinates": [
          59.61460399999999993,
          37.16228370000000326
        ]
      }
    },
    {
      "type": "Feature",
      "properties": {
        "slug": "turkmenistan-ahal-kaka-kaka-hywaabat",
        "name_tm": "Hywaabat",
        "name_en": "Hywaabat",
        "name_ru": "Хивабад",
        "type": "village",
        "parent_slug": "turkmenistan-ahal-kaka-kaka",
        "root_slug": "turkmenistan-ahal",
        "verification_status": "verification_required"
      },
      "geometry": {
        "type": "Point",
        "coordinates": [
          59.55738420000000132,
          37.19669609999999693
        ]
      }
    },
    {
      "type": "Feature",
      "properties": {
        "slug": "turkmenistan-ahal-kaka-kaka-kurengala-kurengala",
        "name_tm": "Kürengala",
        "name_en": "Kürengala",
        "name_ru": "Кюренкала",
        "type": "village",
        "parent_slug": "turkmenistan-ahal-kaka-kaka-kurengala",
        "root_slug": "turkmenistan-ahal",
        "verification_status": "verification_required"
      },
      "geometry": {
        "type": "Point",
        "coordinates": [
          59.34833419999999649,
          37.54066110000000122
        ]
      }
    },
    {
      "type": "Feature",
      "properties": {
        "slug": "turkmenistan-ahal-kaka-kaka-kurengala-soltandest",
        "name_tm": "Soltandeşt",
        "name_en": "Soltandeşt",
        "name_ru": "Солтандешт",
        "type": "village",
        "parent_slug": "turkmenistan-ahal-kaka-kaka-kurengala",
        "root_slug": "turkmenistan-ahal",
        "verification_status": "verification_required"
      },
      "geometry": {
        "type": "Point",
        "coordinates": [
          59.33803859999999731,
          37.6028476999999981
        ]
      }
    },
    {
      "type": "Feature",
      "properties": {
        "slug": "turkmenistan-ahal-kaka-kaka-mehinli-bukriolen",
        "name_tm": "Bükriölen",
        "name_en": "Bükriölen",
        "name_ru": "Букриолен",
        "type": "village",
        "parent_slug": "turkmenistan-ahal-kaka-kaka-mehinli",
        "root_slug": "turkmenistan-ahal",
        "verification_status": "verification_required"
      },
      "geometry": {
        "type": "Point",
        "coordinates": [
          59.52666609999999992,
          38.10733479999999673
        ]
      }
    },
    {
      "type": "Feature",
      "properties": {
        "slug": "turkmenistan-ahal-kaka-kaka-mehinli-bulanyk",
        "name_tm": "Bulanyk",
        "name_en": "Bulanyk",
        "name_ru": "Буланык",
        "type": "village",
        "parent_slug": "turkmenistan-ahal-kaka-kaka-mehinli",
        "root_slug": "turkmenistan-ahal",
        "verification_status": "verification_required"
      },
      "geometry": {
        "type": "Point",
        "coordinates": [
          59.3565667000000019,
          38.662085900000001
        ]
      }
    },
    {
      "type": "Feature",
      "properties": {
        "slug": "turkmenistan-ahal-kaka-kaka-mehinli-hassan",
        "name_tm": "Haşşan",
        "name_en": "Haşşan",
        "name_ru": "Хашшан",
        "type": "village",
        "parent_slug": "turkmenistan-ahal-kaka-kaka-mehinli",
        "root_slug": "turkmenistan-ahal",
        "verification_status": "verification_required"
      },
      "geometry": {
        "type": "Point",
        "coordinates": [
          59.50454440000000033,
          38.12773930000000177
        ]
      }
    },
    {
      "type": "Feature",
      "properties": {
        "slug": "turkmenistan-ahal-kaka-kaka-mehinli-hojamenli",
        "name_tm": "Hojameňli",
        "name_en": "Hojameňli",
        "name_ru": "Хожаменли",
        "type": "village",
        "parent_slug": "turkmenistan-ahal-kaka-kaka-mehinli",
        "root_slug": "turkmenistan-ahal",
        "verification_status": "verification_required"
      },
      "geometry": {
        "type": "Point",
        "coordinates": [
          59.45512440000000253,
          38.07831310000000258
        ]
      }
    },
    {
      "type": "Feature",
      "properties": {
        "slug": "turkmenistan-ahal-kaka-kaka-mehinli-hummetli",
        "name_tm": "Hümmetli",
        "name_en": "Hümmetli",
        "name_ru": "Хумметли",
        "type": "village",
        "parent_slug": "turkmenistan-ahal-kaka-kaka-mehinli",
        "root_slug": "turkmenistan-ahal",
        "verification_status": "verification_required"
      },
      "geometry": {
        "type": "Point",
        "coordinates": [
          59.39646630000000016,
          38.1464320999999984
        ]
      }
    },
    {
      "type": "Feature",
      "properties": {
        "slug": "turkmenistan-ahal-kaka-kaka-mehinli-kopguyy",
        "name_tm": "Köpguýy",
        "name_en": "Köpguýy",
        "name_ru": "Копгуйы",
        "type": "village",
        "parent_slug": "turkmenistan-ahal-kaka-kaka-mehinli",
        "root_slug": "turkmenistan-ahal",
        "verification_status": "verification_required"
      },
      "geometry": {
        "type": "Point",
        "coordinates": [
          59.31724289999999656,
          38.16653360000000105
        ]
      }
    },
    {
      "type": "Feature",
      "properties": {
        "slug": "turkmenistan-ahal-kaka-kaka-mehinli-kumeli",
        "name_tm": "Kümeli",
        "name_en": "Kümeli",
        "name_ru": "Кумели",
        "type": "village",
        "parent_slug": "turkmenistan-ahal-kaka-kaka-mehinli",
        "root_slug": "turkmenistan-ahal",
        "verification_status": "verification_required"
      },
      "geometry": {
        "type": "Point",
        "coordinates": [
          59.48898030000000147,
          38.70546670000000233
        ]
      }
    },
    {
      "type": "Feature",
      "properties": {
        "slug": "turkmenistan-ahal-kaka-kaka-mehinli-kyrkguyy",
        "name_tm": "Kyrkguýy",
        "name_en": "Kyrkguýy",
        "name_ru": "Кыркгуйы",
        "type": "village",
        "parent_slug": "turkmenistan-ahal-kaka-kaka-mehinli",
        "root_slug": "turkmenistan-ahal",
        "verification_status": "verification_required"
      },
      "geometry": {
        "type": "Point",
        "coordinates": [
          59.42967629999999702,
          38.19294289999999848
        ]
      }
    },
    {
      "type": "Feature",
      "properties": {
        "slug": "turkmenistan-ahal-kaka-kaka-mehinli-mehinli",
        "name_tm": "Mehinli",
        "name_en": "Mehinli",
        "name_ru": "Мехинли",
        "type": "village",
        "parent_slug": "turkmenistan-ahal-kaka-kaka-mehinli",
        "root_slug": "turkmenistan-ahal",
        "verification_status": "verification_required"
      },
      "geometry": {
        "type": "Point",
        "coordinates": [
          59.41942050000000108,
          37.46793790000000258
        ]
      }
    },
    {
      "type": "Feature",
      "properties": {
        "slug": "turkmenistan-ahal-kaka-kaka-sukur-bagsy",
        "name_tm": "Şükür bagşy",
        "name_en": "Şükür bagşy",
        "name_ru": "Шукур багшы",
        "type": "village",
        "parent_slug": "turkmenistan-ahal-kaka-kaka",
        "root_slug": "turkmenistan-ahal",
        "verification_status": "verification_required"
      },
      "geometry": {
        "type": "Point",
        "coordinates": [
          60.00840529999999973,
          37.18617210000000028
        ]
      }
    },
    {
      "type": "Feature",
      "properties": {
        "slug": "turkmenistan-ahal-sarahs-sarahs-alam-alam",
        "name_tm": "Alam",
        "name_en": "Alam",
        "name_ru": "Алам",
        "type": "village",
        "parent_slug": "turkmenistan-ahal-sarahs-sarahs-alam",
        "root_slug": "turkmenistan-ahal",
        "verification_status": "verification_required"
      },
      "geometry": {
        "type": "Point",
        "coordinates": [
          61.12650349999999833,
          36.75942090000000206
        ]
      }
    },
    {
      "type": "Feature",
      "properties": {
        "slug": "turkmenistan-ahal-sarahs-sarahs-asgabat-asgabat",
        "name_tm": "Aşgabat",
        "name_en": "Aşgabat",
        "name_ru": "Ашгабат",
        "type": "village",
        "parent_slug": "turkmenistan-ahal-sarahs-sarahs-asgabat",
        "root_slug": "turkmenistan-ahal",
        "verification_status": "verification_required"
      },
      "geometry": {
        "type": "Point",
        "coordinates": [
          61.26739299999999844,
          36.56696790000000163
        ]
      }
    },
    {
      "type": "Feature",
      "properties": {
        "slug": "turkmenistan-ahal-sarahs-sarahs-ata-ata",
        "name_tm": "Ata",
        "name_en": "Ata",
        "name_ru": "Ата",
        "type": "village",
        "parent_slug": "turkmenistan-ahal-sarahs-sarahs-ata",
        "root_slug": "turkmenistan-ahal",
        "verification_status": "verification_required"
      },
      "geometry": {
        "type": "Point",
        "coordinates": [
          61.06619030000000236,
          36.82840589999999992
        ]
      }
    },
    {
      "type": "Feature",
      "properties": {
        "slug": "turkmenistan-ahal-sarahs-sarahs-bagtyyarlyk-gokhan",
        "name_tm": "Gökhan",
        "name_en": "Gökhan",
        "name_ru": "Гокхан",
        "type": "village",
        "parent_slug": "turkmenistan-ahal-sarahs-sarahs-bagtyyarlyk",
        "root_slug": "turkmenistan-ahal",
        "verification_status": "verification_required"
      },
      "geometry": {
        "type": "Point",
        "coordinates": [
          60.99154200000000258,
          37.25116320000000058
        ]
      }
    },
    {
      "type": "Feature",
      "properties": {
        "slug": "turkmenistan-ahal-sarahs-sarahs-bagtyyarlyk-watan",
        "name_tm": "Watan",
        "name_en": "Watan",
        "name_ru": "Ватан",
        "type": "village",
        "parent_slug": "turkmenistan-ahal-sarahs-sarahs-bagtyyarlyk",
        "root_slug": "turkmenistan-ahal",
        "verification_status": "verification_required"
      },
      "geometry": {
        "type": "Point",
        "coordinates": [
          60.93962069999999898,
          37.2528402000000014
        ]
      }
    },
    {
      "type": "Feature",
      "properties": {
        "slug": "turkmenistan-ahal-sarahs-sarahs-bagtyyarlyk-zahmet",
        "name_tm": "Zähmet",
        "name_en": "Zähmet",
        "name_ru": "Захмет",
        "type": "village",
        "parent_slug": "turkmenistan-ahal-sarahs-sarahs-bagtyyarlyk",
        "root_slug": "turkmenistan-ahal",
        "verification_status": "verification_required"
      },
      "geometry": {
        "type": "Point",
        "coordinates": [
          60.89286589999999678,
          37.22488649999999665
        ]
      }
    },
    {
      "type": "Feature",
      "properties": {
        "slug": "turkmenistan-ahal-sarahs-sarahs-galkynys-calja",
        "name_tm": "Çalja",
        "name_en": "Çalja",
        "name_ru": "Чалжа",
        "type": "village",
        "parent_slug": "turkmenistan-ahal-sarahs-sarahs-galkynys",
        "root_slug": "turkmenistan-ahal",
        "verification_status": "verification_required"
      },
      "geometry": {
        "type": "Point",
        "coordinates": [
          60.95287150000000053,
          37.0883205000000018
        ]
      }
    },
    {
      "type": "Feature",
      "properties": {
        "slug": "turkmenistan-ahal-sarahs-sarahs-galkynys-galkynys",
        "name_tm": "Galkynyş",
        "name_en": "Galkynyş",
        "name_ru": "Галкыныш",
        "type": "village",
        "parent_slug": "turkmenistan-ahal-sarahs-sarahs-galkynys",
        "root_slug": "turkmenistan-ahal",
        "verification_status": "verification_required"
      },
      "geometry": {
        "type": "Point",
        "coordinates": [
          60.81190639999999803,
          37.08397029999999716
        ]
      }
    },
    {
      "type": "Feature",
      "properties": {
        "slug": "turkmenistan-ahal-sarahs-sarahs-galkynys-gozli-ata",
        "name_tm": "Gözli ata",
        "name_en": "Gözli ata",
        "name_ru": "Гозли ата",
        "type": "village",
        "parent_slug": "turkmenistan-ahal-sarahs-sarahs-galkynys",
        "root_slug": "turkmenistan-ahal",
        "verification_status": "verification_required"
      },
      "geometry": {
        "type": "Point",
        "coordinates": [
          60.96916459999999916,
          37.16422310000000095
        ]
      }
    },
    {
      "type": "Feature",
      "properties": {
        "slug": "turkmenistan-ahal-sarahs-sarahs-galkynys-salyr",
        "name_tm": "Salyr",
        "name_en": "Salyr",
        "name_ru": "Салыр",
        "type": "village",
        "parent_slug": "turkmenistan-ahal-sarahs-sarahs-galkynys",
        "root_slug": "turkmenistan-ahal",
        "verification_status": "verification_required"
      },
      "geometry": {
        "type": "Point",
        "coordinates": [
          60.84406620000000032,
          37.11982129999999814
        ]
      }
    },
    {
      "type": "Feature",
      "properties": {
        "slug": "turkmenistan-ahal-sarahs-sarahs-galkynys-teke-han",
        "name_tm": "Teke han",
        "name_en": "Teke han",
        "name_ru": "Теке хан",
        "type": "village",
        "parent_slug": "turkmenistan-ahal-sarahs-sarahs-galkynys",
        "root_slug": "turkmenistan-ahal",
        "verification_status": "verification_required"
      },
      "geometry": {
        "type": "Point",
        "coordinates": [
          60.9267202999999995,
          37.14196369999999803
        ]
      }
    },
    {
      "type": "Feature",
      "properties": {
        "slug": "turkmenistan-ahal-sarahs-sarahs-hanyap-hanyap",
        "name_tm": "Hanýap",
        "name_en": "Hanýap",
        "name_ru": "Ханяп",
        "type": "village",
        "parent_slug": "turkmenistan-ahal-sarahs-sarahs-hanyap",
        "root_slug": "turkmenistan-ahal",
        "verification_status": "verification_required"
      },
      "geometry": {
        "type": "Point",
        "coordinates": [
          61.24328100000000318,
          36.43887209999999755
        ]
      }
    },
    {
      "type": "Feature",
      "properties": {
        "slug": "turkmenistan-ahal-sarahs-sarahs-kiciaga-agzybirlik",
        "name_tm": "Agzybirlik",
        "name_en": "Agzybirlik",
        "name_ru": "Агзыбирлик",
        "type": "village",
        "parent_slug": "turkmenistan-ahal-sarahs-sarahs-kiciaga",
        "root_slug": "turkmenistan-ahal",
        "verification_status": "verification_required"
      },
      "geometry": {
        "type": "Point",
        "coordinates": [
          60.78505930000000034,
          37.17322800000000171
        ]
      }
    },
    {
      "type": "Feature",
      "properties": {
        "slug": "turkmenistan-ahal-sarahs-sarahs-kiciaga-berkarar",
        "name_tm": "Berkarar",
        "name_en": "Berkarar",
        "name_ru": "Беркарар",
        "type": "village",
        "parent_slug": "turkmenistan-ahal-sarahs-sarahs-kiciaga",
        "root_slug": "turkmenistan-ahal",
        "verification_status": "verification_required"
      },
      "geometry": {
        "type": "Point",
        "coordinates": [
          60.75207160000000072,
          37.14810479999999871
        ]
      }
    },
    {
      "type": "Feature",
      "properties": {
        "slug": "turkmenistan-ahal-sarahs-sarahs-kiciaga-oraz-salyr",
        "name_tm": "Oraz salyr",
        "name_en": "Oraz salyr",
        "name_ru": "Ораз салыр",
        "type": "village",
        "parent_slug": "turkmenistan-ahal-sarahs-sarahs-kiciaga",
        "root_slug": "turkmenistan-ahal",
        "verification_status": "verification_required"
      },
      "geometry": {
        "type": "Point",
        "coordinates": [
          60.8526547000000022,
          37.2099890000000002
        ]
      }
    },
    {
      "type": "Feature",
      "properties": {
        "slug": "turkmenistan-ahal-sarahs-sarahs-kiciaga-rysgally",
        "name_tm": "Rysgally",
        "name_en": "Rysgally",
        "name_ru": "Рысгаллы",
        "type": "village",
        "parent_slug": "turkmenistan-ahal-sarahs-sarahs-kiciaga",
        "root_slug": "turkmenistan-ahal",
        "verification_status": "verification_required"
      },
      "geometry": {
        "type": "Point",
        "coordinates": [
          60.73370760000000245,
          37.20811270000000092
        ]
      }
    },
    {
      "type": "Feature",
      "properties": {
        "slug": "turkmenistan-ahal-sarahs-sarahs-parahatcylyk-ak-altyn",
        "name_tm": "Ak altyn",
        "name_en": "Ak altyn",
        "name_ru": "Ак алтын",
        "type": "village",
        "parent_slug": "turkmenistan-ahal-sarahs-sarahs-parahatcylyk",
        "root_slug": "turkmenistan-ahal",
        "verification_status": "verification_required"
      },
      "geometry": {
        "type": "Point",
        "coordinates": [
          61.08517799999999909,
          37.18324599999999691
        ]
      }
    },
    {
      "type": "Feature",
      "properties": {
        "slug": "turkmenistan-ahal-sarahs-sarahs-parahatcylyk-parahatcylyk",
        "name_tm": "Parahatçylyk",
        "name_en": "Parahatçylyk",
        "name_ru": "Парахатчылык",
        "type": "village",
        "parent_slug": "turkmenistan-ahal-sarahs-sarahs-parahatcylyk",
        "root_slug": "turkmenistan-ahal",
        "verification_status": "verification_required"
      },
      "geometry": {
        "type": "Point",
        "coordinates": [
          61.01628469999999993,
          37.19417849999999959
        ]
      }
    },
    {
      "type": "Feature",
      "properties": {
        "slug": "turkmenistan-ahal-sarahs-sarahs-parahatcylyk-yenis",
        "name_tm": "Ýeňiş",
        "name_en": "Ýeňiş",
        "name_ru": "Йениш",
        "type": "village",
        "parent_slug": "turkmenistan-ahal-sarahs-sarahs-parahatcylyk",
        "root_slug": "turkmenistan-ahal",
        "verification_status": "verification_required"
      },
      "geometry": {
        "type": "Point",
        "coordinates": [
          61.04302950000000294,
          37.20632870000000025
        ]
      }
    },
    {
      "type": "Feature",
      "properties": {
        "slug": "turkmenistan-ahal-sarahs-sarahs-tekehan",
        "name_tm": "Tekehan",
        "name_en": "Tekehan",
        "name_ru": "Текехан",
        "type": "village",
        "parent_slug": "turkmenistan-ahal-sarahs-sarahs",
        "root_slug": "turkmenistan-ahal",
        "verification_status": "verification_required"
      },
      "geometry": {
        "type": "Point",
        "coordinates": [
          60.9274119999999968,
          37.14360109999999793
        ]
      }
    },
    {
      "type": "Feature",
      "properties": {
        "slug": "turkmenistan-ahal-sarahs-sarahs-yalawac-yalawac",
        "name_tm": "Ýalawaç",
        "name_en": "Ýalawaç",
        "name_ru": "Ялавач",
        "type": "village",
        "parent_slug": "turkmenistan-ahal-sarahs-sarahs-yalawac",
        "root_slug": "turkmenistan-ahal",
        "verification_status": "verification_required"
      },
      "geometry": {
        "type": "Point",
        "coordinates": [
          61.26031319999999881,
          36.51538930000000249
        ]
      }
    },
    {
      "type": "Feature",
      "properties": {
        "slug": "turkmenistan-ahal-tejen-tejen-adalat-adalat",
        "name_tm": "Adalat",
        "name_en": "Adalat",
        "name_ru": "Адалат",
        "type": "village",
        "parent_slug": "turkmenistan-ahal-tejen-tejen-adalat",
        "root_slug": "turkmenistan-ahal",
        "verification_status": "verification_required"
      },
      "geometry": {
        "type": "Point",
        "coordinates": [
          60.10038409999999943,
          37.53247480000000281
        ]
      }
    },
    {
      "type": "Feature",
      "properties": {
        "slug": "turkmenistan-ahal-tejen-tejen-adalat-ajykol",
        "name_tm": "Ajyköl",
        "name_en": "Ajyköl",
        "name_ru": "Ажыкол",
        "type": "village",
        "parent_slug": "turkmenistan-ahal-tejen-tejen-adalat",
        "root_slug": "turkmenistan-ahal",
        "verification_status": "verification_required"
      },
      "geometry": {
        "type": "Point",
        "coordinates": [
          59.73006010000000287,
          38.60259169999999785
        ]
      }
    },
    {
      "type": "Feature",
      "properties": {
        "slug": "turkmenistan-ahal-tejen-tejen-adalat-akmolla",
        "name_tm": "Akmolla",
        "name_en": "Akmolla",
        "name_ru": "Акмолла",
        "type": "village",
        "parent_slug": "turkmenistan-ahal-tejen-tejen-adalat",
        "root_slug": "turkmenistan-ahal",
        "verification_status": "verification_required"
      },
      "geometry": {
        "type": "Point",
        "coordinates": [
          59.95253040000000055,
          39.57814609999999789
        ]
      }
    },
    {
      "type": "Feature",
      "properties": {
        "slug": "turkmenistan-ahal-tejen-tejen-adalat-bowridesik",
        "name_tm": "Böwrideşik",
        "name_en": "Böwrideşik",
        "name_ru": "Бовридешик",
        "type": "village",
        "parent_slug": "turkmenistan-ahal-tejen-tejen-adalat",
        "root_slug": "turkmenistan-ahal",
        "verification_status": "verification_required"
      },
      "geometry": {
        "type": "Point",
        "coordinates": [
          59.6851801999999978,
          39.75661389999999785
        ]
      }
    },
    {
      "type": "Feature",
      "properties": {
        "slug": "turkmenistan-ahal-tejen-tejen-adalat-murzecyrla",
        "name_tm": "Mürzeçyrla",
        "name_en": "Mürzeçyrla",
        "name_ru": "Мурзечырла",
        "type": "village",
        "parent_slug": "turkmenistan-ahal-tejen-tejen-adalat",
        "root_slug": "turkmenistan-ahal",
        "verification_status": "verification_required"
      },
      "geometry": {
        "type": "Point",
        "coordinates": [
          60.04113610000000278,
          39.58272130000000289
        ]
      }
    },
    {
      "type": "Feature",
      "properties": {
        "slug": "turkmenistan-ahal-tejen-tejen-agalan-ezizhan",
        "name_tm": "Ezizhan",
        "name_en": "Ezizhan",
        "name_ru": "Езизхан",
        "type": "village",
        "parent_slug": "turkmenistan-ahal-tejen-tejen-agalan",
        "root_slug": "turkmenistan-ahal",
        "verification_status": "verification_required"
      },
      "geometry": {
        "type": "Point",
        "coordinates": [
          60.38728139999999911,
          37.4998156999999992
        ]
      }
    },
    {
      "type": "Feature",
      "properties": {
        "slug": "turkmenistan-ahal-tejen-tejen-babadayhan",
        "name_tm": "Babadaýhan",
        "name_en": "Babadaýhan",
        "name_ru": "Бабадайхан",
        "type": "village",
        "parent_slug": "turkmenistan-ahal-tejen-tejen",
        "root_slug": "turkmenistan-ahal",
        "verification_status": "verification_required"
      },
      "geometry": {
        "type": "Point",
        "coordinates": [
          60.55412150000000082,
          37.48792410000000074
        ]
      }
    },
    {
      "type": "Feature",
      "properties": {
        "slug": "turkmenistan-ahal-tejen-tejen-birlesik-birlesik",
        "name_tm": "Birleşik",
        "name_en": "Birleşik",
        "name_ru": "Бирлешик",
        "type": "village",
        "parent_slug": "turkmenistan-ahal-tejen-tejen-birlesik",
        "root_slug": "turkmenistan-ahal",
        "verification_status": "verification_required"
      },
      "geometry": {
        "type": "Point",
        "coordinates": [
          60.32425070000000033,
          37.42528680000000207
        ]
      }
    },
    {
      "type": "Feature",
      "properties": {
        "slug": "turkmenistan-ahal-tejen-tejen-bitaraplyk-bitaraplyk",
        "name_tm": "Bitaraplyk",
        "name_en": "Bitaraplyk",
        "name_ru": "Битараплык",
        "type": "village",
        "parent_slug": "turkmenistan-ahal-tejen-tejen-bitaraplyk",
        "root_slug": "turkmenistan-ahal",
        "verification_status": "verification_required"
      },
      "geometry": {
        "type": "Point",
        "coordinates": [
          60.26197369999999865,
          37.48985330000000004
        ]
      }
    },
    {
      "type": "Feature",
      "properties": {
        "slug": "turkmenistan-ahal-tejen-tejen-bitaraplyk-gowkyzeren-pagta-bazasy",
        "name_tm": "Gowkyzereň pagta bazasy",
        "name_en": "Gowkyzereň pagta bazasy",
        "name_ru": "Говкызерен пагта базасы",
        "type": "village",
        "parent_slug": "turkmenistan-ahal-tejen-tejen-bitaraplyk",
        "root_slug": "turkmenistan-ahal",
        "verification_status": "verification_required"
      },
      "geometry": {
        "type": "Point",
        "coordinates": [
          60.3171993999999998,
          37.47505670000000322
        ]
      }
    },
    {
      "type": "Feature",
      "properties": {
        "slug": "turkmenistan-ahal-tejen-tejen-garassyzlyk-74-nji-duralga",
        "name_tm": "74-nji duralga",
        "name_en": "74-nji duralga",
        "name_ru": "Разъезд № 74",
        "type": "village",
        "parent_slug": "turkmenistan-ahal-tejen-tejen-garassyzlyk",
        "root_slug": "turkmenistan-ahal",
        "verification_status": "verification_required"
      },
      "geometry": {
        "type": "Point",
        "coordinates": [
          60.41721419999999654,
          37.34777179999999674
        ]
      }
    },
    {
      "type": "Feature",
      "properties": {
        "slug": "turkmenistan-ahal-tejen-tejen-garassyzlyk-garassyzlyk",
        "name_tm": "Garaşsyzlyk",
        "name_en": "Garaşsyzlyk",
        "name_ru": "Гарашсызлык",
        "type": "village",
        "parent_slug": "turkmenistan-ahal-tejen-tejen-garassyzlyk",
        "root_slug": "turkmenistan-ahal",
        "verification_status": "verification_required"
      },
      "geometry": {
        "type": "Point",
        "coordinates": [
          60.43746699999999806,
          37.39388850000000276
        ]
      }
    },
    {
      "type": "Feature",
      "properties": {
        "slug": "turkmenistan-ahal-tejen-tejen-garassyzlyk-takyr",
        "name_tm": "Takyr",
        "name_en": "Takyr",
        "name_ru": "Такыр",
        "type": "village",
        "parent_slug": "turkmenistan-ahal-tejen-tejen-garassyzlyk",
        "root_slug": "turkmenistan-ahal",
        "verification_status": "verification_required"
      },
      "geometry": {
        "type": "Point",
        "coordinates": [
          60.24548959999999909,
          37.27110820000000046
        ]
      }
    },
    {
      "type": "Feature",
      "properties": {
        "slug": "turkmenistan-ahal-tejen-tejen-garrycyrla-garrycyrla",
        "name_tm": "Garryçyrla",
        "name_en": "Garryçyrla",
        "name_ru": "Гаррычырла",
        "type": "village",
        "parent_slug": "turkmenistan-ahal-tejen-tejen-garrycyrla",
        "root_slug": "turkmenistan-ahal",
        "verification_status": "verification_required"
      },
      "geometry": {
        "type": "Point",
        "coordinates": [
          60.1603496999999976,
          37.5321787000000029
        ]
      }
    },
    {
      "type": "Feature",
      "properties": {
        "slug": "turkmenistan-ahal-tejen-tejen-goniamasa-goniamasa",
        "name_tm": "Göniamaşa",
        "name_en": "Göniamaşa",
        "name_ru": "Гониамаша",
        "type": "village",
        "parent_slug": "turkmenistan-ahal-tejen-tejen-goniamasa",
        "root_slug": "turkmenistan-ahal",
        "verification_status": "verification_required"
      },
      "geometry": {
        "type": "Point",
        "coordinates": [
          60.46668069999999773,
          37.47322189999999865
        ]
      }
    },
    {
      "type": "Feature",
      "properties": {
        "slug": "turkmenistan-ahal-tejen-tejen-tazeoba",
        "name_tm": "Täzeoba",
        "name_en": "Täzeoba",
        "name_ru": "Тазеоба",
        "type": "village",
        "parent_slug": "turkmenistan-ahal-tejen-tejen",
        "root_slug": "turkmenistan-ahal",
        "verification_status": "verification_required"
      },
      "geometry": {
        "type": "Point",
        "coordinates": [
          60.35001019999999983,
          37.4989216999999968
        ]
      }
    },
    {
      "type": "Feature",
      "properties": {
        "slug": "turkmenistan-ahal-tejen-tejen-zaman-selenli",
        "name_tm": "Seleňli",
        "name_en": "Seleňli",
        "name_ru": "Селенли",
        "type": "village",
        "parent_slug": "turkmenistan-ahal-tejen-tejen-zaman",
        "root_slug": "turkmenistan-ahal",
        "verification_status": "verification_required"
      },
      "geometry": {
        "type": "Point",
        "coordinates": [
          60.56667540000000116,
          37.45177619999999763
        ]
      }
    },
    {
      "type": "Feature",
      "properties": {
        "slug": "turkmenistan-ahal-tejen-tejen-zaman-serdar",
        "name_tm": "Serdar",
        "name_en": "Serdar",
        "name_ru": "Сердар",
        "type": "village",
        "parent_slug": "turkmenistan-ahal-tejen-tejen-zaman",
        "root_slug": "turkmenistan-ahal",
        "verification_status": "verification_required"
      },
      "geometry": {
        "type": "Point",
        "coordinates": [
          60.497909700000001,
          37.43050879999999836
        ]
      }
    },
    {
      "type": "Feature",
      "properties": {
        "slug": "turkmenistan-ahal-tejen-tejen-zaman-zaman",
        "name_tm": "Zaman",
        "name_en": "Zaman",
        "name_ru": "Заман",
        "type": "village",
        "parent_slug": "turkmenistan-ahal-tejen-tejen-zaman",
        "root_slug": "turkmenistan-ahal",
        "verification_status": "verification_required"
      },
      "geometry": {
        "type": "Point",
        "coordinates": [
          60.53844529999999935,
          37.4513832000000022
        ]
      }
    },
    {
      "type": "Feature",
      "properties": {
        "slug": "turkmenistan-ak-altyn",
        "name_tm": "Ak altyn",
        "name_en": "Ak altyn",
        "name_ru": "Ак алтын",
        "type": "village",
        "parent_slug": "turkmenistan",
        "root_slug": null,
        "verification_status": "verification_required"
      },
      "geometry": {
        "type": "Point",
        "coordinates": [
          63.72103620000000034,
          38.92457989999999768
        ]
      }
    },
    {
      "type": "Feature",
      "properties": {
        "slug": "turkmenistan-akguyy-genesligi",
        "name_tm": "Akguýy geňeşligi",
        "name_en": "Akguýy geňeşligi",
        "name_ru": "Акгуйы генешлиги",
        "type": "village",
        "parent_slug": "turkmenistan",
        "root_slug": null,
        "verification_status": "verification_required"
      },
      "geometry": {
        "type": "Point",
        "coordinates": [
          54.25006779999999651,
          40.16015070000000265
        ]
      }
    },
    {
      "type": "Feature",
      "properties": {
        "slug": "turkmenistan-arap",
        "name_tm": "Arap",
        "name_en": "Arap",
        "name_ru": "Арап",
        "type": "village",
        "parent_slug": "turkmenistan",
        "root_slug": null,
        "verification_status": "verification_required"
      },
      "geometry": {
        "type": "Point",
        "coordinates": [
          59.69988680000000158,
          41.99011660000000034
        ]
      }
    },
    {
      "type": "Feature",
      "properties": {
        "slug": "turkmenistan-asgabat",
        "name_tm": "Aşgabat",
        "name_en": "Ashgabat",
        "name_ru": "Ашхабад",
        "type": "independent_city",
        "parent_slug": "turkmenistan",
        "root_slug": "turkmenistan-asgabat",
        "verification_status": "verified"
      },
      "geometry": {
        "type": "Point",
        "coordinates": [
          58.32606299999999778,
          37.9600769999999983
        ]
      }
    },
    {
      "type": "Feature",
      "properties": {
        "slug": "turkmenistan-asgabat-village",
        "name_tm": "Asgabat",
        "name_en": "Asgabat",
        "name_ru": "Асгабат",
        "type": "village",
        "parent_slug": "turkmenistan",
        "root_slug": null,
        "verification_status": "verification_required"
      },
      "geometry": {
        "type": "Point",
        "coordinates": [
          61.26575739999999826,
          36.56583309999999898
        ]
      }
    },
    {
      "type": "Feature",
      "properties": {
        "slug": "turkmenistan-ataoba",
        "name_tm": "Ataoba",
        "name_en": "Ataoba",
        "name_ru": "Атаоба",
        "type": "village",
        "parent_slug": "turkmenistan",
        "root_slug": null,
        "verification_status": "verification_required"
      },
      "geometry": {
        "type": "Point",
        "coordinates": [
          63.12027729999999793,
          39.25263079999999861
        ]
      }
    },
    {
      "type": "Feature",
      "properties": {
        "slug": "turkmenistan-azatlyk",
        "name_tm": "Azatlyk",
        "name_en": "Azatlyk",
        "name_ru": "Азатлык",
        "type": "village",
        "parent_slug": "turkmenistan",
        "root_slug": null,
        "verification_status": "verification_required"
      },
      "geometry": {
        "type": "Point",
        "coordinates": [
          63.13435739999999897,
          39.24071349999999825
        ]
      }
    },
    {
      "type": "Feature",
      "properties": {
        "slug": "turkmenistan-babadayhan",
        "name_tm": "Babadaýhan",
        "name_en": "Babadaýhan",
        "name_ru": "Бабадайхан",
        "type": "village",
        "parent_slug": "turkmenistan",
        "root_slug": null,
        "verification_status": "verification_required"
      },
      "geometry": {
        "type": "Point",
        "coordinates": [
          63.72524429999999996,
          38.93218840000000113
        ]
      }
    },
    {
      "type": "Feature",
      "properties": {
        "slug": "turkmenistan-bagsyly",
        "name_tm": "Bagşyly",
        "name_en": "Bagşyly",
        "name_ru": "Багшылы",
        "type": "village",
        "parent_slug": "turkmenistan",
        "root_slug": null,
        "verification_status": "verification_required"
      },
      "geometry": {
        "type": "Point",
        "coordinates": [
          65.07308170000000302,
          37.94843939999999805
        ]
      }
    },
    {
      "type": "Feature",
      "properties": {
        "slug": "turkmenistan-bagtyyarlyk-obasy",
        "name_tm": "Bagtyýarlyk obasy",
        "name_en": "Bagtyýarlyk obasy",
        "name_ru": "Багтыярлык обасы",
        "type": "village",
        "parent_slug": "turkmenistan",
        "root_slug": null,
        "verification_status": "verification_required"
      },
      "geometry": {
        "type": "Point",
        "coordinates": [
          62.19280729999999835,
          37.4161090999999999
        ]
      }
    },
    {
      "type": "Feature",
      "properties": {
        "slug": "turkmenistan-balkan-bereket-bereket-ajyguyy-obasy",
        "name_tm": "Ajyguýy obasy",
        "name_en": "Ajyguýy obasy",
        "name_ru": "Ажыгуйы обасы",
        "type": "village",
        "parent_slug": "turkmenistan-balkan-bereket-bereket",
        "root_slug": "turkmenistan-balkan",
        "verification_status": "verification_required"
      },
      "geometry": {
        "type": "Point",
        "coordinates": [
          54.96538639999999987,
          39.7641642000000033
        ]
      }
    },
    {
      "type": "Feature",
      "properties": {
        "slug": "turkmenistan-balkan-bereket-bereket-akjaguyma-obasy",
        "name_tm": "Akjaguýma obasy",
        "name_en": "Akjaguýma obasy",
        "name_ru": "Акжагуйма обасы",
        "type": "village",
        "parent_slug": "turkmenistan-balkan-bereket-bereket",
        "root_slug": "turkmenistan-balkan",
        "verification_status": "verification_required"
      },
      "geometry": {
        "type": "Point",
        "coordinates": [
          55.16796130000000175,
          39.34896150000000147
        ]
      }
    },
    {
      "type": "Feature",
      "properties": {
        "slug": "turkmenistan-balkan-bereket-bereket-arkac-obasy",
        "name_tm": "Arkaç obasy",
        "name_en": "Arkaç obasy",
        "name_ru": "Аркач обасы",
        "type": "village",
        "parent_slug": "turkmenistan-balkan-bereket-bereket",
        "root_slug": "turkmenistan-balkan",
        "verification_status": "verification_required"
      },
      "geometry": {
        "type": "Point",
        "coordinates": [
          55.00988490000000297,
          39.40601670000000211
        ]
      }
    },
    {
      "type": "Feature",
      "properties": {
        "slug": "turkmenistan-balkan-bereket-bereket-burgun-obasy",
        "name_tm": "Burgun obasy",
        "name_en": "Burgun obasy",
        "name_ru": "Бургун обасы",
        "type": "village",
        "parent_slug": "turkmenistan-balkan-bereket-bereket",
        "root_slug": "turkmenistan-balkan",
        "verification_status": "verification_required"
      },
      "geometry": {
        "type": "Point",
        "coordinates": [
          55.90465489999999705,
          39.89801630000000187
        ]
      }
    },
    {
      "type": "Feature",
      "properties": {
        "slug": "turkmenistan-balkan-bereket-bereket-gamakly",
        "name_tm": "Gamakly",
        "name_en": "Gamakly",
        "name_ru": "Гамаклы",
        "type": "village",
        "parent_slug": "turkmenistan-balkan-bereket-bereket",
        "root_slug": "turkmenistan-balkan",
        "verification_status": "verification_required"
      },
      "geometry": {
        "type": "Point",
        "coordinates": [
          55.87128899999999732,
          39.1173612999999989
        ]
      }
    },
    {
      "type": "Feature",
      "properties": {
        "slug": "turkmenistan-balkan-bereket-bereket-gulmac",
        "name_tm": "Gulmaç",
        "name_en": "Gulmaç",
        "name_ru": "Гулмач",
        "type": "village",
        "parent_slug": "turkmenistan-balkan-bereket-bereket",
        "root_slug": "turkmenistan-balkan",
        "verification_status": "verification_required"
      },
      "geometry": {
        "type": "Point",
        "coordinates": [
          55.9375579000000016,
          39.05898580000000208
        ]
      }
    },
    {
      "type": "Feature",
      "properties": {
        "slug": "turkmenistan-balkan-bereket-bereket-isgender",
        "name_tm": "Isgender",
        "name_en": "Isgender",
        "name_ru": "Искандер",
        "type": "village",
        "parent_slug": "turkmenistan-balkan-bereket-bereket",
        "root_slug": "turkmenistan-balkan",
        "verification_status": "verification_required"
      },
      "geometry": {
        "type": "Point",
        "coordinates": [
          55.93109919999999847,
          39.07870789999999773
        ]
      }
    },
    {
      "type": "Feature",
      "properties": {
        "slug": "turkmenistan-balkan-bereket-bereket-jemal-obasy",
        "name_tm": "Jemal obasy",
        "name_en": "Jemal obasy",
        "name_ru": "Жемал обасы",
        "type": "village",
        "parent_slug": "turkmenistan-balkan-bereket-bereket",
        "root_slug": "turkmenistan-balkan",
        "verification_status": "verification_required"
      },
      "geometry": {
        "type": "Point",
        "coordinates": [
          56.07942059999999885,
          39.90412839999999762
        ]
      }
    },
    {
      "type": "Feature",
      "properties": {
        "slug": "turkmenistan-balkan-bereket-bereket-oboy-akjaguyma",
        "name_tm": "Akjaguýma",
        "name_en": "Akjaguýma",
        "name_ru": "Акжагуйма",
        "type": "village",
        "parent_slug": "turkmenistan-balkan-bereket-bereket-oboy",
        "root_slug": "turkmenistan-balkan",
        "verification_status": "verification_required"
      },
      "geometry": {
        "type": "Point",
        "coordinates": [
          55.16839360000000169,
          39.34978399999999966
        ]
      }
    },
    {
      "type": "Feature",
      "properties": {
        "slug": "turkmenistan-balkan-bereket-bereket-oboy-arkac",
        "name_tm": "Arkaç",
        "name_en": "Arkaç",
        "name_ru": "Аркач",
        "type": "village",
        "parent_slug": "turkmenistan-balkan-bereket-bereket-oboy",
        "root_slug": "turkmenistan-balkan",
        "verification_status": "verification_required"
      },
      "geometry": {
        "type": "Point",
        "coordinates": [
          55.00965399999999761,
          39.40568139999999886
        ]
      }
    },
    {
      "type": "Feature",
      "properties": {
        "slug": "turkmenistan-balkan-bereket-bereket-oboy-aydyn",
        "name_tm": "Aýdyň",
        "name_en": "Aýdyň",
        "name_ru": "Айдын",
        "type": "village",
        "parent_slug": "turkmenistan-balkan-bereket-bereket-oboy",
        "root_slug": "turkmenistan-balkan",
        "verification_status": "verification_required"
      },
      "geometry": {
        "type": "Point",
        "coordinates": [
          54.82864320000000191,
          39.38201690000000355
        ]
      }
    },
    {
      "type": "Feature",
      "properties": {
        "slug": "turkmenistan-balkan-bereket-bereket-oboy-citli",
        "name_tm": "Çitli",
        "name_en": "Çitli",
        "name_ru": "Читли",
        "type": "village",
        "parent_slug": "turkmenistan-balkan-bereket-bereket-oboy",
        "root_slug": "turkmenistan-balkan",
        "verification_status": "verification_required"
      },
      "geometry": {
        "type": "Point",
        "coordinates": [
          55.3406743999999975,
          39.30042079999999772
        ]
      }
    },
    {
      "type": "Feature",
      "properties": {
        "slug": "turkmenistan-balkan-bereket-bereket-oboy-daneata",
        "name_tm": "Däneata",
        "name_en": "Däneata",
        "name_ru": "Данеата",
        "type": "village",
        "parent_slug": "turkmenistan-balkan-bereket-bereket-oboy",
        "root_slug": "turkmenistan-balkan",
        "verification_status": "verification_required"
      },
      "geometry": {
        "type": "Point",
        "coordinates": [
          55.14764230000000111,
          39.11065880000000306
        ]
      }
    },
    {
      "type": "Feature",
      "properties": {
        "slug": "turkmenistan-balkan-bereket-bereket-oboy-oboy",
        "name_tm": "Oboý",
        "name_en": "Oboý",
        "name_ru": "Обой",
        "type": "village",
        "parent_slug": "turkmenistan-balkan-bereket-bereket-oboy",
        "root_slug": "turkmenistan-balkan",
        "verification_status": "verification_required"
      },
      "geometry": {
        "type": "Point",
        "coordinates": [
          55.31469779999999759,
          39.15168719999999781
        ]
      }
    },
    {
      "type": "Feature",
      "properties": {
        "slug": "turkmenistan-balkan-bereket-bereket-ok",
        "name_tm": "Ok",
        "name_en": "Ok",
        "name_ru": "Ок",
        "type": "village",
        "parent_slug": "turkmenistan-balkan-bereket-bereket",
        "root_slug": "turkmenistan-balkan",
        "verification_status": "verification_required"
      },
      "geometry": {
        "type": "Point",
        "coordinates": [
          56.18996690000000171,
          39.36807300000000253
        ]
      }
    },
    {
      "type": "Feature",
      "properties": {
        "slug": "turkmenistan-balkan-bereket-bereket-oylegusluk",
        "name_tm": "Öýleguşluk",
        "name_en": "Öýleguşluk",
        "name_ru": "Ойлегушлук",
        "type": "village",
        "parent_slug": "turkmenistan-balkan-bereket-bereket",
        "root_slug": "turkmenistan-balkan",
        "verification_status": "verification_required"
      },
      "geometry": {
        "type": "Point",
        "coordinates": [
          55.79524949999999706,
          38.638711899999997
        ]
      }
    },
    {
      "type": "Feature",
      "properties": {
        "slug": "turkmenistan-balkan-bereket-bereket-oylegusluk-obasy",
        "name_tm": "Öýleguşluk obasy",
        "name_en": "Öýleguşluk obasy",
        "name_ru": "Ойлегушлук обасы",
        "type": "village",
        "parent_slug": "turkmenistan-balkan-bereket-bereket",
        "root_slug": "turkmenistan-balkan",
        "verification_status": "verification_required"
      },
      "geometry": {
        "type": "Point",
        "coordinates": [
          55.79863000000000283,
          38.63812790000000063
        ]
      }
    },
    {
      "type": "Feature",
      "properties": {
        "slug": "turkmenistan-balkan-bereket-bereket-s-a-nyyazow-adyndaky-magtymguly",
        "name_tm": "Magtymguly",
        "name_en": "Magtymguly",
        "name_ru": "Магтымгулы",
        "type": "village",
        "parent_slug": "turkmenistan-balkan-bereket-bereket-s-a-nyyazow-adyndaky",
        "root_slug": "turkmenistan-balkan",
        "verification_status": "verification_required"
      },
      "geometry": {
        "type": "Point",
        "coordinates": [
          55.67901229999999658,
          39.30404140000000269
        ]
      }
    },
    {
      "type": "Feature",
      "properties": {
        "slug": "turkmenistan-balkan-bereket-bereket-s-a-nyyazow-adyndaky-turkmenistan",
        "name_tm": "Türkmenistan",
        "name_en": "Türkmenistan",
        "name_ru": "Туркменистан",
        "type": "village",
        "parent_slug": "turkmenistan-balkan-bereket-bereket-s-a-nyyazow-adyndaky",
        "root_slug": "turkmenistan-balkan",
        "verification_status": "verification_required"
      },
      "geometry": {
        "type": "Point",
        "coordinates": [
          55.81464919999999808,
          39.40594380000000286
        ]
      }
    },
    {
      "type": "Feature",
      "properties": {
        "slug": "turkmenistan-balkan-bereket-bereket-s-a-nyyazow-adyndaky-uzynsuw",
        "name_tm": "Uzynsuw",
        "name_en": "Uzynsuw",
        "name_ru": "Узынсув",
        "type": "village",
        "parent_slug": "turkmenistan-balkan-bereket-bereket-s-a-nyyazow-adyndaky",
        "root_slug": "turkmenistan-balkan",
        "verification_status": "verification_required"
      },
      "geometry": {
        "type": "Point",
        "coordinates": [
          55.69858070000000083,
          39.17848049999999916
        ]
      }
    },
    {
      "type": "Feature",
      "properties": {
        "slug": "turkmenistan-balkan-bereket-bereket-s-a-nyyazow-adyndaky-uzynsuw-bekedi",
        "name_tm": "Uzynsuw bekedi",
        "name_en": "Uzynsuw bekedi",
        "name_ru": "Узынсув бекеди",
        "type": "village",
        "parent_slug": "turkmenistan-balkan-bereket-bereket-s-a-nyyazow-adyndaky",
        "root_slug": "turkmenistan-balkan",
        "verification_status": "verification_required"
      },
      "geometry": {
        "type": "Point",
        "coordinates": [
          55.70988450000000113,
          39.21302759999999665
        ]
      }
    },
    {
      "type": "Feature",
      "properties": {
        "slug": "turkmenistan-balkan-bereket-bereket-turkmenistan-obasy",
        "name_tm": "Türkmenistan obasy",
        "name_en": "Türkmenistan obasy",
        "name_ru": "Туркменистан обасы",
        "type": "village",
        "parent_slug": "turkmenistan-balkan-bereket-bereket",
        "root_slug": "turkmenistan-balkan",
        "verification_status": "verification_required"
      },
      "geometry": {
        "type": "Point",
        "coordinates": [
          55.81414310000000256,
          39.40527660000000054
        ]
      }
    },
    {
      "type": "Feature",
      "properties": {
        "slug": "turkmenistan-balkan-bereket-bereket-yasga-ajyguyy",
        "name_tm": "Ajyguýy",
        "name_en": "Ajyguýy",
        "name_ru": "Ажыгуйы",
        "type": "village",
        "parent_slug": "turkmenistan-balkan-bereket-bereket-yasga",
        "root_slug": "turkmenistan-balkan",
        "verification_status": "verification_required"
      },
      "geometry": {
        "type": "Point",
        "coordinates": [
          54.96504480000000114,
          39.76461700000000121
        ]
      }
    },
    {
      "type": "Feature",
      "properties": {
        "slug": "turkmenistan-balkan-bereket-bereket-yasga-burgun",
        "name_tm": "Burgun",
        "name_en": "Burgun",
        "name_ru": "Бургун",
        "type": "village",
        "parent_slug": "turkmenistan-balkan-bereket-bereket-yasga",
        "root_slug": "turkmenistan-balkan",
        "verification_status": "verification_required"
      },
      "geometry": {
        "type": "Point",
        "coordinates": [
          55.90561069999999689,
          39.8971718000000024
        ]
      }
    },
    {
      "type": "Feature",
      "properties": {
        "slug": "turkmenistan-balkan-bereket-bereket-yasga-duwunci",
        "name_tm": "Düwünçi",
        "name_en": "Düwünçi",
        "name_ru": "Дувунчи",
        "type": "village",
        "parent_slug": "turkmenistan-balkan-bereket-bereket-yasga",
        "root_slug": "turkmenistan-balkan",
        "verification_status": "verification_required"
      },
      "geometry": {
        "type": "Point",
        "coordinates": [
          55.1204681999999977,
          39.72803679999999816
        ]
      }
    },
    {
      "type": "Feature",
      "properties": {
        "slug": "turkmenistan-balkan-bereket-bereket-yasga-garayylgyn",
        "name_tm": "Garaýylgyn",
        "name_en": "Garaýylgyn",
        "name_ru": "Гарайылгын",
        "type": "village",
        "parent_slug": "turkmenistan-balkan-bereket-bereket-yasga",
        "root_slug": "turkmenistan-balkan",
        "verification_status": "verification_required"
      },
      "geometry": {
        "type": "Point",
        "coordinates": [
          55.4432467000000031,
          40.11328900000000174
        ]
      }
    },
    {
      "type": "Feature",
      "properties": {
        "slug": "turkmenistan-balkan-bereket-bereket-yasga-jemal",
        "name_tm": "Jemal",
        "name_en": "Jemal",
        "name_ru": "Джемал",
        "type": "village",
        "parent_slug": "turkmenistan-balkan-bereket-bereket-yasga",
        "root_slug": "turkmenistan-balkan",
        "verification_status": "verification_required"
      },
      "geometry": {
        "type": "Point",
        "coordinates": [
          56.07911239999999964,
          39.90371290000000215
        ]
      }
    },
    {
      "type": "Feature",
      "properties": {
        "slug": "turkmenistan-balkan-bereket-bereket-yasga-kicijikyazy",
        "name_tm": "Kiçijikýazy",
        "name_en": "Kiçijikýazy",
        "name_ru": "Кичижикязы",
        "type": "village",
        "parent_slug": "turkmenistan-balkan-bereket-bereket-yasga",
        "root_slug": "turkmenistan-balkan",
        "verification_status": "verification_required"
      },
      "geometry": {
        "type": "Point",
        "coordinates": [
          55.25396609999999953,
          39.73011840000000205
        ]
      }
    },
    {
      "type": "Feature",
      "properties": {
        "slug": "turkmenistan-balkan-bereket-bereket-yasga-yasga",
        "name_tm": "Ýasga",
        "name_en": "Ýasga",
        "name_ru": "Ясга",
        "type": "village",
        "parent_slug": "turkmenistan-balkan-bereket-bereket-yasga",
        "root_slug": "turkmenistan-balkan",
        "verification_status": "verification_required"
      },
      "geometry": {
        "type": "Point",
        "coordinates": [
          55.55822779999999739,
          39.70760669999999948
        ]
      }
    },
    {
      "type": "Feature",
      "properties": {
        "slug": "turkmenistan-balkan-esenguly-esenguly-ajyyap-ajyyap",
        "name_tm": "Ajyýap",
        "name_en": "Ajyýap",
        "name_ru": "Аджияп",
        "type": "village",
        "parent_slug": "turkmenistan-balkan-esenguly-esenguly-ajyyap",
        "root_slug": "turkmenistan-balkan",
        "verification_status": "verification_required"
      },
      "geometry": {
        "type": "Point",
        "coordinates": [
          54.15904090000000081,
          37.42091359999999867
        ]
      }
    },
    {
      "type": "Feature",
      "properties": {
        "slug": "turkmenistan-balkan-esenguly-esenguly-bugdayly-alannyrtly",
        "name_tm": "Alaňňyrtly",
        "name_en": "Alaňňyrtly",
        "name_ru": "Аланныртлы",
        "type": "village",
        "parent_slug": "turkmenistan-balkan-esenguly-esenguly-bugdayly",
        "root_slug": "turkmenistan-balkan",
        "verification_status": "verification_required"
      },
      "geometry": {
        "type": "Point",
        "coordinates": [
          54.35416699999999679,
          38.46527799999999786
        ]
      }
    },
    {
      "type": "Feature",
      "properties": {
        "slug": "turkmenistan-balkan-esenguly-esenguly-bugdayly-balguyy",
        "name_tm": "Balguýy",
        "name_en": "Balguýy",
        "name_ru": "Балгуйы",
        "type": "village",
        "parent_slug": "turkmenistan-balkan-esenguly-esenguly-bugdayly",
        "root_slug": "turkmenistan-balkan",
        "verification_status": "verification_required"
      },
      "geometry": {
        "type": "Point",
        "coordinates": [
          54.48042420000000163,
          38.39146790000000208
        ]
      }
    },
    {
      "type": "Feature",
      "properties": {
        "slug": "turkmenistan-balkan-esenguly-esenguly-bugdayly-bugdayly",
        "name_tm": "Bugdaýly",
        "name_en": "Bugdaýly",
        "name_ru": "Бугдайлы",
        "type": "village",
        "parent_slug": "turkmenistan-balkan-esenguly-esenguly-bugdayly",
        "root_slug": "turkmenistan-balkan",
        "verification_status": "verification_required"
      },
      "geometry": {
        "type": "Point",
        "coordinates": [
          54.37778440000000301,
          38.49373150000000266
        ]
      }
    },
    {
      "type": "Feature",
      "properties": {
        "slug": "turkmenistan-balkan-esenguly-esenguly-bugdayly-gogerendag",
        "name_tm": "Gögerendag",
        "name_en": "Gögerendag",
        "name_ru": "Гогерендаг",
        "type": "village",
        "parent_slug": "turkmenistan-balkan-esenguly-esenguly-bugdayly",
        "root_slug": "turkmenistan-balkan",
        "verification_status": "verification_required"
      },
      "geometry": {
        "type": "Point",
        "coordinates": [
          54.33273210000000119,
          38.88239169999999945
        ]
      }
    },
    {
      "type": "Feature",
      "properties": {
        "slug": "turkmenistan-balkan-esenguly-esenguly-bugdayly-oruncage",
        "name_tm": "Orunçäge",
        "name_en": "Orunçäge",
        "name_ru": "Орунчаге",
        "type": "village",
        "parent_slug": "turkmenistan-balkan-esenguly-esenguly-bugdayly",
        "root_slug": "turkmenistan-balkan",
        "verification_status": "verification_required"
      },
      "geometry": {
        "type": "Point",
        "coordinates": [
          54.43529910000000171,
          38.45627759999999995
        ]
      }
    },
    {
      "type": "Feature",
      "properties": {
        "slug": "turkmenistan-balkan-esenguly-esenguly-bugdayly-sahman",
        "name_tm": "Şahman",
        "name_en": "Şahman",
        "name_ru": "Шахман",
        "type": "village",
        "parent_slug": "turkmenistan-balkan-esenguly-esenguly-bugdayly",
        "root_slug": "turkmenistan-balkan",
        "verification_status": "verification_required"
      },
      "geometry": {
        "type": "Point",
        "coordinates": [
          54.46111160000000239,
          38.40577969999999652
        ]
      }
    },
    {
      "type": "Feature",
      "properties": {
        "slug": "turkmenistan-balkan-esenguly-esenguly-bugdayly-yndarlan",
        "name_tm": "Yňdarlan",
        "name_en": "Yňdarlan",
        "name_ru": "Индерлен",
        "type": "village",
        "parent_slug": "turkmenistan-balkan-esenguly-esenguly-bugdayly",
        "root_slug": "turkmenistan-balkan",
        "verification_status": "verification_required"
      },
      "geometry": {
        "type": "Point",
        "coordinates": [
          54.29886989999999969,
          37.97755870000000301
        ]
      }
    },
    {
      "type": "Feature",
      "properties": {
        "slug": "turkmenistan-balkan-esenguly-esenguly-caloyyk-caloyyk",
        "name_tm": "Çaloýyk",
        "name_en": "Çaloýyk",
        "name_ru": "Чалойык",
        "type": "village",
        "parent_slug": "turkmenistan-balkan-esenguly-esenguly-caloyyk",
        "root_slug": "turkmenistan-balkan",
        "verification_status": "verification_required"
      },
      "geometry": {
        "type": "Point",
        "coordinates": [
          54.32606979999999908,
          37.41215830000000153
        ]
      }
    },
    {
      "type": "Feature",
      "properties": {
        "slug": "turkmenistan-balkan-esenguly-esenguly-cekisler-bazarly",
        "name_tm": "Bazarly",
        "name_en": "Bazarly",
        "name_ru": "Базарлы",
        "type": "village",
        "parent_slug": "turkmenistan-balkan-esenguly-esenguly-cekisler",
        "root_slug": "turkmenistan-balkan",
        "verification_status": "verification_required"
      },
      "geometry": {
        "type": "Point",
        "coordinates": [
          53.89146029999999854,
          37.59370950000000278
        ]
      }
    },
    {
      "type": "Feature",
      "properties": {
        "slug": "turkmenistan-balkan-esenguly-esenguly-cekisler-cekisler",
        "name_tm": "Çekişler",
        "name_en": "Çekişler",
        "name_ru": "Чикишляр",
        "type": "village",
        "parent_slug": "turkmenistan-balkan-esenguly-esenguly-cekisler",
        "root_slug": "turkmenistan-balkan",
        "verification_status": "verification_required"
      },
      "geometry": {
        "type": "Point",
        "coordinates": [
          53.90025740000000098,
          37.57470690000000246
        ]
      }
    },
    {
      "type": "Feature",
      "properties": {
        "slug": "turkmenistan-balkan-esenguly-esenguly-gamyslyja",
        "name_tm": "Gamyşlyja",
        "name_en": "Gamyşlyja",
        "name_ru": "Камышлыджа",
        "type": "village",
        "parent_slug": "turkmenistan-balkan-esenguly-esenguly",
        "root_slug": "turkmenistan-balkan",
        "verification_status": "verification_required"
      },
      "geometry": {
        "type": "Point",
        "coordinates": [
          54.01524940000000185,
          38.39410850000000152
        ]
      }
    },
    {
      "type": "Feature",
      "properties": {
        "slug": "turkmenistan-balkan-esenguly-esenguly-gamyslyja-obasy",
        "name_tm": "Gamyşlyja obasy",
        "name_en": "Gamyşlyja obasy",
        "name_ru": "Гамышлыжа обасы",
        "type": "village",
        "parent_slug": "turkmenistan-balkan-esenguly-esenguly",
        "root_slug": "turkmenistan-balkan",
        "verification_status": "verification_required"
      },
      "geometry": {
        "type": "Point",
        "coordinates": [
          54.01524940000000185,
          38.39410850000000152
        ]
      }
    },
    {
      "type": "Feature",
      "properties": {
        "slug": "turkmenistan-balkan-esenguly-esenguly-garadegis-garadegis",
        "name_tm": "Garadegiş",
        "name_en": "Garadegiş",
        "name_ru": "Гарадегиш",
        "type": "village",
        "parent_slug": "turkmenistan-balkan-esenguly-esenguly-garadegis",
        "root_slug": "turkmenistan-balkan",
        "verification_status": "verification_required"
      },
      "geometry": {
        "type": "Point",
        "coordinates": [
          54.49679969999999685,
          37.4427068000000034
        ]
      }
    },
    {
      "type": "Feature",
      "properties": {
        "slug": "turkmenistan-balkan-esenguly-esenguly-oruncage-obasy",
        "name_tm": "Orunçäge obasy",
        "name_en": "Orunçäge obasy",
        "name_ru": "Орунчаге обасы",
        "type": "village",
        "parent_slug": "turkmenistan-balkan-esenguly-esenguly",
        "root_slug": "turkmenistan-balkan",
        "verification_status": "verification_required"
      },
      "geometry": {
        "type": "Point",
        "coordinates": [
          54.43369859999999961,
          38.45741040000000054
        ]
      }
    },
    {
      "type": "Feature",
      "properties": {
        "slug": "turkmenistan-balkan-etrek-etrek-akyayla-akyayla",
        "name_tm": "Akýaýla",
        "name_en": "Akýaýla",
        "name_ru": "Ак-Яйла",
        "type": "village",
        "parent_slug": "turkmenistan-balkan-etrek-etrek-akyayla",
        "root_slug": "turkmenistan-balkan",
        "verification_status": "verification_required"
      },
      "geometry": {
        "type": "Point",
        "coordinates": [
          54.68788500000000141,
          37.48832130000000263
        ]
      }
    },
    {
      "type": "Feature",
      "properties": {
        "slug": "turkmenistan-balkan-etrek-etrek-akyayla-cetli",
        "name_tm": "Çetli",
        "name_en": "Çetli",
        "name_ru": "Четли",
        "type": "village",
        "parent_slug": "turkmenistan-balkan-etrek-etrek-akyayla",
        "root_slug": "turkmenistan-balkan",
        "verification_status": "verification_required"
      },
      "geometry": {
        "type": "Point",
        "coordinates": [
          54.73939529999999821,
          37.52422709999999739
        ]
      }
    },
    {
      "type": "Feature",
      "properties": {
        "slug": "turkmenistan-balkan-etrek-etrek-akyayla-gudurolum",
        "name_tm": "Güdürolum",
        "name_en": "Güdürolum",
        "name_ru": "Гудуролум",
        "type": "village",
        "parent_slug": "turkmenistan-balkan-etrek-etrek-akyayla",
        "root_slug": "turkmenistan-balkan",
        "verification_status": "verification_required"
      },
      "geometry": {
        "type": "Point",
        "coordinates": [
          54.65174559999999815,
          37.47318779999999805
        ]
      }
    },
    {
      "type": "Feature",
      "properties": {
        "slug": "turkmenistan-balkan-etrek-etrek-cetli-obasy",
        "name_tm": "Çetli obasy",
        "name_en": "Çetli obasy",
        "name_ru": "Четли обасы",
        "type": "village",
        "parent_slug": "turkmenistan-balkan-etrek-etrek",
        "root_slug": "turkmenistan-balkan",
        "verification_status": "verification_required"
      },
      "geometry": {
        "type": "Point",
        "coordinates": [
          54.73926920000000251,
          37.5243011000000024
        ]
      }
    },
    {
      "type": "Feature",
      "properties": {
        "slug": "turkmenistan-balkan-etrek-etrek-garaagac-garaagac",
        "name_tm": "Garaagaç",
        "name_en": "Garaagaç",
        "name_ru": "Кара-Агач",
        "type": "village",
        "parent_slug": "turkmenistan-balkan-etrek-etrek-garaagac",
        "root_slug": "turkmenistan-balkan",
        "verification_status": "verification_required"
      },
      "geometry": {
        "type": "Point",
        "coordinates": [
          55.34107319999999675,
          38.09277529999999957
        ]
      }
    },
    {
      "type": "Feature",
      "properties": {
        "slug": "turkmenistan-balkan-etrek-etrek-gudurolum-obasy",
        "name_tm": "Güdürolum obasy",
        "name_en": "Güdürolum obasy",
        "name_ru": "Гудуролум обасы",
        "type": "village",
        "parent_slug": "turkmenistan-balkan-etrek-etrek",
        "root_slug": "turkmenistan-balkan",
        "verification_status": "verification_required"
      },
      "geometry": {
        "type": "Point",
        "coordinates": [
          54.65174559999999815,
          37.47318779999999805
        ]
      }
    },
    {
      "type": "Feature",
      "properties": {
        "slug": "turkmenistan-balkan-etrek-etrek-gyzylbayyr-gyzylbayyr",
        "name_tm": "Gyzylbaýyr",
        "name_en": "Gyzylbaýyr",
        "name_ru": "Гызылбайыр",
        "type": "village",
        "parent_slug": "turkmenistan-balkan-etrek-etrek-gyzylbayyr",
        "root_slug": "turkmenistan-balkan",
        "verification_status": "verification_required"
      },
      "geometry": {
        "type": "Point",
        "coordinates": [
          55.65650620000000259,
          38.22589789999999966
        ]
      }
    },
    {
      "type": "Feature",
      "properties": {
        "slug": "turkmenistan-balkan-etrek-etrek-madaw-madaw",
        "name_tm": "Madaw",
        "name_en": "Madaw",
        "name_ru": "Мадав;Мадау",
        "type": "village",
        "parent_slug": "turkmenistan-balkan-etrek-etrek-madaw",
        "root_slug": "turkmenistan-balkan",
        "verification_status": "verification_required"
      },
      "geometry": {
        "type": "Point",
        "coordinates": [
          54.74407910000000043,
          38.1407808000000017
        ]
      }
    },
    {
      "type": "Feature",
      "properties": {
        "slug": "turkmenistan-balkan-gyzylarbat-gyzylarbat-arkac-arkac",
        "name_tm": "Arkaç",
        "name_en": "Arkaç",
        "name_ru": "Аркач",
        "type": "village",
        "parent_slug": "turkmenistan-balkan-gyzylarbat-gyzylarbat-arkac",
        "root_slug": "turkmenistan-balkan",
        "verification_status": "verification_required"
      },
      "geometry": {
        "type": "Point",
        "coordinates": [
          56.28015810000000129,
          39.04425100000000271
        ]
      }
    },
    {
      "type": "Feature",
      "properties": {
        "slug": "turkmenistan-balkan-gyzylarbat-gyzylarbat-arkac-cerkezli",
        "name_tm": "Çerkezli",
        "name_en": "Çerkezli",
        "name_ru": "Черкезли",
        "type": "village",
        "parent_slug": "turkmenistan-balkan-gyzylarbat-gyzylarbat-arkac",
        "root_slug": "turkmenistan-balkan",
        "verification_status": "verification_required"
      },
      "geometry": {
        "type": "Point",
        "coordinates": [
          56.2667584000000005,
          39.35072590000000047
        ]
      }
    },
    {
      "type": "Feature",
      "properties": {
        "slug": "turkmenistan-balkan-gyzylarbat-gyzylarbat-arkac-garabogaz",
        "name_tm": "Garabogaz",
        "name_en": "Garabogaz",
        "name_ru": "Карабогаз",
        "type": "village",
        "parent_slug": "turkmenistan-balkan-gyzylarbat-gyzylarbat-arkac",
        "root_slug": "turkmenistan-balkan",
        "verification_status": "verification_required"
      },
      "geometry": {
        "type": "Point",
        "coordinates": [
          56.45613600000000076,
          39.28277440000000098
        ]
      }
    },
    {
      "type": "Feature",
      "properties": {
        "slug": "turkmenistan-balkan-gyzylarbat-gyzylarbat-arkac-melegoc",
        "name_tm": "Melegoç",
        "name_en": "Melegoç",
        "name_ru": "Мелекоч",
        "type": "village",
        "parent_slug": "turkmenistan-balkan-gyzylarbat-gyzylarbat-arkac",
        "root_slug": "turkmenistan-balkan",
        "verification_status": "verification_required"
      },
      "geometry": {
        "type": "Point",
        "coordinates": [
          56.67121540000000123,
          40.03454550000000011
        ]
      }
    },
    {
      "type": "Feature",
      "properties": {
        "slug": "turkmenistan-balkan-gyzylarbat-gyzylarbat-arkac-rowac",
        "name_tm": "Rowaç",
        "name_en": "Rowaç",
        "name_ru": "Ровач",
        "type": "village",
        "parent_slug": "turkmenistan-balkan-gyzylarbat-gyzylarbat-arkac",
        "root_slug": "turkmenistan-balkan",
        "verification_status": "verification_required"
      },
      "geometry": {
        "type": "Point",
        "coordinates": [
          56.1956743000000003,
          39.24660560000000231
        ]
      }
    },
    {
      "type": "Feature",
      "properties": {
        "slug": "turkmenistan-balkan-gyzylarbat-gyzylarbat-arkac-tutly",
        "name_tm": "Tutly",
        "name_en": "Tutly",
        "name_ru": "Тутлы",
        "type": "village",
        "parent_slug": "turkmenistan-balkan-gyzylarbat-gyzylarbat-arkac",
        "root_slug": "turkmenistan-balkan",
        "verification_status": "verification_required"
      },
      "geometry": {
        "type": "Point",
        "coordinates": [
          56.55930349999999863,
          39.17227640000000121
        ]
      }
    },
    {
      "type": "Feature",
      "properties": {
        "slug": "turkmenistan-balkan-gyzylarbat-gyzylarbat-arkac-yalkym",
        "name_tm": "Ýalkym",
        "name_en": "Ýalkym",
        "name_ru": "Ялкым",
        "type": "village",
        "parent_slug": "turkmenistan-balkan-gyzylarbat-gyzylarbat-arkac",
        "root_slug": "turkmenistan-balkan",
        "verification_status": "verification_required"
      },
      "geometry": {
        "type": "Point",
        "coordinates": [
          57.00016959999999955,
          39.43481059999999872
        ]
      }
    },
    {
      "type": "Feature",
      "properties": {
        "slug": "turkmenistan-balkan-gyzylarbat-gyzylarbat-arkac-yylgynly",
        "name_tm": "Ýylgynly",
        "name_en": "Ýylgynly",
        "name_ru": "Йылгынлы",
        "type": "village",
        "parent_slug": "turkmenistan-balkan-gyzylarbat-gyzylarbat-arkac",
        "root_slug": "turkmenistan-balkan",
        "verification_status": "verification_required"
      },
      "geometry": {
        "type": "Point",
        "coordinates": [
          56.1918828000000019,
          39.86252759999999995
        ]
      }
    },
    {
      "type": "Feature",
      "properties": {
        "slug": "turkmenistan-balkan-gyzylarbat-gyzylarbat-arkac-yylgynly-village",
        "name_tm": "Ýylgynly",
        "name_en": "Ýylgynly",
        "name_ru": "Йылгынлы",
        "type": "village",
        "parent_slug": "turkmenistan-balkan-gyzylarbat-gyzylarbat-arkac",
        "root_slug": "turkmenistan-balkan",
        "verification_status": "verification_required"
      },
      "geometry": {
        "type": "Point",
        "coordinates": [
          56.19201830000000086,
          39.86244510000000218
        ]
      }
    },
    {
      "type": "Feature",
      "properties": {
        "slug": "turkmenistan-balkan-gyzylarbat-gyzylarbat-azady",
        "name_tm": "Azady",
        "name_en": "Azady",
        "name_ru": "Азады",
        "type": "village",
        "parent_slug": "turkmenistan-balkan-gyzylarbat-gyzylarbat",
        "root_slug": "turkmenistan-balkan",
        "verification_status": "verification_required"
      },
      "geometry": {
        "type": "Point",
        "coordinates": [
          56.48134749999999827,
          38.94451320000000294
        ]
      }
    },
    {
      "type": "Feature",
      "properties": {
        "slug": "turkmenistan-balkan-gyzylarbat-gyzylarbat-azady-adyndaky-hasar",
        "name_tm": "Hasar",
        "name_en": "Hasar",
        "name_ru": "Хасар",
        "type": "village",
        "parent_slug": "turkmenistan-balkan-gyzylarbat-gyzylarbat-azady-adyndaky",
        "root_slug": "turkmenistan-balkan",
        "verification_status": "verification_required"
      },
      "geometry": {
        "type": "Point",
        "coordinates": [
          56.53535810000000338,
          38.91682240000000092
        ]
      }
    },
    {
      "type": "Feature",
      "properties": {
        "slug": "turkmenistan-balkan-gyzylarbat-gyzylarbat-azady-adyndaky-sarp",
        "name_tm": "Sarp",
        "name_en": "Sarp",
        "name_ru": "Сарп",
        "type": "village",
        "parent_slug": "turkmenistan-balkan-gyzylarbat-gyzylarbat-azady-adyndaky",
        "root_slug": "turkmenistan-balkan",
        "verification_status": "verification_required"
      },
      "geometry": {
        "type": "Point",
        "coordinates": [
          56.42298619999999688,
          38.93485009999999847
        ]
      }
    },
    {
      "type": "Feature",
      "properties": {
        "slug": "turkmenistan-balkan-gyzylarbat-gyzylarbat-azady-adyndaky-satlyk",
        "name_tm": "Şatlyk",
        "name_en": "Şatlyk",
        "name_ru": "Шатлык",
        "type": "village",
        "parent_slug": "turkmenistan-balkan-gyzylarbat-gyzylarbat-azady-adyndaky",
        "root_slug": "turkmenistan-balkan",
        "verification_status": "verification_required"
      },
      "geometry": {
        "type": "Point",
        "coordinates": [
          56.5345316000000011,
          38.88275490000000189
        ]
      }
    },
    {
      "type": "Feature",
      "properties": {
        "slug": "turkmenistan-balkan-gyzylarbat-gyzylarbat-azady-adyndaky-yaslyk",
        "name_tm": "Ýaşlyk",
        "name_en": "Ýaşlyk",
        "name_ru": "Яшлык",
        "type": "village",
        "parent_slug": "turkmenistan-balkan-gyzylarbat-gyzylarbat-azady-adyndaky",
        "root_slug": "turkmenistan-balkan",
        "verification_status": "verification_required"
      },
      "geometry": {
        "type": "Point",
        "coordinates": [
          56.40336680000000058,
          38.95158250000000066
        ]
      }
    },
    {
      "type": "Feature",
      "properties": {
        "slug": "turkmenistan-balkan-gyzylarbat-gyzylarbat-bendesen-obasy",
        "name_tm": "Bendesen obasy",
        "name_en": "Bendesen obasy",
        "name_ru": "Бендесен",
        "type": "village",
        "parent_slug": "turkmenistan-balkan-gyzylarbat-gyzylarbat",
        "root_slug": "turkmenistan-balkan",
        "verification_status": "verification_required"
      },
      "geometry": {
        "type": "Point",
        "coordinates": [
          56.60448780000000112,
          38.63486410000000148
        ]
      }
    },
    {
      "type": "Feature",
      "properties": {
        "slug": "turkmenistan-balkan-gyzylarbat-gyzylarbat-garabogaz-obasy",
        "name_tm": "Garabogaz obasy",
        "name_en": "Garabogaz obasy",
        "name_ru": "Карабогаз обасы",
        "type": "village",
        "parent_slug": "turkmenistan-balkan-gyzylarbat-gyzylarbat",
        "root_slug": "turkmenistan-balkan",
        "verification_status": "verification_required"
      },
      "geometry": {
        "type": "Point",
        "coordinates": [
          56.46430149999999771,
          39.2826656000000014
        ]
      }
    },
    {
      "type": "Feature",
      "properties": {
        "slug": "turkmenistan-balkan-gyzylarbat-gyzylarbat-goc-goc",
        "name_tm": "Goç",
        "name_en": "Goç",
        "name_ru": "Гоч",
        "type": "village",
        "parent_slug": "turkmenistan-balkan-gyzylarbat-gyzylarbat-goc",
        "root_slug": "turkmenistan-balkan",
        "verification_status": "verification_required"
      },
      "geometry": {
        "type": "Point",
        "coordinates": [
          56.59766470000000282,
          38.81683710000000075
        ]
      }
    },
    {
      "type": "Feature",
      "properties": {
        "slug": "turkmenistan-balkan-gyzylarbat-gyzylarbat-goc-goc-bekedi",
        "name_tm": "Goç bekedi",
        "name_en": "Goç bekedi",
        "name_ru": "Гоч бекеди",
        "type": "village",
        "parent_slug": "turkmenistan-balkan-gyzylarbat-gyzylarbat-goc",
        "root_slug": "turkmenistan-balkan",
        "verification_status": "verification_required"
      },
      "geometry": {
        "type": "Point",
        "coordinates": [
          56.55990090000000236,
          38.86406790000000199
        ]
      }
    },
    {
      "type": "Feature",
      "properties": {
        "slug": "turkmenistan-balkan-gyzylarbat-gyzylarbat-goc-parahat",
        "name_tm": "Parahat",
        "name_en": "Parahat",
        "name_ru": "Парахат",
        "type": "village",
        "parent_slug": "turkmenistan-balkan-gyzylarbat-gyzylarbat-goc",
        "root_slug": "turkmenistan-balkan",
        "verification_status": "verification_required"
      },
      "geometry": {
        "type": "Point",
        "coordinates": [
          56.58173969999999998,
          38.89127839999999736
        ]
      }
    },
    {
      "type": "Feature",
      "properties": {
        "slug": "turkmenistan-balkan-gyzylarbat-gyzylarbat-goc-zaw",
        "name_tm": "Zaw",
        "name_en": "Zaw",
        "name_ru": "Зав",
        "type": "village",
        "parent_slug": "turkmenistan-balkan-gyzylarbat-gyzylarbat-goc",
        "root_slug": "turkmenistan-balkan",
        "verification_status": "verification_required"
      },
      "geometry": {
        "type": "Point",
        "coordinates": [
          56.70410609999999708,
          38.76557900000000245
        ]
      }
    },
    {
      "type": "Feature",
      "properties": {
        "slug": "turkmenistan-balkan-gyzylarbat-gyzylarbat-goc-zaw-bekedi",
        "name_tm": "Zaw bekedi",
        "name_en": "Zaw bekedi",
        "name_ru": "Зав бекеди",
        "type": "village",
        "parent_slug": "turkmenistan-balkan-gyzylarbat-gyzylarbat-goc",
        "root_slug": "turkmenistan-balkan",
        "verification_status": "verification_required"
      },
      "geometry": {
        "type": "Point",
        "coordinates": [
          56.70858909999999753,
          38.7818809999999985
        ]
      }
    },
    {
      "type": "Feature",
      "properties": {
        "slug": "turkmenistan-balkan-gyzylarbat-gyzylarbat-hasar-bendesen",
        "name_tm": "Bendesen",
        "name_en": "Bendesen",
        "name_ru": "Бендесен",
        "type": "village",
        "parent_slug": "turkmenistan-balkan-gyzylarbat-gyzylarbat-hasar",
        "root_slug": "turkmenistan-balkan",
        "verification_status": "verification_required"
      },
      "geometry": {
        "type": "Point",
        "coordinates": [
          56.60327529999999996,
          38.63607290000000205
        ]
      }
    },
    {
      "type": "Feature",
      "properties": {
        "slug": "turkmenistan-balkan-gyzylarbat-gyzylarbat-hasar-cukur",
        "name_tm": "Çukur",
        "name_en": "Çukur",
        "name_ru": "Чукур",
        "type": "village",
        "parent_slug": "turkmenistan-balkan-gyzylarbat-gyzylarbat-hasar",
        "root_slug": "turkmenistan-balkan",
        "verification_status": "verification_required"
      },
      "geometry": {
        "type": "Point",
        "coordinates": [
          56.46037570000000016,
          38.68178590000000127
        ]
      }
    },
    {
      "type": "Feature",
      "properties": {
        "slug": "turkmenistan-balkan-gyzylarbat-gyzylarbat-hasar-jejirs",
        "name_tm": "Jejirs",
        "name_en": "Jejirs",
        "name_ru": "Жежирс",
        "type": "village",
        "parent_slug": "turkmenistan-balkan-gyzylarbat-gyzylarbat-hasar",
        "root_slug": "turkmenistan-balkan",
        "verification_status": "verification_required"
      },
      "geometry": {
        "type": "Point",
        "coordinates": [
          56.49846500000000304,
          38.70827529999999683
        ]
      }
    },
    {
      "type": "Feature",
      "properties": {
        "slug": "turkmenistan-balkan-gyzylarbat-gyzylarbat-hojagala-hojagala",
        "name_tm": "Hojagala",
        "name_en": "Hojagala",
        "name_ru": "Ходжакала",
        "type": "village",
        "parent_slug": "turkmenistan-balkan-gyzylarbat-gyzylarbat-hojagala",
        "root_slug": "turkmenistan-balkan",
        "verification_status": "verification_required"
      },
      "geometry": {
        "type": "Point",
        "coordinates": [
          56.33990260000000205,
          38.71099689999999783
        ]
      }
    },
    {
      "type": "Feature",
      "properties": {
        "slug": "turkmenistan-balkan-gyzylarbat-gyzylarbat-hojagala-hojagala-village",
        "name_tm": "Hojagala",
        "name_en": "Hojagala",
        "name_ru": "Ходжакала",
        "type": "village",
        "parent_slug": "turkmenistan-balkan-gyzylarbat-gyzylarbat-hojagala",
        "root_slug": "turkmenistan-balkan",
        "verification_status": "verification_required"
      },
      "geometry": {
        "type": "Point",
        "coordinates": [
          56.3385007999999985,
          38.70987199999999717
        ]
      }
    },
    {
      "type": "Feature",
      "properties": {
        "slug": "turkmenistan-balkan-gyzylarbat-gyzylarbat-paraw-janahyr-bekedi",
        "name_tm": "Janahyr bekedi",
        "name_en": "Janahyr bekedi",
        "name_ru": "Жанахыр бекеди",
        "type": "village",
        "parent_slug": "turkmenistan-balkan-gyzylarbat-gyzylarbat-paraw",
        "root_slug": "turkmenistan-balkan",
        "verification_status": "verification_required"
      },
      "geometry": {
        "type": "Point",
        "coordinates": [
          56.13251209999999958,
          39.03001340000000141
        ]
      }
    },
    {
      "type": "Feature",
      "properties": {
        "slug": "turkmenistan-balkan-gyzylarbat-gyzylarbat-paraw-paraw",
        "name_tm": "Paraw",
        "name_en": "Paraw",
        "name_ru": "Парав",
        "type": "village",
        "parent_slug": "turkmenistan-balkan-gyzylarbat-gyzylarbat-paraw",
        "root_slug": "turkmenistan-balkan",
        "verification_status": "verification_required"
      },
      "geometry": {
        "type": "Point",
        "coordinates": [
          56.05878990000000072,
          39.03166929999999723
        ]
      }
    },
    {
      "type": "Feature",
      "properties": {
        "slug": "turkmenistan-balkan-gyzylarbat-gyzylarbat-purnuwar-purnuwar",
        "name_tm": "Purnuwar",
        "name_en": "Purnuwar",
        "name_ru": "Пурнуар",
        "type": "village",
        "parent_slug": "turkmenistan-balkan-gyzylarbat-gyzylarbat-purnuwar",
        "root_slug": "turkmenistan-balkan",
        "verification_status": "verification_required"
      },
      "geometry": {
        "type": "Point",
        "coordinates": [
          56.33181540000000353,
          38.86331909999999823
        ]
      }
    },
    {
      "type": "Feature",
      "properties": {
        "slug": "turkmenistan-balkan-gyzylarbat-gyzylarbat-sarp-obasy",
        "name_tm": "Sarp obasy",
        "name_en": "Sarp obasy",
        "name_ru": "Сарп обасы",
        "type": "village",
        "parent_slug": "turkmenistan-balkan-gyzylarbat-gyzylarbat",
        "root_slug": "turkmenistan-balkan",
        "verification_status": "verification_required"
      },
      "geometry": {
        "type": "Point",
        "coordinates": [
          56.42307879999999898,
          38.93474030000000141
        ]
      }
    },
    {
      "type": "Feature",
      "properties": {
        "slug": "turkmenistan-balkan-magtymguly-magtymguly-cendir-ak",
        "name_tm": "Ak",
        "name_en": "Ak",
        "name_ru": "Ак",
        "type": "village",
        "parent_slug": "turkmenistan-balkan-magtymguly-magtymguly-cendir",
        "root_slug": "turkmenistan-balkan",
        "verification_status": "verification_required"
      },
      "geometry": {
        "type": "Point",
        "coordinates": [
          56.11609359999999925,
          38.15075010000000333
        ]
      }
    },
    {
      "type": "Feature",
      "properties": {
        "slug": "turkmenistan-balkan-magtymguly-magtymguly-cendir-gyzylymam",
        "name_tm": "Gyzylymam",
        "name_en": "Gyzylymam",
        "name_ru": "Гызылымам",
        "type": "village",
        "parent_slug": "turkmenistan-balkan-magtymguly-magtymguly-cendir",
        "root_slug": "turkmenistan-balkan",
        "verification_status": "verification_required"
      },
      "geometry": {
        "type": "Point",
        "coordinates": [
          56.04558839999999976,
          38.14869410000000016
        ]
      }
    },
    {
      "type": "Feature",
      "properties": {
        "slug": "turkmenistan-balkan-magtymguly-magtymguly-cendir-yartygala",
        "name_tm": "Ýartygala",
        "name_en": "Ýartygala",
        "name_ru": "Яртыгала",
        "type": "village",
        "parent_slug": "turkmenistan-balkan-magtymguly-magtymguly-cendir",
        "root_slug": "turkmenistan-balkan",
        "verification_status": "verification_required"
      },
      "geometry": {
        "type": "Point",
        "coordinates": [
          56.24911209999999784,
          38.16252709999999838
        ]
      }
    },
    {
      "type": "Feature",
      "properties": {
        "slug": "turkmenistan-balkan-magtymguly-magtymguly-daghojagala-gargyly",
        "name_tm": "Gargyly",
        "name_en": "Gargyly",
        "name_ru": "Гарагалы",
        "type": "village",
        "parent_slug": "turkmenistan-balkan-magtymguly-magtymguly-daghojagala",
        "root_slug": "turkmenistan-balkan",
        "verification_status": "verification_required"
      },
      "geometry": {
        "type": "Point",
        "coordinates": [
          56.83822020000000208,
          38.23906099999999953
        ]
      }
    },
    {
      "type": "Feature",
      "properties": {
        "slug": "turkmenistan-balkan-magtymguly-magtymguly-daghojagala-hojagala",
        "name_tm": "Hojagala",
        "name_en": "Hojagala",
        "name_ru": "Хожагала",
        "type": "village",
        "parent_slug": "turkmenistan-balkan-magtymguly-magtymguly-daghojagala",
        "root_slug": "turkmenistan-balkan",
        "verification_status": "verification_required"
      },
      "geometry": {
        "type": "Point",
        "coordinates": [
          56.81141730000000222,
          38.25208909999999918
        ]
      }
    },
    {
      "type": "Feature",
      "properties": {
        "slug": "turkmenistan-balkan-magtymguly-magtymguly-dayna-dayna",
        "name_tm": "Daýna",
        "name_en": "Daýna",
        "name_ru": "Дайна",
        "type": "village",
        "parent_slug": "turkmenistan-balkan-magtymguly-magtymguly-dayna",
        "root_slug": "turkmenistan-balkan",
        "verification_status": "verification_required"
      },
      "geometry": {
        "type": "Point",
        "coordinates": [
          57.00605279999999909,
          38.19734179999999668
        ]
      }
    },
    {
      "type": "Feature",
      "properties": {
        "slug": "turkmenistan-balkan-magtymguly-magtymguly-dayna-obasy",
        "name_tm": "Daýna obasy",
        "name_en": "Daýna obasy",
        "name_ru": "Дайна обасы",
        "type": "village",
        "parent_slug": "turkmenistan-balkan-magtymguly-magtymguly",
        "root_slug": "turkmenistan-balkan",
        "verification_status": "verification_required"
      },
      "geometry": {
        "type": "Point",
        "coordinates": [
          57.00605279999999909,
          38.19734179999999668
        ]
      }
    },
    {
      "type": "Feature",
      "properties": {
        "slug": "turkmenistan-balkan-magtymguly-magtymguly-gerkez-arapata",
        "name_tm": "Arapata",
        "name_en": "Arapata",
        "name_ru": "Арапата",
        "type": "village",
        "parent_slug": "turkmenistan-balkan-magtymguly-magtymguly-gerkez",
        "root_slug": "turkmenistan-balkan",
        "verification_status": "verification_required"
      },
      "geometry": {
        "type": "Point",
        "coordinates": [
          56.44081080000000127,
          38.43026629999999955
        ]
      }
    },
    {
      "type": "Feature",
      "properties": {
        "slug": "turkmenistan-balkan-magtymguly-magtymguly-gerkez-arapjyk",
        "name_tm": "Arapjyk",
        "name_en": "Arapjyk",
        "name_ru": "Арапжык",
        "type": "village",
        "parent_slug": "turkmenistan-balkan-magtymguly-magtymguly-gerkez",
        "root_slug": "turkmenistan-balkan",
        "verification_status": "verification_required"
      },
      "geometry": {
        "type": "Point",
        "coordinates": [
          56.46790070000000127,
          38.43381670000000127
        ]
      }
    },
    {
      "type": "Feature",
      "properties": {
        "slug": "turkmenistan-balkan-magtymguly-magtymguly-gerkez-uzyntokay",
        "name_tm": "Uzyntokaý",
        "name_en": "Uzyntokaý",
        "name_ru": "Узынтокай",
        "type": "village",
        "parent_slug": "turkmenistan-balkan-magtymguly-magtymguly-gerkez",
        "root_slug": "turkmenistan-balkan",
        "verification_status": "verification_required"
      },
      "geometry": {
        "type": "Point",
        "coordinates": [
          56.62137380000000064,
          38.41499340000000017
        ]
      }
    },
    {
      "type": "Feature",
      "properties": {
        "slug": "turkmenistan-balkan-magtymguly-magtymguly-gerkez-yuwangala",
        "name_tm": "Ýuwangala",
        "name_en": "Ýuwangala",
        "name_ru": "Ювангала",
        "type": "village",
        "parent_slug": "turkmenistan-balkan-magtymguly-magtymguly-gerkez",
        "root_slug": "turkmenistan-balkan",
        "verification_status": "verification_required"
      },
      "geometry": {
        "type": "Point",
        "coordinates": [
          56.49490600000000029,
          38.44410630000000139
        ]
      }
    },
    {
      "type": "Feature",
      "properties": {
        "slug": "turkmenistan-balkan-magtymguly-magtymguly-gyzyl",
        "name_tm": "Gyzyl",
        "name_en": "Gyzyl",
        "name_ru": "Гызыл",
        "type": "village",
        "parent_slug": "turkmenistan-balkan-magtymguly-magtymguly",
        "root_slug": "turkmenistan-balkan",
        "verification_status": "verification_required"
      },
      "geometry": {
        "type": "Point",
        "coordinates": [
          56.204953500000002,
          38.42998599999999954
        ]
      }
    },
    {
      "type": "Feature",
      "properties": {
        "slug": "turkmenistan-balkan-magtymguly-magtymguly-konekesir-cukuryurt",
        "name_tm": "Çukurýurt",
        "name_en": "Çukurýurt",
        "name_ru": "Чукурьюрт",
        "type": "village",
        "parent_slug": "turkmenistan-balkan-magtymguly-magtymguly-konekesir",
        "root_slug": "turkmenistan-balkan",
        "verification_status": "verification_required"
      },
      "geometry": {
        "type": "Point",
        "coordinates": [
          56.88949970000000178,
          38.22762149999999793
        ]
      }
    },
    {
      "type": "Feature",
      "properties": {
        "slug": "turkmenistan-balkan-magtymguly-magtymguly-konekesir-konekesir",
        "name_tm": "Könekesir",
        "name_en": "Könekesir",
        "name_ru": "Кёнекесир",
        "type": "village",
        "parent_slug": "turkmenistan-balkan-magtymguly-magtymguly-konekesir",
        "root_slug": "turkmenistan-balkan",
        "verification_status": "verification_required"
      },
      "geometry": {
        "type": "Point",
        "coordinates": [
          56.92647639999999854,
          38.22277429999999754
        ]
      }
    },
    {
      "type": "Feature",
      "properties": {
        "slug": "turkmenistan-balkan-magtymguly-magtymguly-kuruzdey-aydere",
        "name_tm": "Aýdere",
        "name_en": "Aýdere",
        "name_ru": "Айдере",
        "type": "village",
        "parent_slug": "turkmenistan-balkan-magtymguly-magtymguly-kuruzdey",
        "root_slug": "turkmenistan-balkan",
        "verification_status": "verification_required"
      },
      "geometry": {
        "type": "Point",
        "coordinates": [
          56.7477248000000003,
          38.39995389999999987
        ]
      }
    },
    {
      "type": "Feature",
      "properties": {
        "slug": "turkmenistan-balkan-magtymguly-magtymguly-kuruzdey-durdyhan",
        "name_tm": "Durdyhan",
        "name_en": "Durdyhan",
        "name_ru": "Дурдыхан",
        "type": "village",
        "parent_slug": "turkmenistan-balkan-magtymguly-magtymguly-kuruzdey",
        "root_slug": "turkmenistan-balkan",
        "verification_status": "verification_required"
      },
      "geometry": {
        "type": "Point",
        "coordinates": [
          56.73882580000000075,
          38.38278760000000033
        ]
      }
    },
    {
      "type": "Feature",
      "properties": {
        "slug": "turkmenistan-balkan-magtymguly-magtymguly-kuruzdey-duzlydepe",
        "name_tm": "Duzlydepe",
        "name_en": "Duzlydepe",
        "name_ru": "Дуздыдепе",
        "type": "village",
        "parent_slug": "turkmenistan-balkan-magtymguly-magtymguly-kuruzdey",
        "root_slug": "turkmenistan-balkan",
        "verification_status": "verification_required"
      },
      "geometry": {
        "type": "Point",
        "coordinates": [
          56.74686379999999986,
          38.30126609999999943
        ]
      }
    },
    {
      "type": "Feature",
      "properties": {
        "slug": "turkmenistan-balkan-magtymguly-magtymguly-kuruzdey-kuruzdey",
        "name_tm": "Kürüždeý",
        "name_en": "Kürüždeý",
        "name_ru": "Куруждей",
        "type": "village",
        "parent_slug": "turkmenistan-balkan-magtymguly-magtymguly-kuruzdey",
        "root_slug": "turkmenistan-balkan",
        "verification_status": "verification_required"
      },
      "geometry": {
        "type": "Point",
        "coordinates": [
          56.74534510000000153,
          38.34012899999999747
        ]
      }
    },
    {
      "type": "Feature",
      "properties": {
        "slug": "turkmenistan-balkan-magtymguly-magtymguly-kuruzdey-obasy",
        "name_tm": "Kürüždeý obasy",
        "name_en": "Kürüždeý obasy",
        "name_ru": "Куруждей обасы",
        "type": "village",
        "parent_slug": "turkmenistan-balkan-magtymguly-magtymguly",
        "root_slug": "turkmenistan-balkan",
        "verification_status": "verification_required"
      },
      "geometry": {
        "type": "Point",
        "coordinates": [
          56.74534510000000153,
          38.34012899999999747
        ]
      }
    },
    {
      "type": "Feature",
      "properties": {
        "slug": "turkmenistan-balkan-magtymguly-magtymguly-kuruzdey-tutlygala",
        "name_tm": "Tutlygala",
        "name_en": "Tutlygala",
        "name_ru": "Тутлыгала",
        "type": "village",
        "parent_slug": "turkmenistan-balkan-magtymguly-magtymguly-kuruzdey",
        "root_slug": "turkmenistan-balkan",
        "verification_status": "verification_required"
      },
      "geometry": {
        "type": "Point",
        "coordinates": [
          56.72760619999999677,
          38.4080906000000013
        ]
      }
    },
    {
      "type": "Feature",
      "properties": {
        "slug": "turkmenistan-balkan-magtymguly-magtymguly-yankel-garakel",
        "name_tm": "Garakel",
        "name_en": "Garakel",
        "name_ru": "Каракель",
        "type": "village",
        "parent_slug": "turkmenistan-balkan-magtymguly-magtymguly-yankel",
        "root_slug": "turkmenistan-balkan",
        "verification_status": "verification_required"
      },
      "geometry": {
        "type": "Point",
        "coordinates": [
          56.33028060000000181,
          38.42900680000000336
        ]
      }
    },
    {
      "type": "Feature",
      "properties": {
        "slug": "turkmenistan-balkan-magtymguly-magtymguly-yankel-nare",
        "name_tm": "Näre",
        "name_en": "Näre",
        "name_ru": "Наре",
        "type": "village",
        "parent_slug": "turkmenistan-balkan-magtymguly-magtymguly-yankel",
        "root_slug": "turkmenistan-balkan",
        "verification_status": "verification_required"
      },
      "geometry": {
        "type": "Point",
        "coordinates": [
          56.35880499999999671,
          38.45025139999999909
        ]
      }
    },
    {
      "type": "Feature",
      "properties": {
        "slug": "turkmenistan-balkan-magtymguly-magtymguly-yankel-sakgar",
        "name_tm": "Sakgar",
        "name_en": "Sakgar",
        "name_ru": "Сакгар",
        "type": "village",
        "parent_slug": "turkmenistan-balkan-magtymguly-magtymguly-yankel",
        "root_slug": "turkmenistan-balkan",
        "verification_status": "verification_required"
      },
      "geometry": {
        "type": "Point",
        "coordinates": [
          56.39824610000000149,
          38.43145340000000231
        ]
      }
    },
    {
      "type": "Feature",
      "properties": {
        "slug": "turkmenistan-balkan-magtymguly-magtymguly-yankel-yankel",
        "name_tm": "Ýankel",
        "name_en": "Ýankel",
        "name_ru": "Янкел",
        "type": "village",
        "parent_slug": "turkmenistan-balkan-magtymguly-magtymguly-yankel",
        "root_slug": "turkmenistan-balkan",
        "verification_status": "verification_required"
      },
      "geometry": {
        "type": "Point",
        "coordinates": [
          56.35666619999999938,
          38.42984820000000212
        ]
      }
    },
    {
      "type": "Feature",
      "properties": {
        "slug": "turkmenistan-balkan-magtymguly-magtymguly-yuwangala-obasy",
        "name_tm": "Ýuwangala obasy",
        "name_en": "Ýuwangala obasy",
        "name_ru": "Ювангала обасы",
        "type": "village",
        "parent_slug": "turkmenistan-balkan-magtymguly-magtymguly",
        "root_slug": "turkmenistan-balkan",
        "verification_status": "verification_required"
      },
      "geometry": {
        "type": "Point",
        "coordinates": [
          56.49081470000000138,
          38.44225480000000061
        ]
      }
    },
    {
      "type": "Feature",
      "properties": {
        "slug": "turkmenistan-balkan-turkmenbasy-city-126-njy-duralga",
        "name_tm": "126-njy duralga",
        "name_en": "126-njy duralga",
        "name_ru": "126-нжы дуралга",
        "type": "village",
        "parent_slug": "turkmenistan-balkan-turkmenbasy-city",
        "root_slug": "turkmenistan-balkan",
        "verification_status": "verification_required"
      },
      "geometry": {
        "type": "Point",
        "coordinates": [
          54.02244819999999948,
          39.88388359999999721
        ]
      }
    },
    {
      "type": "Feature",
      "properties": {
        "slug": "turkmenistan-balkan-turkmenbasy-city-129-njy-duralga",
        "name_tm": "129-njy duralga",
        "name_en": "129-njy duralga",
        "name_ru": "129-нжы дуралга",
        "type": "village",
        "parent_slug": "turkmenistan-balkan-turkmenbasy-city",
        "root_slug": "turkmenistan-balkan",
        "verification_status": "verification_required"
      },
      "geometry": {
        "type": "Point",
        "coordinates": [
          53.66452950000000043,
          40.01717649999999793
        ]
      }
    },
    {
      "type": "Feature",
      "properties": {
        "slug": "turkmenistan-balkan-turkmenbasy-city-akguyy-akguyy",
        "name_tm": "Akguýy",
        "name_en": "Akguýy",
        "name_ru": "Акгуйы",
        "type": "village",
        "parent_slug": "turkmenistan-balkan-turkmenbasy-city-akguyy",
        "root_slug": "turkmenistan-balkan",
        "verification_status": "verification_required"
      },
      "geometry": {
        "type": "Point",
        "coordinates": [
          54.35526190000000212,
          40.15640410000000316
        ]
      }
    },
    {
      "type": "Feature",
      "properties": {
        "slug": "turkmenistan-balkan-turkmenbasy-city-akguyy-gosaoba",
        "name_tm": "Goşaoba",
        "name_en": "Goşaoba",
        "name_ru": "Гошаоба",
        "type": "village",
        "parent_slug": "turkmenistan-balkan-turkmenbasy-city-akguyy",
        "root_slug": "turkmenistan-balkan",
        "verification_status": "verification_required"
      },
      "geometry": {
        "type": "Point",
        "coordinates": [
          54.24935920000000066,
          40.32365800000000177
        ]
      }
    },
    {
      "type": "Feature",
      "properties": {
        "slug": "turkmenistan-balkan-turkmenbasy-city-akguyy-gurje",
        "name_tm": "Gürje",
        "name_en": "Gürje",
        "name_ru": "Гурже",
        "type": "village",
        "parent_slug": "turkmenistan-balkan-turkmenbasy-city-akguyy",
        "root_slug": "turkmenistan-balkan",
        "verification_status": "verification_required"
      },
      "geometry": {
        "type": "Point",
        "coordinates": [
          54.35783630000000243,
          40.2958211999999989
        ]
      }
    },
    {
      "type": "Feature",
      "properties": {
        "slug": "turkmenistan-balkan-turkmenbasy-city-akguyy-hudayberdi",
        "name_tm": "Hudaýberdi",
        "name_en": "Hudaýberdi",
        "name_ru": "Худайберди",
        "type": "village",
        "parent_slug": "turkmenistan-balkan-turkmenbasy-city-akguyy",
        "root_slug": "turkmenistan-balkan",
        "verification_status": "verification_required"
      },
      "geometry": {
        "type": "Point",
        "coordinates": [
          54.78230640000000306,
          39.94187550000000186
        ]
      }
    },
    {
      "type": "Feature",
      "properties": {
        "slug": "turkmenistan-balkan-turkmenbasy-city-akguyy-irikli",
        "name_tm": "Irikli",
        "name_en": "Irikli",
        "name_ru": "Ирикли",
        "type": "village",
        "parent_slug": "turkmenistan-balkan-turkmenbasy-city-akguyy",
        "root_slug": "turkmenistan-balkan",
        "verification_status": "verification_required"
      },
      "geometry": {
        "type": "Point",
        "coordinates": [
          54.30440490000000153,
          40.16854390000000308
        ]
      }
    },
    {
      "type": "Feature",
      "properties": {
        "slug": "turkmenistan-balkan-turkmenbasy-city-akguyy-soyli",
        "name_tm": "Soýli",
        "name_en": "Soýli",
        "name_ru": "Сойли",
        "type": "village",
        "parent_slug": "turkmenistan-balkan-turkmenbasy-city-akguyy",
        "root_slug": "turkmenistan-balkan",
        "verification_status": "verification_required"
      },
      "geometry": {
        "type": "Point",
        "coordinates": [
          53.71782919999999706,
          40.37842590000000343
        ]
      }
    },
    {
      "type": "Feature",
      "properties": {
        "slug": "turkmenistan-balkan-turkmenbasy-city-akguyy-ybyk",
        "name_tm": "Ybyk",
        "name_en": "Ybyk",
        "name_ru": "Ыбык",
        "type": "village",
        "parent_slug": "turkmenistan-balkan-turkmenbasy-city-akguyy",
        "root_slug": "turkmenistan-balkan",
        "verification_status": "verification_required"
      },
      "geometry": {
        "type": "Point",
        "coordinates": [
          54.70655810000000229,
          40.25050670000000252
        ]
      }
    },
    {
      "type": "Feature",
      "properties": {
        "slug": "turkmenistan-balkan-turkmenbasy-city-cagyl-awlamys",
        "name_tm": "Awlamyş",
        "name_en": "Awlamyş",
        "name_ru": "Авламыш",
        "type": "village",
        "parent_slug": "turkmenistan-balkan-turkmenbasy-city-cagyl",
        "root_slug": "turkmenistan-balkan",
        "verification_status": "verification_required"
      },
      "geometry": {
        "type": "Point",
        "coordinates": [
          55.20809849999999841,
          40.64061889999999977
        ]
      }
    },
    {
      "type": "Feature",
      "properties": {
        "slug": "turkmenistan-balkan-turkmenbasy-city-cagyl-cagyl",
        "name_tm": "Çagyl",
        "name_en": "Çagyl",
        "name_ru": "Чагыл",
        "type": "village",
        "parent_slug": "turkmenistan-balkan-turkmenbasy-city-cagyl",
        "root_slug": "turkmenistan-balkan",
        "verification_status": "verification_required"
      },
      "geometry": {
        "type": "Point",
        "coordinates": [
          55.38097849999999767,
          40.78366309999999829
        ]
      }
    },
    {
      "type": "Feature",
      "properties": {
        "slug": "turkmenistan-balkan-turkmenbasy-city-cagyl-tuwer",
        "name_tm": "Tüwer",
        "name_en": "Tüwer",
        "name_ru": "Тувер",
        "type": "village",
        "parent_slug": "turkmenistan-balkan-turkmenbasy-city-cagyl",
        "root_slug": "turkmenistan-balkan",
        "verification_status": "verification_required"
      },
      "geometry": {
        "type": "Point",
        "coordinates": [
          55.16723540000000269,
          40.84060459999999893
        ]
      }
    },
    {
      "type": "Feature",
      "properties": {
        "slug": "turkmenistan-balkan-turkmenbasy-city-garassyzlyk",
        "name_tm": "Garaşsyzlyk",
        "name_en": "Garaşsyzlyk",
        "name_ru": "Гарашсызлык",
        "type": "village",
        "parent_slug": "turkmenistan-balkan-turkmenbasy-city",
        "root_slug": "turkmenistan-balkan",
        "verification_status": "verification_required"
      },
      "geometry": {
        "type": "Point",
        "coordinates": [
          53.07991590000000314,
          40.07036000000000086
        ]
      }
    },
    {
      "type": "Feature",
      "properties": {
        "slug": "turkmenistan-balkan-turkmenbasy-city-garatenir",
        "name_tm": "Garateňir",
        "name_en": "Garateňir",
        "name_ru": "Гаратенир",
        "type": "village",
        "parent_slug": "turkmenistan-balkan-turkmenbasy-city",
        "root_slug": "turkmenistan-balkan",
        "verification_status": "verification_required"
      },
      "geometry": {
        "type": "Point",
        "coordinates": [
          53.5074091999999979,
          40.0221114
        ]
      }
    },
    {
      "type": "Feature",
      "properties": {
        "slug": "turkmenistan-balkan-turkmenbasy-city-garatennir",
        "name_tm": "Garateňňir",
        "name_en": "Garatengir",
        "name_ru": "Гаратеннир",
        "type": "village",
        "parent_slug": "turkmenistan-balkan-turkmenbasy-city",
        "root_slug": "turkmenistan-balkan",
        "verification_status": "verification_required"
      },
      "geometry": {
        "type": "Point",
        "coordinates": [
          53.50718559999999969,
          40.02198880000000259
        ]
      }
    },
    {
      "type": "Feature",
      "properties": {
        "slug": "turkmenistan-balkan-turkmenbasy-city-gosaoba-obasy",
        "name_tm": "Goşaoba obasy",
        "name_en": "Goşaoba obasy",
        "name_ru": "Гошаоба обасы",
        "type": "village",
        "parent_slug": "turkmenistan-balkan-turkmenbasy-city",
        "root_slug": "turkmenistan-balkan",
        "verification_status": "verification_required"
      },
      "geometry": {
        "type": "Point",
        "coordinates": [
          54.23670429999999954,
          40.33190009999999859
        ]
      }
    },
    {
      "type": "Feature",
      "properties": {
        "slug": "turkmenistan-balkan-turkmenbasy-city-goymat-genesligi",
        "name_tm": "Goýmat geňeşligi",
        "name_en": "Goýmat geňeşligi",
        "name_ru": "Гоймат генешлиги",
        "type": "village",
        "parent_slug": "turkmenistan-balkan-turkmenbasy-city",
        "root_slug": "turkmenistan-balkan",
        "verification_status": "verification_required"
      },
      "geometry": {
        "type": "Point",
        "coordinates": [
          55.76060350000000198,
          40.54828890000000286
        ]
      }
    },
    {
      "type": "Feature",
      "properties": {
        "slug": "turkmenistan-balkan-turkmenbasy-city-goymat-gokdere",
        "name_tm": "Gökdere",
        "name_en": "Gökdere",
        "name_ru": "Гокдере",
        "type": "village",
        "parent_slug": "turkmenistan-balkan-turkmenbasy-city-goymat",
        "root_slug": "turkmenistan-balkan",
        "verification_status": "verification_required"
      },
      "geometry": {
        "type": "Point",
        "coordinates": [
          55.5262492000000023,
          40.35036389999999785
        ]
      }
    },
    {
      "type": "Feature",
      "properties": {
        "slug": "turkmenistan-balkan-turkmenbasy-city-goymat-goymat",
        "name_tm": "Goýmat",
        "name_en": "Goýmat",
        "name_ru": "Гоймат",
        "type": "village",
        "parent_slug": "turkmenistan-balkan-turkmenbasy-city-goymat",
        "root_slug": "turkmenistan-balkan",
        "verification_status": "verification_required"
      },
      "geometry": {
        "type": "Point",
        "coordinates": [
          55.85744259999999884,
          40.44995560000000268
        ]
      }
    },
    {
      "type": "Feature",
      "properties": {
        "slug": "turkmenistan-balkan-turkmenbasy-city-gyyanly",
        "name_tm": "Gyýanly",
        "name_en": "Gyýanly",
        "name_ru": "Киянли",
        "type": "village",
        "parent_slug": "turkmenistan-balkan-turkmenbasy-city",
        "root_slug": "turkmenistan-balkan",
        "verification_status": "verification_required"
      },
      "geometry": {
        "type": "Point",
        "coordinates": [
          52.75886729999999858,
          40.1957337999999993
        ]
      }
    },
    {
      "type": "Feature",
      "properties": {
        "slug": "turkmenistan-balkan-turkmenbasy-city-hasan",
        "name_tm": "Hasan",
        "name_en": "Hasan",
        "name_ru": "Хасан",
        "type": "village",
        "parent_slug": "turkmenistan-balkan-turkmenbasy-city",
        "root_slug": "turkmenistan-balkan",
        "verification_status": "verification_required"
      },
      "geometry": {
        "type": "Point",
        "coordinates": [
          53.53447289999999726,
          40.18008509999999945
        ]
      }
    },
    {
      "type": "Feature",
      "properties": {
        "slug": "turkmenistan-balkan-turkmenbasy-city-hasan-obasy",
        "name_tm": "Hasan obasy",
        "name_en": "Hasan obasy",
        "name_ru": "Хасан обасы",
        "type": "village",
        "parent_slug": "turkmenistan-balkan-turkmenbasy-city",
        "root_slug": "turkmenistan-balkan",
        "verification_status": "verification_required"
      },
      "geometry": {
        "type": "Point",
        "coordinates": [
          53.5349176,
          40.18078359999999805
        ]
      }
    },
    {
      "type": "Feature",
      "properties": {
        "slug": "turkmenistan-balkan-turkmenbasy-city-sulmen",
        "name_tm": "Sülmen",
        "name_en": "Sülmen",
        "name_ru": "Сулмен",
        "type": "village",
        "parent_slug": "turkmenistan-balkan-turkmenbasy-city",
        "root_slug": "turkmenistan-balkan",
        "verification_status": "verification_required"
      },
      "geometry": {
        "type": "Point",
        "coordinates": [
          53.3121735000000001,
          40.41955819999999732
        ]
      }
    },
    {
      "type": "Feature",
      "properties": {
        "slug": "turkmenistan-balkan-turkmenbasy-city-tuwer-obasy",
        "name_tm": "Tüwer obasy",
        "name_en": "Tüwer obasy",
        "name_ru": "Тувер обасы",
        "type": "village",
        "parent_slug": "turkmenistan-balkan-turkmenbasy-city",
        "root_slug": "turkmenistan-balkan",
        "verification_status": "verification_required"
      },
      "geometry": {
        "type": "Point",
        "coordinates": [
          55.16845889999999742,
          40.84033250000000236
        ]
      }
    },
    {
      "type": "Feature",
      "properties": {
        "slug": "turkmenistan-basinjibent",
        "name_tm": "Bäşinjibent",
        "name_en": "Bäşinjibent",
        "name_ru": "Башинжибент",
        "type": "village",
        "parent_slug": "turkmenistan",
        "root_slug": null,
        "verification_status": "verification_required"
      },
      "geometry": {
        "type": "Point",
        "coordinates": [
          62.38800619999999953,
          37.77493950000000211
        ]
      }
    },
    {
      "type": "Feature",
      "properties": {
        "slug": "turkmenistan-baydak",
        "name_tm": "Baýdak",
        "name_en": "Baýdak",
        "name_ru": "Байдак",
        "type": "village",
        "parent_slug": "turkmenistan",
        "root_slug": null,
        "verification_status": "verification_required"
      },
      "geometry": {
        "type": "Point",
        "coordinates": [
          65.27962349999999959,
          37.83830739999999793
        ]
      }
    },
    {
      "type": "Feature",
      "properties": {
        "slug": "turkmenistan-beden",
        "name_tm": "Bedeň",
        "name_en": "Bedeň",
        "name_ru": "Беден",
        "type": "village",
        "parent_slug": "turkmenistan",
        "root_slug": null,
        "verification_status": "verification_required"
      },
      "geometry": {
        "type": "Point",
        "coordinates": [
          63.04301759999999888,
          35.89850119999999834
        ]
      }
    },
    {
      "type": "Feature",
      "properties": {
        "slug": "turkmenistan-berdi-kerbabayew",
        "name_tm": "Berdi Kerbabaýew",
        "name_en": "Berdi Kerbabaýew",
        "name_ru": "Берди кербабайев",
        "type": "village",
        "parent_slug": "turkmenistan",
        "root_slug": null,
        "verification_status": "verification_required"
      },
      "geometry": {
        "type": "Point",
        "coordinates": [
          60.18818060000000258,
          37.50815310000000124
        ]
      }
    },
    {
      "type": "Feature",
      "properties": {
        "slug": "turkmenistan-boynyuzyn",
        "name_tm": "Boýnyuzyn",
        "name_en": "Boýnyuzyn",
        "name_ru": "Бойныузын",
        "type": "village",
        "parent_slug": "turkmenistan",
        "root_slug": null,
        "verification_status": "verification_required"
      },
      "geometry": {
        "type": "Point",
        "coordinates": [
          63.26075960000000009,
          39.25914949999999948
        ]
      }
    },
    {
      "type": "Feature",
      "properties": {
        "slug": "turkmenistan-boz",
        "name_tm": "Boz",
        "name_en": "Boz",
        "name_ru": "Боз",
        "type": "village",
        "parent_slug": "turkmenistan",
        "root_slug": null,
        "verification_status": "verification_required"
      },
      "geometry": {
        "type": "Point",
        "coordinates": [
          59.91660639999999916,
          41.96500240000000304
        ]
      }
    },
    {
      "type": "Feature",
      "properties": {
        "slug": "turkmenistan-bugdayly",
        "name_tm": "Bugdaýly",
        "name_en": "Bugdaýly",
        "name_ru": "Бугдайлы",
        "type": "village",
        "parent_slug": "turkmenistan",
        "root_slug": null,
        "verification_status": "verification_required"
      },
      "geometry": {
        "type": "Point",
        "coordinates": [
          54.37754619999999762,
          38.49616230000000172
        ]
      }
    },
    {
      "type": "Feature",
      "properties": {
        "slug": "turkmenistan-cagyl-genesligi",
        "name_tm": "Çagyl geňeşligi",
        "name_en": "Çagyl geňeşligi",
        "name_ru": "Чагыл генешлиги",
        "type": "village",
        "parent_slug": "turkmenistan",
        "root_slug": null,
        "verification_status": "verification_required"
      },
      "geometry": {
        "type": "Point",
        "coordinates": [
          55.27424820000000238,
          40.74061170000000231
        ]
      }
    },
    {
      "type": "Feature",
      "properties": {
        "slug": "turkmenistan-carwalyk",
        "name_tm": "Çarwalyk",
        "name_en": "Çarwalyk",
        "name_ru": "Чарвалык",
        "type": "village",
        "parent_slug": "turkmenistan",
        "root_slug": null,
        "verification_status": "verification_required"
      },
      "geometry": {
        "type": "Point",
        "coordinates": [
          59.52615060000000113,
          41.86919869999999833
        ]
      }
    },
    {
      "type": "Feature",
      "properties": {
        "slug": "turkmenistan-cocun",
        "name_tm": "Çoçun",
        "name_en": "Çoçun",
        "name_ru": "Чочун",
        "type": "village",
        "parent_slug": "turkmenistan",
        "root_slug": null,
        "verification_status": "verification_required"
      },
      "geometry": {
        "type": "Point",
        "coordinates": [
          59.18319910000000305,
          42.03070089999999937
        ]
      }
    },
    {
      "type": "Feature",
      "properties": {
        "slug": "turkmenistan-cukur-obasy",
        "name_tm": "Çukur obasy",
        "name_en": "Çukur obasy",
        "name_ru": "Чукур обасы",
        "type": "village",
        "parent_slug": "turkmenistan",
        "root_slug": null,
        "verification_status": "verification_required"
      },
      "geometry": {
        "type": "Point",
        "coordinates": [
          56.46037570000000016,
          38.68178590000000127
        ]
      }
    },
    {
      "type": "Feature",
      "properties": {
        "slug": "turkmenistan-dasoguz-akdepe-akdepe-agar",
        "name_tm": "Agar",
        "name_en": "Agar",
        "name_ru": "Агар",
        "type": "village",
        "parent_slug": "turkmenistan-dasoguz-akdepe-akdepe",
        "root_slug": "turkmenistan-dasoguz",
        "verification_status": "verification_required"
      },
      "geometry": {
        "type": "Point",
        "coordinates": [
          59.61239439999999946,
          41.86270319999999857
        ]
      }
    },
    {
      "type": "Feature",
      "properties": {
        "slug": "turkmenistan-dasoguz-akdepe-akdepe-agoyli-allayaroy",
        "name_tm": "Allaýaroý",
        "name_en": "Allaýaroý",
        "name_ru": "Аллаярой",
        "type": "village",
        "parent_slug": "turkmenistan-dasoguz-akdepe-akdepe-agoyli",
        "root_slug": "turkmenistan-dasoguz",
        "verification_status": "verification_required"
      },
      "geometry": {
        "type": "Point",
        "coordinates": [
          59.38311120000000187,
          41.93722869999999859
        ]
      }
    },
    {
      "type": "Feature",
      "properties": {
        "slug": "turkmenistan-dasoguz-akdepe-akdepe-agoyli-galayer",
        "name_tm": "Galaýer",
        "name_en": "Galaýer",
        "name_ru": "Калаер",
        "type": "village",
        "parent_slug": "turkmenistan-dasoguz-akdepe-akdepe-agoyli",
        "root_slug": "turkmenistan-dasoguz",
        "verification_status": "verification_required"
      },
      "geometry": {
        "type": "Point",
        "coordinates": [
          59.43653969999999732,
          41.92074449999999786
        ]
      }
    },
    {
      "type": "Feature",
      "properties": {
        "slug": "turkmenistan-dasoguz-akdepe-akdepe-agoyli-genesligi",
        "name_tm": "Agöýli geňeşligi",
        "name_en": "Agöýli geňeşligi",
        "name_ru": "Агойли генешлиги",
        "type": "village",
        "parent_slug": "turkmenistan-dasoguz-akdepe-akdepe",
        "root_slug": "turkmenistan-dasoguz",
        "verification_status": "verification_required"
      },
      "geometry": {
        "type": "Point",
        "coordinates": [
          59.3858466000000007,
          41.93571879999999652
        ]
      }
    },
    {
      "type": "Feature",
      "properties": {
        "slug": "turkmenistan-dasoguz-akdepe-akdepe-agoyli-kule",
        "name_tm": "Küle",
        "name_en": "Küle",
        "name_ru": "Куле",
        "type": "village",
        "parent_slug": "turkmenistan-dasoguz-akdepe-akdepe-agoyli",
        "root_slug": "turkmenistan-dasoguz",
        "verification_status": "verification_required"
      },
      "geometry": {
        "type": "Point",
        "coordinates": [
          59.45823599999999943,
          41.92954430000000344
        ]
      }
    },
    {
      "type": "Feature",
      "properties": {
        "slug": "turkmenistan-dasoguz-akdepe-akdepe-agoyli-uzumbag",
        "name_tm": "Üzümbag",
        "name_en": "Üzümbag",
        "name_ru": "Узумбаг",
        "type": "village",
        "parent_slug": "turkmenistan-dasoguz-akdepe-akdepe-agoyli",
        "root_slug": "turkmenistan-dasoguz",
        "verification_status": "verification_required"
      },
      "geometry": {
        "type": "Point",
        "coordinates": [
          59.39288599999999719,
          41.94644420000000195
        ]
      }
    },
    {
      "type": "Feature",
      "properties": {
        "slug": "turkmenistan-dasoguz-akdepe-akdepe-ak-bugday-magtymoy",
        "name_tm": "Magtymoý",
        "name_en": "Magtymoý",
        "name_ru": "Магтымой",
        "type": "village",
        "parent_slug": "turkmenistan-dasoguz-akdepe-akdepe-ak-bugday",
        "root_slug": "turkmenistan-dasoguz",
        "verification_status": "verification_required"
      },
      "geometry": {
        "type": "Point",
        "coordinates": [
          59.26890159999999952,
          42.13358389999999787
        ]
      }
    },
    {
      "type": "Feature",
      "properties": {
        "slug": "turkmenistan-dasoguz-akdepe-akdepe-akja",
        "name_tm": "Akja",
        "name_en": "Akja",
        "name_ru": "Акжа",
        "type": "village",
        "parent_slug": "turkmenistan-dasoguz-akdepe-akdepe",
        "root_slug": "turkmenistan-dasoguz",
        "verification_status": "verification_required"
      },
      "geometry": {
        "type": "Point",
        "coordinates": [
          59.84150089999999978,
          41.91198419999999914
        ]
      }
    },
    {
      "type": "Feature",
      "properties": {
        "slug": "turkmenistan-dasoguz-akdepe-akdepe-alili",
        "name_tm": "Alili",
        "name_en": "Alili",
        "name_ru": "Алили",
        "type": "village",
        "parent_slug": "turkmenistan-dasoguz-akdepe-akdepe",
        "root_slug": "turkmenistan-dasoguz",
        "verification_status": "verification_required"
      },
      "geometry": {
        "type": "Point",
        "coordinates": [
          59.63694819999999908,
          41.98233040000000215
        ]
      }
    },
    {
      "type": "Feature",
      "properties": {
        "slug": "turkmenistan-dasoguz-akdepe-akdepe-arap",
        "name_tm": "Arap",
        "name_en": "Arap",
        "name_ru": "Арап",
        "type": "village",
        "parent_slug": "turkmenistan-dasoguz-akdepe-akdepe",
        "root_slug": "turkmenistan-dasoguz",
        "verification_status": "verification_required"
      },
      "geometry": {
        "type": "Point",
        "coordinates": [
          59.69370159999999715,
          41.98983750000000014
        ]
      }
    },
    {
      "type": "Feature",
      "properties": {
        "slug": "turkmenistan-dasoguz-akdepe-akdepe-atcapan-bereketli",
        "name_tm": "Bereketli",
        "name_en": "Bereketli",
        "name_ru": "Берекетли",
        "type": "village",
        "parent_slug": "turkmenistan-dasoguz-akdepe-akdepe-atcapan",
        "root_slug": "turkmenistan-dasoguz",
        "verification_status": "verification_required"
      },
      "geometry": {
        "type": "Point",
        "coordinates": [
          59.4759810999999985,
          42.08659180000000077
        ]
      }
    },
    {
      "type": "Feature",
      "properties": {
        "slug": "turkmenistan-dasoguz-akdepe-akdepe-atcapan-gyzylyap",
        "name_tm": "Gyzylýap",
        "name_en": "Gyzylýap",
        "name_ru": "Гызыляп",
        "type": "village",
        "parent_slug": "turkmenistan-dasoguz-akdepe-akdepe-atcapan",
        "root_slug": "turkmenistan-dasoguz",
        "verification_status": "verification_required"
      },
      "geometry": {
        "type": "Point",
        "coordinates": [
          59.45408729999999765,
          42.10861090000000217
        ]
      }
    },
    {
      "type": "Feature",
      "properties": {
        "slug": "turkmenistan-dasoguz-akdepe-akdepe-bagsyly",
        "name_tm": "Bagşyly",
        "name_en": "Bagşyly",
        "name_ru": "Багшылы",
        "type": "village",
        "parent_slug": "turkmenistan-dasoguz-akdepe-akdepe",
        "root_slug": "turkmenistan-dasoguz",
        "verification_status": "verification_required"
      },
      "geometry": {
        "type": "Point",
        "coordinates": [
          59.6162795999999986,
          41.93647699999999645
        ]
      }
    },
    {
      "type": "Feature",
      "properties": {
        "slug": "turkmenistan-dasoguz-akdepe-akdepe-bagtyly",
        "name_tm": "Bagtyly",
        "name_en": "Bagtyly",
        "name_ru": "Багтылы",
        "type": "village",
        "parent_slug": "turkmenistan-dasoguz-akdepe-akdepe",
        "root_slug": "turkmenistan-dasoguz",
        "verification_status": "verification_required"
      },
      "geometry": {
        "type": "Point",
        "coordinates": [
          59.80987350000000191,
          41.88969660000000061
        ]
      }
    },
    {
      "type": "Feature",
      "properties": {
        "slug": "turkmenistan-dasoguz-akdepe-akdepe-candyr",
        "name_tm": "Çandyr",
        "name_en": "Çandyr",
        "name_ru": "Чандыр",
        "type": "village",
        "parent_slug": "turkmenistan-dasoguz-akdepe-akdepe",
        "root_slug": "turkmenistan-dasoguz",
        "verification_status": "verification_required"
      },
      "geometry": {
        "type": "Point",
        "coordinates": [
          59.64960370000000011,
          41.85612019999999945
        ]
      }
    },
    {
      "type": "Feature",
      "properties": {
        "slug": "turkmenistan-dasoguz-akdepe-akdepe-carwalyk",
        "name_tm": "Çarwalyk",
        "name_en": "Çarwalyk",
        "name_ru": "Чарвалык",
        "type": "village",
        "parent_slug": "turkmenistan-dasoguz-akdepe-akdepe",
        "root_slug": "turkmenistan-dasoguz",
        "verification_status": "verification_required"
      },
      "geometry": {
        "type": "Point",
        "coordinates": [
          59.52116740000000305,
          41.86899209999999983
        ]
      }
    },
    {
      "type": "Feature",
      "properties": {
        "slug": "turkmenistan-dasoguz-akdepe-akdepe-dormen",
        "name_tm": "Dörmen",
        "name_en": "Dörmen",
        "name_ru": "Дормен",
        "type": "village",
        "parent_slug": "turkmenistan-dasoguz-akdepe-akdepe",
        "root_slug": "turkmenistan-dasoguz",
        "verification_status": "verification_required"
      },
      "geometry": {
        "type": "Point",
        "coordinates": [
          59.57254609999999673,
          41.88784420000000353
        ]
      }
    },
    {
      "type": "Feature",
      "properties": {
        "slug": "turkmenistan-dasoguz-akdepe-akdepe-dowletmammet-azady-adyndaky-alilioy",
        "name_tm": "Alilioý",
        "name_en": "Alilioý",
        "name_ru": "Алилиой",
        "type": "village",
        "parent_slug": "turkmenistan-dasoguz-akdepe-akdepe-dowletmammet-azady-adyndaky",
        "root_slug": "turkmenistan-dasoguz",
        "verification_status": "verification_required"
      },
      "geometry": {
        "type": "Point",
        "coordinates": [
          59.44177520000000214,
          42.0522691999999978
        ]
      }
    },
    {
      "type": "Feature",
      "properties": {
        "slug": "turkmenistan-dasoguz-akdepe-akdepe-dowletmammet-azady-adyndaky-keyigoy",
        "name_tm": "Keýigoý",
        "name_en": "Keýigoý",
        "name_ru": "Кейигой",
        "type": "village",
        "parent_slug": "turkmenistan-dasoguz-akdepe-akdepe-dowletmammet-azady-adyndaky",
        "root_slug": "turkmenistan-dasoguz",
        "verification_status": "verification_required"
      },
      "geometry": {
        "type": "Point",
        "coordinates": [
          59.50074359999999985,
          42.04657710000000037
        ]
      }
    },
    {
      "type": "Feature",
      "properties": {
        "slug": "turkmenistan-dasoguz-akdepe-akdepe-gamyslyk",
        "name_tm": "Gamyşlyk",
        "name_en": "Gamyşlyk",
        "name_ru": "Гамышлык",
        "type": "village",
        "parent_slug": "turkmenistan-dasoguz-akdepe-akdepe",
        "root_slug": "turkmenistan-dasoguz",
        "verification_status": "verification_required"
      },
      "geometry": {
        "type": "Point",
        "coordinates": [
          59.75292480000000239,
          41.88258900000000296
        ]
      }
    },
    {
      "type": "Feature",
      "properties": {
        "slug": "turkmenistan-dasoguz-akdepe-akdepe-garaagac",
        "name_tm": "Garaagaç",
        "name_en": "Garaagaç",
        "name_ru": "Карагач",
        "type": "village",
        "parent_slug": "turkmenistan-dasoguz-akdepe-akdepe",
        "root_slug": "turkmenistan-dasoguz",
        "verification_status": "verification_required"
      },
      "geometry": {
        "type": "Point",
        "coordinates": [
          59.81908469999999767,
          41.934469
        ]
      }
    },
    {
      "type": "Feature",
      "properties": {
        "slug": "turkmenistan-dasoguz-akdepe-akdepe-garamazy",
        "name_tm": "Garamazy",
        "name_en": "Garamazy",
        "name_ru": "Гарамазы",
        "type": "village",
        "parent_slug": "turkmenistan-dasoguz-akdepe-akdepe",
        "root_slug": "turkmenistan-dasoguz",
        "verification_status": "verification_required"
      },
      "geometry": {
        "type": "Point",
        "coordinates": [
          59.78080570000000193,
          41.85137999999999892
        ]
      }
    },
    {
      "type": "Feature",
      "properties": {
        "slug": "turkmenistan-dasoguz-akdepe-akdepe-gorkut-derekli",
        "name_tm": "Derekli",
        "name_en": "Derekli",
        "name_ru": "Дерекли",
        "type": "village",
        "parent_slug": "turkmenistan-dasoguz-akdepe-akdepe-gorkut",
        "root_slug": "turkmenistan-dasoguz",
        "verification_status": "verification_required"
      },
      "geometry": {
        "type": "Point",
        "coordinates": [
          59.21320829999999802,
          42.11794890000000179
        ]
      }
    },
    {
      "type": "Feature",
      "properties": {
        "slug": "turkmenistan-dasoguz-akdepe-akdepe-jerenli",
        "name_tm": "Jerenli",
        "name_en": "Jerenli",
        "name_ru": "Жеренли",
        "type": "village",
        "parent_slug": "turkmenistan-dasoguz-akdepe-akdepe",
        "root_slug": "turkmenistan-dasoguz",
        "verification_status": "verification_required"
      },
      "geometry": {
        "type": "Point",
        "coordinates": [
          59.70560110000000264,
          41.9694547
        ]
      }
    },
    {
      "type": "Feature",
      "properties": {
        "slug": "turkmenistan-dasoguz-akdepe-akdepe-keneges",
        "name_tm": "Keneges",
        "name_en": "Keneges",
        "name_ru": "Кенегес",
        "type": "village",
        "parent_slug": "turkmenistan-dasoguz-akdepe-akdepe",
        "root_slug": "turkmenistan-dasoguz",
        "verification_status": "verification_required"
      },
      "geometry": {
        "type": "Point",
        "coordinates": [
          59.61060280000000233,
          41.87677850000000034
        ]
      }
    },
    {
      "type": "Feature",
      "properties": {
        "slug": "turkmenistan-dasoguz-akdepe-akdepe-kopukli",
        "name_tm": "Köpükli",
        "name_en": "Köpükli",
        "name_ru": "Копукли",
        "type": "village",
        "parent_slug": "turkmenistan-dasoguz-akdepe-akdepe",
        "root_slug": "turkmenistan-dasoguz",
        "verification_status": "verification_required"
      },
      "geometry": {
        "type": "Point",
        "coordinates": [
          59.54974210000000311,
          41.86210919999999903
        ]
      }
    },
    {
      "type": "Feature",
      "properties": {
        "slug": "turkmenistan-dasoguz-akdepe-akdepe-kurt",
        "name_tm": "Kürt",
        "name_en": "Kürt",
        "name_ru": "Курт",
        "type": "village",
        "parent_slug": "turkmenistan-dasoguz-akdepe-akdepe",
        "root_slug": "turkmenistan-dasoguz",
        "verification_status": "verification_required"
      },
      "geometry": {
        "type": "Point",
        "coordinates": [
          59.77338879999999933,
          41.98797640000000086
        ]
      }
    },
    {
      "type": "Feature",
      "properties": {
        "slug": "turkmenistan-dasoguz-akdepe-akdepe-magaryf",
        "name_tm": "Magaryf",
        "name_en": "Magaryf",
        "name_ru": "Магарыф",
        "type": "village",
        "parent_slug": "turkmenistan-dasoguz-akdepe-akdepe",
        "root_slug": "turkmenistan-dasoguz",
        "verification_status": "verification_required"
      },
      "geometry": {
        "type": "Point",
        "coordinates": [
          59.49982179999999943,
          41.88581090000000274
        ]
      }
    },
    {
      "type": "Feature",
      "properties": {
        "slug": "turkmenistan-dasoguz-akdepe-akdepe-mollanepes-adyndaky-akgas",
        "name_tm": "Akgaş",
        "name_en": "Akgash",
        "name_ru": "Акгаш",
        "type": "village",
        "parent_slug": "turkmenistan-dasoguz-akdepe-akdepe-mollanepes-adyndaky",
        "root_slug": "turkmenistan-dasoguz",
        "verification_status": "verification_required"
      },
      "geometry": {
        "type": "Point",
        "coordinates": [
          59.48065100000000171,
          41.972456600000001
        ]
      }
    },
    {
      "type": "Feature",
      "properties": {
        "slug": "turkmenistan-dasoguz-akdepe-akdepe-mollanepes-adyndaky-atcapan",
        "name_tm": "Atçapan",
        "name_en": "Atçapan",
        "name_ru": "Атчапан",
        "type": "village",
        "parent_slug": "turkmenistan-dasoguz-akdepe-akdepe-mollanepes-adyndaky",
        "root_slug": "turkmenistan-dasoguz",
        "verification_status": "verification_required"
      },
      "geometry": {
        "type": "Point",
        "coordinates": [
          59.51050500000000198,
          42.01264069999999862
        ]
      }
    },
    {
      "type": "Feature",
      "properties": {
        "slug": "turkmenistan-dasoguz-akdepe-akdepe-mollanepes-adyndaky-garatayly",
        "name_tm": "Garataýly",
        "name_en": "Garataýly",
        "name_ru": "Каратайлы",
        "type": "village",
        "parent_slug": "turkmenistan-dasoguz-akdepe-akdepe-mollanepes-adyndaky",
        "root_slug": "turkmenistan-dasoguz",
        "verification_status": "verification_required"
      },
      "geometry": {
        "type": "Point",
        "coordinates": [
          59.46459529999999916,
          42.01813320000000118
        ]
      }
    },
    {
      "type": "Feature",
      "properties": {
        "slug": "turkmenistan-dasoguz-akdepe-akdepe-mollanepes-adyndaky-gowduk",
        "name_tm": "Göwdük",
        "name_en": "Göwdük",
        "name_ru": "Говдук",
        "type": "village",
        "parent_slug": "turkmenistan-dasoguz-akdepe-akdepe-mollanepes-adyndaky",
        "root_slug": "turkmenistan-dasoguz",
        "verification_status": "verification_required"
      },
      "geometry": {
        "type": "Point",
        "coordinates": [
          59.51745050000000247,
          41.9864274999999978
        ]
      }
    },
    {
      "type": "Feature",
      "properties": {
        "slug": "turkmenistan-dasoguz-akdepe-akdepe-mollanepes-adyndaky-toynuk",
        "name_tm": "Toýnuk",
        "name_en": "Toýnuk",
        "name_ru": "Тойнук",
        "type": "village",
        "parent_slug": "turkmenistan-dasoguz-akdepe-akdepe-mollanepes-adyndaky",
        "root_slug": "turkmenistan-dasoguz",
        "verification_status": "verification_required"
      },
      "geometry": {
        "type": "Point",
        "coordinates": [
          59.42192940000000334,
          42.02424280000000323
        ]
      }
    },
    {
      "type": "Feature",
      "properties": {
        "slug": "turkmenistan-dasoguz-akdepe-akdepe-mollanepes-adyndaky-watan",
        "name_tm": "Watan",
        "name_en": "Watan",
        "name_ru": "Ватан",
        "type": "village",
        "parent_slug": "turkmenistan-dasoguz-akdepe-akdepe-mollanepes-adyndaky",
        "root_slug": "turkmenistan-dasoguz",
        "verification_status": "verification_required"
      },
      "geometry": {
        "type": "Point",
        "coordinates": [
          59.47393410000000102,
          41.97962929999999915
        ]
      }
    },
    {
      "type": "Feature",
      "properties": {
        "slug": "turkmenistan-dasoguz-akdepe-akdepe-nowruz-sekizatlyk",
        "name_tm": "Sekizatlyk",
        "name_en": "Sekizatlyk",
        "name_ru": "Секизатлык",
        "type": "village",
        "parent_slug": "turkmenistan-dasoguz-akdepe-akdepe-nowruz",
        "root_slug": "turkmenistan-dasoguz",
        "verification_status": "verification_required"
      },
      "geometry": {
        "type": "Point",
        "coordinates": [
          59.31599450000000217,
          42.05297029999999837
        ]
      }
    },
    {
      "type": "Feature",
      "properties": {
        "slug": "turkmenistan-dasoguz-akdepe-akdepe-onbegi",
        "name_tm": "Onbegi",
        "name_en": "Onbegi",
        "name_ru": "Онбеги",
        "type": "village",
        "parent_slug": "turkmenistan-dasoguz-akdepe-akdepe",
        "root_slug": "turkmenistan-dasoguz",
        "verification_status": "verification_required"
      },
      "geometry": {
        "type": "Point",
        "coordinates": [
          59.77923090000000172,
          41.96560139999999705
        ]
      }
    },
    {
      "type": "Feature",
      "properties": {
        "slug": "turkmenistan-dasoguz-akdepe-akdepe-orazgeldi-arsaryyew-adyndaky-garaboynak",
        "name_tm": "Garaboýnak",
        "name_en": "Garaboýnak",
        "name_ru": "Карабайнак",
        "type": "village",
        "parent_slug": "turkmenistan-dasoguz-akdepe-akdepe-orazgeldi-arsaryyew-adyndaky",
        "root_slug": "turkmenistan-dasoguz",
        "verification_status": "verification_required"
      },
      "geometry": {
        "type": "Point",
        "coordinates": [
          59.42202710000000109,
          41.99300879999999836
        ]
      }
    },
    {
      "type": "Feature",
      "properties": {
        "slug": "turkmenistan-dasoguz-akdepe-akdepe-pagtacylyk-dayhan",
        "name_tm": "Daýhan",
        "name_en": "Daýhan",
        "name_ru": "Дайхан",
        "type": "village",
        "parent_slug": "turkmenistan-dasoguz-akdepe-akdepe-pagtacylyk",
        "root_slug": "turkmenistan-dasoguz",
        "verification_status": "verification_required"
      },
      "geometry": {
        "type": "Point",
        "coordinates": [
          59.5525931999999969,
          41.9036504999999977
        ]
      }
    },
    {
      "type": "Feature",
      "properties": {
        "slug": "turkmenistan-dasoguz-akdepe-akdepe-pagtacylyk-garrawy",
        "name_tm": "Garrawy",
        "name_en": "Garravy",
        "name_ru": "Гарравы",
        "type": "village",
        "parent_slug": "turkmenistan-dasoguz-akdepe-akdepe-pagtacylyk",
        "root_slug": "turkmenistan-dasoguz",
        "verification_status": "verification_required"
      },
      "geometry": {
        "type": "Point",
        "coordinates": [
          59.43648710000000079,
          41.9586375000000018
        ]
      }
    },
    {
      "type": "Feature",
      "properties": {
        "slug": "turkmenistan-dasoguz-akdepe-akdepe-pagtacylyk-gazakly",
        "name_tm": "Gazakly",
        "name_en": "Gazakly",
        "name_ru": "Газаклы",
        "type": "village",
        "parent_slug": "turkmenistan-dasoguz-akdepe-akdepe-pagtacylyk",
        "root_slug": "turkmenistan-dasoguz",
        "verification_status": "verification_required"
      },
      "geometry": {
        "type": "Point",
        "coordinates": [
          59.54508299999999821,
          41.92543030000000214
        ]
      }
    },
    {
      "type": "Feature",
      "properties": {
        "slug": "turkmenistan-dasoguz-akdepe-akdepe-pagtacylyk-obasy",
        "name_tm": "Pagtaçylyk obasy",
        "name_en": "Pagtaçylyk obasy",
        "name_ru": "Пагтачылык обасы",
        "type": "village",
        "parent_slug": "turkmenistan-dasoguz-akdepe-akdepe",
        "root_slug": "turkmenistan-dasoguz",
        "verification_status": "verification_required"
      },
      "geometry": {
        "type": "Point",
        "coordinates": [
          59.56725540000000052,
          41.91768569999999983
        ]
      }
    },
    {
      "type": "Feature",
      "properties": {
        "slug": "turkmenistan-dasoguz-akdepe-akdepe-pagtacylyk-pagtacylyk",
        "name_tm": "Pagtaçylyk",
        "name_en": "Pagtaçylyk",
        "name_ru": "Пагтачылык",
        "type": "village",
        "parent_slug": "turkmenistan-dasoguz-akdepe-akdepe-pagtacylyk",
        "root_slug": "turkmenistan-dasoguz",
        "verification_status": "verification_required"
      },
      "geometry": {
        "type": "Point",
        "coordinates": [
          59.50687880000000262,
          41.92165580000000347
        ]
      }
    },
    {
      "type": "Feature",
      "properties": {
        "slug": "turkmenistan-dasoguz-akdepe-akdepe-pagtacylyk-ucyap",
        "name_tm": "Üçýap",
        "name_en": "Üçýap",
        "name_ru": "Учяп",
        "type": "village",
        "parent_slug": "turkmenistan-dasoguz-akdepe-akdepe-pagtacylyk",
        "root_slug": "turkmenistan-dasoguz",
        "verification_status": "verification_required"
      },
      "geometry": {
        "type": "Point",
        "coordinates": [
          59.51391319999999752,
          41.9328629000000035
        ]
      }
    },
    {
      "type": "Feature",
      "properties": {
        "slug": "turkmenistan-dasoguz-akdepe-akdepe-polatly",
        "name_tm": "Polatly",
        "name_en": "Polatly",
        "name_ru": "Полатлы",
        "type": "village",
        "parent_slug": "turkmenistan-dasoguz-akdepe-akdepe",
        "root_slug": "turkmenistan-dasoguz",
        "verification_status": "verification_required"
      },
      "geometry": {
        "type": "Point",
        "coordinates": [
          59.67848829999999794,
          41.97046040000000033
        ]
      }
    },
    {
      "type": "Feature",
      "properties": {
        "slug": "turkmenistan-dasoguz-akdepe-akdepe-sabyrly",
        "name_tm": "Sabyrly",
        "name_en": "Sabyrly",
        "name_ru": "Сабырлы",
        "type": "village",
        "parent_slug": "turkmenistan-dasoguz-akdepe-akdepe",
        "root_slug": "turkmenistan-dasoguz",
        "verification_status": "verification_required"
      },
      "geometry": {
        "type": "Point",
        "coordinates": [
          59.80208280000000087,
          42.00853810000000266
        ]
      }
    },
    {
      "type": "Feature",
      "properties": {
        "slug": "turkmenistan-dasoguz-akdepe-akdepe-sahra-tokaylyoba",
        "name_tm": "Tokaýlyoba",
        "name_en": "Tokaýlyoba",
        "name_ru": "Токайлыоба",
        "type": "village",
        "parent_slug": "turkmenistan-dasoguz-akdepe-akdepe-sahra",
        "root_slug": "turkmenistan-dasoguz",
        "verification_status": "verification_required"
      },
      "geometry": {
        "type": "Point",
        "coordinates": [
          59.3842408000000006,
          42.08806400000000281
        ]
      }
    },
    {
      "type": "Feature",
      "properties": {
        "slug": "turkmenistan-dasoguz-akdepe-akdepe-sahra-ucagac",
        "name_tm": "Üçagaç",
        "name_en": "Üçagaç",
        "name_ru": "Учагач",
        "type": "village",
        "parent_slug": "turkmenistan-dasoguz-akdepe-akdepe-sahra",
        "root_slug": "turkmenistan-dasoguz",
        "verification_status": "verification_required"
      },
      "geometry": {
        "type": "Point",
        "coordinates": [
          59.34164870000000036,
          42.10286320000000159
        ]
      }
    },
    {
      "type": "Feature",
      "properties": {
        "slug": "turkmenistan-dasoguz-akdepe-akdepe-sazakly-ketgenli",
        "name_tm": "Ketgenli",
        "name_en": "Ketgenli",
        "name_ru": "Кетгенли",
        "type": "village",
        "parent_slug": "turkmenistan-dasoguz-akdepe-akdepe-sazakly",
        "root_slug": "turkmenistan-dasoguz",
        "verification_status": "verification_required"
      },
      "geometry": {
        "type": "Point",
        "coordinates": [
          59.14869819999999834,
          42.12229229999999803
        ]
      }
    },
    {
      "type": "Feature",
      "properties": {
        "slug": "turkmenistan-dasoguz-akdepe-akdepe-sazakly-pagtabaz",
        "name_tm": "Pagtabaz",
        "name_en": "Pagtabaz",
        "name_ru": "Пагтабаз",
        "type": "village",
        "parent_slug": "turkmenistan-dasoguz-akdepe-akdepe-sazakly",
        "root_slug": "turkmenistan-dasoguz",
        "verification_status": "verification_required"
      },
      "geometry": {
        "type": "Point",
        "coordinates": [
          59.22081299999999971,
          42.10618749999999721
        ]
      }
    },
    {
      "type": "Feature",
      "properties": {
        "slug": "turkmenistan-dasoguz-akdepe-akdepe-sazakly-sazaklyoy",
        "name_tm": "Sazaklyoý",
        "name_en": "Sazaklyoý",
        "name_ru": "Сазаклыой",
        "type": "village",
        "parent_slug": "turkmenistan-dasoguz-akdepe-akdepe-sazakly",
        "root_slug": "turkmenistan-dasoguz",
        "verification_status": "verification_required"
      },
      "geometry": {
        "type": "Point",
        "coordinates": [
          59.20990989999999954,
          42.09267899999999684
        ]
      }
    },
    {
      "type": "Feature",
      "properties": {
        "slug": "turkmenistan-dasoguz-akdepe-akdepe-sazakly-yaldyryap",
        "name_tm": "Ýaldyrýap",
        "name_en": "Ýaldyrýap",
        "name_ru": "Ялдыряп",
        "type": "village",
        "parent_slug": "turkmenistan-dasoguz-akdepe-akdepe-sazakly",
        "root_slug": "turkmenistan-dasoguz",
        "verification_status": "verification_required"
      },
      "geometry": {
        "type": "Point",
        "coordinates": [
          59.21959609999999686,
          42.13913269999999756
        ]
      }
    },
    {
      "type": "Feature",
      "properties": {
        "slug": "turkmenistan-dasoguz-akdepe-akdepe-tate",
        "name_tm": "Täte",
        "name_en": "Täte",
        "name_ru": "Тате",
        "type": "village",
        "parent_slug": "turkmenistan-dasoguz-akdepe-akdepe",
        "root_slug": "turkmenistan-dasoguz",
        "verification_status": "verification_required"
      },
      "geometry": {
        "type": "Point",
        "coordinates": [
          59.75326239999999701,
          41.99143529999999914
        ]
      }
    },
    {
      "type": "Feature",
      "properties": {
        "slug": "turkmenistan-dasoguz-akdepe-akdepe-tazeoba-catagac",
        "name_tm": "Çatagaç",
        "name_en": "Çatagaç",
        "name_ru": "Чатагач",
        "type": "village",
        "parent_slug": "turkmenistan-dasoguz-akdepe-akdepe-tazeoba",
        "root_slug": "turkmenistan-dasoguz",
        "verification_status": "verification_required"
      },
      "geometry": {
        "type": "Point",
        "coordinates": [
          59.33820349999999877,
          42.06653709999999791
        ]
      }
    },
    {
      "type": "Feature",
      "properties": {
        "slug": "turkmenistan-dasoguz-akdepe-akdepe-tazeoba-masrykyap",
        "name_tm": "Maşrykýap",
        "name_en": "Maşrykýap",
        "name_ru": "Машрыкяп",
        "type": "village",
        "parent_slug": "turkmenistan-dasoguz-akdepe-akdepe-tazeoba",
        "root_slug": "turkmenistan-dasoguz",
        "verification_status": "verification_required"
      },
      "geometry": {
        "type": "Point",
        "coordinates": [
          59.30152290000000192,
          42.09088830000000315
        ]
      }
    },
    {
      "type": "Feature",
      "properties": {
        "slug": "turkmenistan-dasoguz-akdepe-akdepe-tazeoba-turkmenistan",
        "name_tm": "Türkmenistan",
        "name_en": "Türkmenistan",
        "name_ru": "Туркменистан",
        "type": "village",
        "parent_slug": "turkmenistan-dasoguz-akdepe-akdepe-tazeoba",
        "root_slug": "turkmenistan-dasoguz",
        "verification_status": "verification_required"
      },
      "geometry": {
        "type": "Point",
        "coordinates": [
          59.3460540000000023,
          42.08527899999999989
        ]
      }
    },
    {
      "type": "Feature",
      "properties": {
        "slug": "turkmenistan-dasoguz-akdepe-akdepe-toynuk-obasy",
        "name_tm": "Toýnuk obasy",
        "name_en": "Toýnuk obasy",
        "name_ru": "Тойнук обасы",
        "type": "village",
        "parent_slug": "turkmenistan-dasoguz-akdepe-akdepe",
        "root_slug": "turkmenistan-dasoguz",
        "verification_status": "verification_required"
      },
      "geometry": {
        "type": "Point",
        "coordinates": [
          59.42297609999999964,
          42.02159220000000061
        ]
      }
    },
    {
      "type": "Feature",
      "properties": {
        "slug": "turkmenistan-dasoguz-akdepe-akdepe-ussaly",
        "name_tm": "Ussaly",
        "name_en": "Ussaly",
        "name_ru": "Уссалы",
        "type": "village",
        "parent_slug": "turkmenistan-dasoguz-akdepe-akdepe",
        "root_slug": "turkmenistan-dasoguz",
        "verification_status": "verification_required"
      },
      "geometry": {
        "type": "Point",
        "coordinates": [
          59.71312290000000189,
          41.98496269999999697
        ]
      }
    },
    {
      "type": "Feature",
      "properties": {
        "slug": "turkmenistan-dasoguz-akdepe-akdepe-watan-obasy",
        "name_tm": "Watan obasy",
        "name_en": "Watan obasy",
        "name_ru": "Ватан обасы",
        "type": "village",
        "parent_slug": "turkmenistan-dasoguz-akdepe-akdepe",
        "root_slug": "turkmenistan-dasoguz",
        "verification_status": "verification_required"
      },
      "geometry": {
        "type": "Point",
        "coordinates": [
          59.47742389999999802,
          41.98037510000000339
        ]
      }
    },
    {
      "type": "Feature",
      "properties": {
        "slug": "turkmenistan-dasoguz-akdepe-akdepe-yekeagac",
        "name_tm": "Ýekeagaç",
        "name_en": "Ýekeagaç",
        "name_ru": "Йекеагач",
        "type": "village",
        "parent_slug": "turkmenistan-dasoguz-akdepe-akdepe",
        "root_slug": "turkmenistan-dasoguz",
        "verification_status": "verification_required"
      },
      "geometry": {
        "type": "Point",
        "coordinates": [
          59.65592490000000225,
          41.96493350000000077
        ]
      }
    },
    {
      "type": "Feature",
      "properties": {
        "slug": "turkmenistan-dasoguz-akdepe-sarlawuk",
        "name_tm": "Şarlawuk",
        "name_en": "Şarlawuk",
        "name_ru": "Шарлавук",
        "type": "village",
        "parent_slug": "turkmenistan-dasoguz-akdepe",
        "root_slug": "turkmenistan-dasoguz",
        "verification_status": "verification_required"
      },
      "geometry": {
        "type": "Point",
        "coordinates": [
          59.66179520000000024,
          41.77818899999999758
        ]
      }
    },
    {
      "type": "Feature",
      "properties": {
        "slug": "turkmenistan-dasoguz-akdepe-sarlawuk-obasy",
        "name_tm": "Şarlawuk obasy",
        "name_en": "Sharlavuk obasy",
        "name_ru": "Шарлавук обасы",
        "type": "village",
        "parent_slug": "turkmenistan-dasoguz-akdepe",
        "root_slug": "turkmenistan-dasoguz",
        "verification_status": "verification_required"
      },
      "geometry": {
        "type": "Point",
        "coordinates": [
          59.66225670000000036,
          41.77730150000000008
        ]
      }
    },
    {
      "type": "Feature",
      "properties": {
        "slug": "turkmenistan-dasoguz-boldumsaz-boldumsaz-10-yyl-abadanlyk-agzybirlik",
        "name_tm": "Agzybirlik",
        "name_en": "Agzybirlik",
        "name_ru": "Агзыбирлик",
        "type": "village",
        "parent_slug": "turkmenistan-dasoguz-boldumsaz-boldumsaz-10-yyl-abadanlyk",
        "root_slug": "turkmenistan-dasoguz",
        "verification_status": "verification_required"
      },
      "geometry": {
        "type": "Point",
        "coordinates": [
          59.685360799999998,
          42.11278870000000297
        ]
      }
    },
    {
      "type": "Feature",
      "properties": {
        "slug": "turkmenistan-dasoguz-boldumsaz-boldumsaz-10-yyl-abadanlyk-watan",
        "name_tm": "Watan",
        "name_en": "Watan",
        "name_ru": "Ватан",
        "type": "village",
        "parent_slug": "turkmenistan-dasoguz-boldumsaz-boldumsaz-10-yyl-abadanlyk",
        "root_slug": "turkmenistan-dasoguz",
        "verification_status": "verification_required"
      },
      "geometry": {
        "type": "Point",
        "coordinates": [
          59.66870629999999665,
          42.08799700000000143
        ]
      }
    },
    {
      "type": "Feature",
      "properties": {
        "slug": "turkmenistan-dasoguz-boldumsaz-boldumsaz-10-yyl-abadanlyk-yagty-yol",
        "name_tm": "Ýagty ýol",
        "name_en": "Ýagty ýol",
        "name_ru": "Ягты ёл",
        "type": "village",
        "parent_slug": "turkmenistan-dasoguz-boldumsaz-boldumsaz-10-yyl-abadanlyk",
        "root_slug": "turkmenistan-dasoguz",
        "verification_status": "verification_required"
      },
      "geometry": {
        "type": "Point",
        "coordinates": [
          59.71845340000000135,
          42.1111177000000012
        ]
      }
    },
    {
      "type": "Feature",
      "properties": {
        "slug": "turkmenistan-dasoguz-boldumsaz-boldumsaz-almalyk-almalyk",
        "name_tm": "Almalyk",
        "name_en": "Almalyk",
        "name_ru": "Алмалык",
        "type": "village",
        "parent_slug": "turkmenistan-dasoguz-boldumsaz-boldumsaz-almalyk",
        "root_slug": "turkmenistan-dasoguz",
        "verification_status": "verification_required"
      },
      "geometry": {
        "type": "Point",
        "coordinates": [
          59.59672799999999882,
          42.11342080000000009
        ]
      }
    },
    {
      "type": "Feature",
      "properties": {
        "slug": "turkmenistan-dasoguz-boldumsaz-boldumsaz-almalyk-bereketli",
        "name_tm": "Bereketli",
        "name_en": "Bereketli",
        "name_ru": "Берекетли",
        "type": "village",
        "parent_slug": "turkmenistan-dasoguz-boldumsaz-boldumsaz-almalyk",
        "root_slug": "turkmenistan-dasoguz",
        "verification_status": "verification_required"
      },
      "geometry": {
        "type": "Point",
        "coordinates": [
          59.55146789999999868,
          42.14281900000000292
        ]
      }
    },
    {
      "type": "Feature",
      "properties": {
        "slug": "turkmenistan-dasoguz-boldumsaz-boldumsaz-almalyk-sahra",
        "name_tm": "Sähra",
        "name_en": "Sähra",
        "name_ru": "Сахра",
        "type": "village",
        "parent_slug": "turkmenistan-dasoguz-boldumsaz-boldumsaz-almalyk",
        "root_slug": "turkmenistan-dasoguz",
        "verification_status": "verification_required"
      },
      "geometry": {
        "type": "Point",
        "coordinates": [
          59.52454809999999697,
          42.17106919999999804
        ]
      }
    },
    {
      "type": "Feature",
      "properties": {
        "slug": "turkmenistan-dasoguz-boldumsaz-boldumsaz-almalyk-soyegbagsy",
        "name_tm": "Söýegbagşy",
        "name_en": "Söýegbagşy",
        "name_ru": "Сойегбагшы",
        "type": "village",
        "parent_slug": "turkmenistan-dasoguz-boldumsaz-boldumsaz-almalyk",
        "root_slug": "turkmenistan-dasoguz",
        "verification_status": "verification_required"
      },
      "geometry": {
        "type": "Point",
        "coordinates": [
          59.59741929999999855,
          42.15440960000000103
        ]
      }
    },
    {
      "type": "Feature",
      "properties": {
        "slug": "turkmenistan-dasoguz-boldumsaz-boldumsaz-almalyk-turkmenistan",
        "name_tm": "Türkmenistan",
        "name_en": "Türkmenistan",
        "name_ru": "Туркменистан",
        "type": "village",
        "parent_slug": "turkmenistan-dasoguz-boldumsaz-boldumsaz-almalyk",
        "root_slug": "turkmenistan-dasoguz",
        "verification_status": "verification_required"
      },
      "geometry": {
        "type": "Point",
        "coordinates": [
          59.61431400000000024,
          42.13528300000000115
        ]
      }
    },
    {
      "type": "Feature",
      "properties": {
        "slug": "turkmenistan-dasoguz-boldumsaz-boldumsaz-asgabat-cigoy",
        "name_tm": "Çigoý",
        "name_en": "Çigoý",
        "name_ru": "Чигой",
        "type": "village",
        "parent_slug": "turkmenistan-dasoguz-boldumsaz-boldumsaz-asgabat",
        "root_slug": "turkmenistan-dasoguz",
        "verification_status": "verification_required"
      },
      "geometry": {
        "type": "Point",
        "coordinates": [
          59.54345880000000335,
          42.22530700000000081
        ]
      }
    },
    {
      "type": "Feature",
      "properties": {
        "slug": "turkmenistan-dasoguz-boldumsaz-boldumsaz-asgabat-tahyadas",
        "name_tm": "Tahýadaş",
        "name_en": "Tahýadaş",
        "name_ru": "Тахядаш",
        "type": "village",
        "parent_slug": "turkmenistan-dasoguz-boldumsaz-boldumsaz-asgabat",
        "root_slug": "turkmenistan-dasoguz",
        "verification_status": "verification_required"
      },
      "geometry": {
        "type": "Point",
        "coordinates": [
          59.57937669999999742,
          42.26641870000000268
        ]
      }
    },
    {
      "type": "Feature",
      "properties": {
        "slug": "turkmenistan-dasoguz-boldumsaz-boldumsaz-asgabat-tazeguyc",
        "name_tm": "Täzegüýç",
        "name_en": "Täzegüýç",
        "name_ru": "Тазегуйч",
        "type": "village",
        "parent_slug": "turkmenistan-dasoguz-boldumsaz-boldumsaz-asgabat",
        "root_slug": "turkmenistan-dasoguz",
        "verification_status": "verification_required"
      },
      "geometry": {
        "type": "Point",
        "coordinates": [
          59.47987450000000109,
          42.24039669999999803
        ]
      }
    },
    {
      "type": "Feature",
      "properties": {
        "slug": "turkmenistan-dasoguz-boldumsaz-boldumsaz-asgabat-yaldyroy",
        "name_tm": "Ýaldyroý",
        "name_en": "Ýaldyroý",
        "name_ru": "Ялдырой",
        "type": "village",
        "parent_slug": "turkmenistan-dasoguz-boldumsaz-boldumsaz-asgabat",
        "root_slug": "turkmenistan-dasoguz",
        "verification_status": "verification_required"
      },
      "geometry": {
        "type": "Point",
        "coordinates": [
          59.56419350000000179,
          42.20078829999999926
        ]
      }
    },
    {
      "type": "Feature",
      "properties": {
        "slug": "turkmenistan-dasoguz-boldumsaz-boldumsaz-asgabat-yupek-yoly",
        "name_tm": "Ýüpek ýoly",
        "name_en": "Ýüpek ýoly",
        "name_ru": "Йупек ёлы",
        "type": "village",
        "parent_slug": "turkmenistan-dasoguz-boldumsaz-boldumsaz-asgabat",
        "root_slug": "turkmenistan-dasoguz",
        "verification_status": "verification_required"
      },
      "geometry": {
        "type": "Point",
        "coordinates": [
          59.57584219999999676,
          42.23261169999999965
        ]
      }
    },
    {
      "type": "Feature",
      "properties": {
        "slug": "turkmenistan-dasoguz-boldumsaz-boldumsaz-bereketli-obasy",
        "name_tm": "Bereketli obasy",
        "name_en": "Bereketli obasy",
        "name_ru": "Берекетли обасы",
        "type": "village",
        "parent_slug": "turkmenistan-dasoguz-boldumsaz-boldumsaz",
        "root_slug": "turkmenistan-dasoguz",
        "verification_status": "verification_required"
      },
      "geometry": {
        "type": "Point",
        "coordinates": [
          59.5507944000000009,
          42.14562860000000199
        ]
      }
    },
    {
      "type": "Feature",
      "properties": {
        "slug": "turkmenistan-dasoguz-boldumsaz-boldumsaz-boldumsaz",
        "name_tm": "Boldumsaz",
        "name_en": "Boldumsaz",
        "name_ru": "Болдумсаз",
        "type": "village",
        "parent_slug": "turkmenistan-dasoguz-boldumsaz-boldumsaz",
        "root_slug": "turkmenistan-dasoguz",
        "verification_status": "verification_required"
      },
      "geometry": {
        "type": "Point",
        "coordinates": [
          59.79825180000000273,
          42.06827789999999823
        ]
      }
    },
    {
      "type": "Feature",
      "properties": {
        "slug": "turkmenistan-dasoguz-boldumsaz-boldumsaz-duzlykol",
        "name_tm": "Duzlyköl",
        "name_en": "Duzlyköl",
        "name_ru": "Дузлыкол",
        "type": "village",
        "parent_slug": "turkmenistan-dasoguz-boldumsaz-boldumsaz",
        "root_slug": "turkmenistan-dasoguz",
        "verification_status": "verification_required"
      },
      "geometry": {
        "type": "Point",
        "coordinates": [
          59.83956210000000197,
          42.0098125999999965
        ]
      }
    },
    {
      "type": "Feature",
      "properties": {
        "slug": "turkmenistan-dasoguz-boldumsaz-boldumsaz-garakol",
        "name_tm": "Garaköl",
        "name_en": "Garaköl",
        "name_ru": "Гаракол",
        "type": "village",
        "parent_slug": "turkmenistan-dasoguz-boldumsaz-boldumsaz",
        "root_slug": "turkmenistan-dasoguz",
        "verification_status": "verification_required"
      },
      "geometry": {
        "type": "Point",
        "coordinates": [
          59.84497569999999911,
          42.05996700000000032
        ]
      }
    },
    {
      "type": "Feature",
      "properties": {
        "slug": "turkmenistan-dasoguz-boldumsaz-boldumsaz-garassyzlyk-meleje",
        "name_tm": "Meleje",
        "name_en": "Meleje",
        "name_ru": "Мележе",
        "type": "village",
        "parent_slug": "turkmenistan-dasoguz-boldumsaz-boldumsaz-garassyzlyk",
        "root_slug": "turkmenistan-dasoguz",
        "verification_status": "verification_required"
      },
      "geometry": {
        "type": "Point",
        "coordinates": [
          59.72035919999999721,
          42.13435059999999766
        ]
      }
    },
    {
      "type": "Feature",
      "properties": {
        "slug": "turkmenistan-dasoguz-boldumsaz-boldumsaz-garassyzlyk-otuzoba",
        "name_tm": "Otuzoba",
        "name_en": "Otuzoba",
        "name_ru": "Отузоба",
        "type": "village",
        "parent_slug": "turkmenistan-dasoguz-boldumsaz-boldumsaz-garassyzlyk",
        "root_slug": "turkmenistan-dasoguz",
        "verification_status": "verification_required"
      },
      "geometry": {
        "type": "Point",
        "coordinates": [
          59.7388368000000014,
          42.16228890000000006
        ]
      }
    },
    {
      "type": "Feature",
      "properties": {
        "slug": "turkmenistan-dasoguz-boldumsaz-boldumsaz-gatyoy",
        "name_tm": "Gatyoý",
        "name_en": "Gatyoý",
        "name_ru": "Катыой",
        "type": "village",
        "parent_slug": "turkmenistan-dasoguz-boldumsaz-boldumsaz",
        "root_slug": "turkmenistan-dasoguz",
        "verification_status": "verification_required"
      },
      "geometry": {
        "type": "Point",
        "coordinates": [
          59.89367850000000004,
          42.27077460000000287
        ]
      }
    },
    {
      "type": "Feature",
      "properties": {
        "slug": "turkmenistan-dasoguz-boldumsaz-boldumsaz-gulabiya",
        "name_tm": "Gulabiýa",
        "name_en": "Gulabiýa",
        "name_ru": "Гулабия",
        "type": "village",
        "parent_slug": "turkmenistan-dasoguz-boldumsaz-boldumsaz",
        "root_slug": "turkmenistan-dasoguz",
        "verification_status": "verification_required"
      },
      "geometry": {
        "type": "Point",
        "coordinates": [
          59.74222449999999896,
          42.25451319999999811
        ]
      }
    },
    {
      "type": "Feature",
      "properties": {
        "slug": "turkmenistan-dasoguz-boldumsaz-boldumsaz-guwanc-atamedow-adyndaky-birlesik",
        "name_tm": "Birleşik",
        "name_en": "Birleşik",
        "name_ru": "Бирлешик",
        "type": "village",
        "parent_slug": "turkmenistan-dasoguz-boldumsaz-boldumsaz-guwanc-atamedow-adyndaky",
        "root_slug": "turkmenistan-dasoguz",
        "verification_status": "verification_required"
      },
      "geometry": {
        "type": "Point",
        "coordinates": [
          59.60987599999999987,
          42.1647439999999989
        ]
      }
    },
    {
      "type": "Feature",
      "properties": {
        "slug": "turkmenistan-dasoguz-boldumsaz-boldumsaz-guwanc-atamedow-adyndaky-bozajy",
        "name_tm": "Bozajy",
        "name_en": "Bozajy",
        "name_ru": "Бозаджи",
        "type": "village",
        "parent_slug": "turkmenistan-dasoguz-boldumsaz-boldumsaz-guwanc-atamedow-adyndaky",
        "root_slug": "turkmenistan-dasoguz",
        "verification_status": "verification_required"
      },
      "geometry": {
        "type": "Point",
        "coordinates": [
          59.63548819999999751,
          42.15062389999999937
        ]
      }
    },
    {
      "type": "Feature",
      "properties": {
        "slug": "turkmenistan-dasoguz-boldumsaz-boldumsaz-guwanc-atamedow-adyndaky-gobeklioy",
        "name_tm": "Göbeklioý",
        "name_en": "Göbeklioý",
        "name_ru": "Гобеклиой",
        "type": "village",
        "parent_slug": "turkmenistan-dasoguz-boldumsaz-boldumsaz-guwanc-atamedow-adyndaky",
        "root_slug": "turkmenistan-dasoguz",
        "verification_status": "verification_required"
      },
      "geometry": {
        "type": "Point",
        "coordinates": [
          59.6519446000000002,
          42.23900710000000202
        ]
      }
    },
    {
      "type": "Feature",
      "properties": {
        "slug": "turkmenistan-dasoguz-boldumsaz-boldumsaz-guwanc-atamedow-adyndaky-sohbet",
        "name_tm": "Söhbet",
        "name_en": "Söhbet",
        "name_ru": "Сохбет",
        "type": "village",
        "parent_slug": "turkmenistan-dasoguz-boldumsaz-boldumsaz-guwanc-atamedow-adyndaky",
        "root_slug": "turkmenistan-dasoguz",
        "verification_status": "verification_required"
      },
      "geometry": {
        "type": "Point",
        "coordinates": [
          59.63157000000000351,
          42.19948279999999841
        ]
      }
    },
    {
      "type": "Feature",
      "properties": {
        "slug": "turkmenistan-dasoguz-boldumsaz-boldumsaz-guyanagyz-akmanyap",
        "name_tm": "Akmanýap",
        "name_en": "Akmanýap",
        "name_ru": "Акманяп",
        "type": "village",
        "parent_slug": "turkmenistan-dasoguz-boldumsaz-boldumsaz-guyanagyz",
        "root_slug": "turkmenistan-dasoguz",
        "verification_status": "verification_required"
      },
      "geometry": {
        "type": "Point",
        "coordinates": [
          59.66319500000000175,
          42.25240370000000211
        ]
      }
    },
    {
      "type": "Feature",
      "properties": {
        "slug": "turkmenistan-dasoguz-boldumsaz-boldumsaz-guyanagyz-guyanagyz",
        "name_tm": "Guýanagyz",
        "name_en": "Guýanagyz",
        "name_ru": "Гуянагыз",
        "type": "village",
        "parent_slug": "turkmenistan-dasoguz-boldumsaz-boldumsaz-guyanagyz",
        "root_slug": "turkmenistan-dasoguz",
        "verification_status": "verification_required"
      },
      "geometry": {
        "type": "Point",
        "coordinates": [
          59.6281800000000004,
          42.28216119999999733
        ]
      }
    },
    {
      "type": "Feature",
      "properties": {
        "slug": "turkmenistan-dasoguz-boldumsaz-boldumsaz-igdirli",
        "name_tm": "Igdirli",
        "name_en": "Igdirli",
        "name_ru": "Игдирли",
        "type": "village",
        "parent_slug": "turkmenistan-dasoguz-boldumsaz-boldumsaz",
        "root_slug": "turkmenistan-dasoguz",
        "verification_status": "verification_required"
      },
      "geometry": {
        "type": "Point",
        "coordinates": [
          59.87592240000000032,
          42.07087599999999839
        ]
      }
    },
    {
      "type": "Feature",
      "properties": {
        "slug": "turkmenistan-dasoguz-boldumsaz-boldumsaz-kuwwat-obasy",
        "name_tm": "Kuwwat obasy",
        "name_en": "Kuwwat obasy",
        "name_ru": "Кувват обасы",
        "type": "village",
        "parent_slug": "turkmenistan-dasoguz-boldumsaz-boldumsaz",
        "root_slug": "turkmenistan-dasoguz",
        "verification_status": "verification_required"
      },
      "geometry": {
        "type": "Point",
        "coordinates": [
          59.72193949999999774,
          42.09195530000000218
        ]
      }
    },
    {
      "type": "Feature",
      "properties": {
        "slug": "turkmenistan-dasoguz-boldumsaz-boldumsaz-kyrkgara",
        "name_tm": "Kyrkgara",
        "name_en": "Kyrkgara",
        "name_ru": "Кыркгара",
        "type": "village",
        "parent_slug": "turkmenistan-dasoguz-boldumsaz-boldumsaz",
        "root_slug": "turkmenistan-dasoguz",
        "verification_status": "verification_required"
      },
      "geometry": {
        "type": "Point",
        "coordinates": [
          59.84607390000000037,
          42.09636739999999833
        ]
      }
    },
    {
      "type": "Feature",
      "properties": {
        "slug": "turkmenistan-dasoguz-boldumsaz-boldumsaz-malayyap",
        "name_tm": "Malaýýap",
        "name_en": "Malaýýap",
        "name_ru": "Малайяп",
        "type": "village",
        "parent_slug": "turkmenistan-dasoguz-boldumsaz-boldumsaz",
        "root_slug": "turkmenistan-dasoguz",
        "verification_status": "verification_required"
      },
      "geometry": {
        "type": "Point",
        "coordinates": [
          59.80867880000000269,
          42.09085600000000226
        ]
      }
    },
    {
      "type": "Feature",
      "properties": {
        "slug": "turkmenistan-dasoguz-boldumsaz-boldumsaz-medeniyet-altyn-toprak",
        "name_tm": "Altyn toprak",
        "name_en": "Altyn toprak",
        "name_ru": "Алтын топрак",
        "type": "village",
        "parent_slug": "turkmenistan-dasoguz-boldumsaz-boldumsaz-medeniyet",
        "root_slug": "turkmenistan-dasoguz",
        "verification_status": "verification_required"
      },
      "geometry": {
        "type": "Point",
        "coordinates": [
          59.75055549999999727,
          42.05251779999999683
        ]
      }
    },
    {
      "type": "Feature",
      "properties": {
        "slug": "turkmenistan-dasoguz-boldumsaz-boldumsaz-medeniyet-altyn-zaman",
        "name_tm": "Altyn Zaman",
        "name_en": "Altyn Zaman",
        "name_ru": "Алтын заман",
        "type": "village",
        "parent_slug": "turkmenistan-dasoguz-boldumsaz-boldumsaz-medeniyet",
        "root_slug": "turkmenistan-dasoguz",
        "verification_status": "verification_required"
      },
      "geometry": {
        "type": "Point",
        "coordinates": [
          59.76063669999999917,
          42.07964309999999842
        ]
      }
    },
    {
      "type": "Feature",
      "properties": {
        "slug": "turkmenistan-dasoguz-boldumsaz-boldumsaz-medeniyet-kuwwat",
        "name_tm": "Kuwwat",
        "name_en": "Kuwwat",
        "name_ru": "Кувват",
        "type": "village",
        "parent_slug": "turkmenistan-dasoguz-boldumsaz-boldumsaz-medeniyet",
        "root_slug": "turkmenistan-dasoguz",
        "verification_status": "verification_required"
      },
      "geometry": {
        "type": "Point",
        "coordinates": [
          59.72337029999999914,
          42.09135020000000082
        ]
      }
    },
    {
      "type": "Feature",
      "properties": {
        "slug": "turkmenistan-dasoguz-boldumsaz-boldumsaz-medeniyet-medeniyet",
        "name_tm": "Medeniýet",
        "name_en": "Medeniýet",
        "name_ru": "Меденийет",
        "type": "village",
        "parent_slug": "turkmenistan-dasoguz-boldumsaz-boldumsaz-medeniyet",
        "root_slug": "turkmenistan-dasoguz",
        "verification_status": "verification_required"
      },
      "geometry": {
        "type": "Point",
        "coordinates": [
          59.72405489999999873,
          42.03529170000000192
        ]
      }
    },
    {
      "type": "Feature",
      "properties": {
        "slug": "turkmenistan-dasoguz-boldumsaz-boldumsaz-pagtacy",
        "name_tm": "Pagtaçy",
        "name_en": "Pagtaçy",
        "name_ru": "Пагтачы",
        "type": "village",
        "parent_slug": "turkmenistan-dasoguz-boldumsaz-boldumsaz",
        "root_slug": "turkmenistan-dasoguz",
        "verification_status": "verification_required"
      },
      "geometry": {
        "type": "Point",
        "coordinates": [
          59.91970589999999675,
          42.26627750000000105
        ]
      }
    },
    {
      "type": "Feature",
      "properties": {
        "slug": "turkmenistan-dasoguz-boldumsaz-boldumsaz-rowaclyk-galdaw",
        "name_tm": "Galdaw",
        "name_en": "Galdaw",
        "name_ru": "Галдав",
        "type": "village",
        "parent_slug": "turkmenistan-dasoguz-boldumsaz-boldumsaz-rowaclyk",
        "root_slug": "turkmenistan-dasoguz",
        "verification_status": "verification_required"
      },
      "geometry": {
        "type": "Point",
        "coordinates": [
          59.69504179999999849,
          42.16717249999999951
        ]
      }
    },
    {
      "type": "Feature",
      "properties": {
        "slug": "turkmenistan-dasoguz-boldumsaz-boldumsaz-rowaclyk-sararyap",
        "name_tm": "Särarýap",
        "name_en": "Särarýap",
        "name_ru": "Сараряп",
        "type": "village",
        "parent_slug": "turkmenistan-dasoguz-boldumsaz-boldumsaz-rowaclyk",
        "root_slug": "turkmenistan-dasoguz",
        "verification_status": "verification_required"
      },
      "geometry": {
        "type": "Point",
        "coordinates": [
          59.69171459999999741,
          42.14926630000000074
        ]
      }
    },
    {
      "type": "Feature",
      "properties": {
        "slug": "turkmenistan-dasoguz-boldumsaz-boldumsaz-tommakyap",
        "name_tm": "Tommakýap",
        "name_en": "Tommakýap",
        "name_ru": "Томмакяп",
        "type": "village",
        "parent_slug": "turkmenistan-dasoguz-boldumsaz-boldumsaz",
        "root_slug": "turkmenistan-dasoguz",
        "verification_status": "verification_required"
      },
      "geometry": {
        "type": "Point",
        "coordinates": [
          59.79513120000000014,
          42.12030010000000146
        ]
      }
    },
    {
      "type": "Feature",
      "properties": {
        "slug": "turkmenistan-dasoguz-boldumsaz-boldumsaz-usak",
        "name_tm": "Uşak",
        "name_en": "Uşak",
        "name_ru": "Ушак",
        "type": "village",
        "parent_slug": "turkmenistan-dasoguz-boldumsaz-boldumsaz",
        "root_slug": "turkmenistan-dasoguz",
        "verification_status": "verification_required"
      },
      "geometry": {
        "type": "Point",
        "coordinates": [
          59.97958539999999772,
          42.06131680000000017
        ]
      }
    },
    {
      "type": "Feature",
      "properties": {
        "slug": "turkmenistan-dasoguz-boldumsaz-boldumsaz-zahmetkes-altyn-asyr",
        "name_tm": "Altyn Asyr",
        "name_en": "Altyn Asyr",
        "name_ru": "Алтын асыр",
        "type": "village",
        "parent_slug": "turkmenistan-dasoguz-boldumsaz-boldumsaz-zahmetkes",
        "root_slug": "turkmenistan-dasoguz",
        "verification_status": "verification_required"
      },
      "geometry": {
        "type": "Point",
        "coordinates": [
          59.54458590000000128,
          42.22188369999999936
        ]
      }
    },
    {
      "type": "Feature",
      "properties": {
        "slug": "turkmenistan-dasoguz-boldumsaz-boldumsaz-zahmetkes-aylakly",
        "name_tm": "Aýlakly",
        "name_en": "Aýlakly",
        "name_ru": "Айлаклы",
        "type": "village",
        "parent_slug": "turkmenistan-dasoguz-boldumsaz-boldumsaz-zahmetkes",
        "root_slug": "turkmenistan-dasoguz",
        "verification_status": "verification_required"
      },
      "geometry": {
        "type": "Point",
        "coordinates": [
          59.53537250000000113,
          42.18609670000000022
        ]
      }
    },
    {
      "type": "Feature",
      "properties": {
        "slug": "turkmenistan-dasoguz-boldumsaz-boldumsaz-zahmetkes-garayylgyn",
        "name_tm": "Garaýylgyn",
        "name_en": "Garaýylgyn",
        "name_ru": "Гарайылгын",
        "type": "village",
        "parent_slug": "turkmenistan-dasoguz-boldumsaz-boldumsaz-zahmetkes",
        "root_slug": "turkmenistan-dasoguz",
        "verification_status": "verification_required"
      },
      "geometry": {
        "type": "Point",
        "coordinates": [
          59.41427780000000069,
          42.20672499999999872
        ]
      }
    },
    {
      "type": "Feature",
      "properties": {
        "slug": "turkmenistan-dasoguz-garassyzlyk-altyn-toprak-genesligi",
        "name_tm": "Altyn Toprak geňeşligi",
        "name_en": "Altyn Toprak geňeşligi",
        "name_ru": "сельсовет \"Золотая почва\"",
        "type": "village",
        "parent_slug": "turkmenistan-dasoguz-garassyzlyk",
        "root_slug": "turkmenistan-dasoguz",
        "verification_status": "verification_required"
      },
      "geometry": {
        "type": "Point",
        "coordinates": [
          59.59742789999999957,
          41.89318060000000087
        ]
      }
    },
    {
      "type": "Feature",
      "properties": {
        "slug": "turkmenistan-dasoguz-garassyzlyk-gyzyltakyr-basuwly",
        "name_tm": "Basuwly",
        "name_en": "Basuwly",
        "name_ru": "Басувлы",
        "type": "village",
        "parent_slug": "turkmenistan-dasoguz-garassyzlyk-gyzyltakyr",
        "root_slug": "turkmenistan-dasoguz",
        "verification_status": "verification_required"
      },
      "geometry": {
        "type": "Point",
        "coordinates": [
          59.64490920000000073,
          42.02149519999999682
        ]
      }
    },
    {
      "type": "Feature",
      "properties": {
        "slug": "turkmenistan-dasoguz-garassyzlyk-gyzyltakyr-burunjyk",
        "name_tm": "Burunjyk",
        "name_en": "Burunjyk",
        "name_ru": "Бурунжык",
        "type": "village",
        "parent_slug": "turkmenistan-dasoguz-garassyzlyk-gyzyltakyr",
        "root_slug": "turkmenistan-dasoguz",
        "verification_status": "verification_required"
      },
      "geometry": {
        "type": "Point",
        "coordinates": [
          59.59483019999999698,
          42.02938410000000146
        ]
      }
    },
    {
      "type": "Feature",
      "properties": {
        "slug": "turkmenistan-dasoguz-garassyzlyk-gyzyltakyr-gyzyltakyr",
        "name_tm": "Gyzyltakyr",
        "name_en": "Gyzyltakyr",
        "name_ru": "Гызылтакыр",
        "type": "village",
        "parent_slug": "turkmenistan-dasoguz-garassyzlyk-gyzyltakyr",
        "root_slug": "turkmenistan-dasoguz",
        "verification_status": "verification_required"
      },
      "geometry": {
        "type": "Point",
        "coordinates": [
          59.58393720000000115,
          42.069582699999998
        ]
      }
    },
    {
      "type": "Feature",
      "properties": {
        "slug": "turkmenistan-dasoguz-garassyzlyk-nurmuhammet-andalyp-adyndaky-andalyp",
        "name_tm": "Andalyp",
        "name_en": "Andalyp",
        "name_ru": "Андалып",
        "type": "village",
        "parent_slug": "turkmenistan-dasoguz-garassyzlyk-nurmuhammet-andalyp-adyndaky",
        "root_slug": "turkmenistan-dasoguz",
        "verification_status": "verification_required"
      },
      "geometry": {
        "type": "Point",
        "coordinates": [
          59.71311060000000026,
          41.87958460000000115
        ]
      }
    },
    {
      "type": "Feature",
      "properties": {
        "slug": "turkmenistan-dasoguz-garassyzlyk-nurmuhammet-andalyp-adyndaky-duyeci",
        "name_tm": "Düýeçi",
        "name_en": "Düýeçi",
        "name_ru": "Дуйечи",
        "type": "village",
        "parent_slug": "turkmenistan-dasoguz-garassyzlyk-nurmuhammet-andalyp-adyndaky",
        "root_slug": "turkmenistan-dasoguz",
        "verification_status": "verification_required"
      },
      "geometry": {
        "type": "Point",
        "coordinates": [
          59.77804700000000082,
          41.85142989999999941
        ]
      }
    },
    {
      "type": "Feature",
      "properties": {
        "slug": "turkmenistan-dasoguz-garassyzlyk-nurmuhammet-andalyp-adyndaky-garamazy",
        "name_tm": "Garamazy",
        "name_en": "Garamazy",
        "name_ru": "Гарамазы",
        "type": "village",
        "parent_slug": "turkmenistan-dasoguz-garassyzlyk-nurmuhammet-andalyp-adyndaky",
        "root_slug": "turkmenistan-dasoguz",
        "verification_status": "verification_required"
      },
      "geometry": {
        "type": "Point",
        "coordinates": [
          59.7273873999999978,
          41.8647350999999972
        ]
      }
    },
    {
      "type": "Feature",
      "properties": {
        "slug": "turkmenistan-dasoguz-garassyzlyk-nurmuhammet-andalyp-adyndaky-konegala",
        "name_tm": "Könegala",
        "name_en": "Könegala",
        "name_ru": "Конегала",
        "type": "village",
        "parent_slug": "turkmenistan-dasoguz-garassyzlyk-nurmuhammet-andalyp-adyndaky",
        "root_slug": "turkmenistan-dasoguz",
        "verification_status": "verification_required"
      },
      "geometry": {
        "type": "Point",
        "coordinates": [
          59.67145010000000127,
          41.86977190000000349
        ]
      }
    },
    {
      "type": "Feature",
      "properties": {
        "slug": "turkmenistan-dasoguz-garassyzlyk-rejepguly-atayew-adyndaky-bagty",
        "name_tm": "Bagty",
        "name_en": "Bagty",
        "name_ru": "Багты",
        "type": "village",
        "parent_slug": "turkmenistan-dasoguz-garassyzlyk-rejepguly-atayew-adyndaky",
        "root_slug": "turkmenistan-dasoguz",
        "verification_status": "verification_required"
      },
      "geometry": {
        "type": "Point",
        "coordinates": [
          59.76021180000000043,
          41.96298790000000167
        ]
      }
    },
    {
      "type": "Feature",
      "properties": {
        "slug": "turkmenistan-dasoguz-garassyzlyk-rejepguly-atayew-adyndaky-bamyly",
        "name_tm": "Bamyly",
        "name_en": "Bamyly",
        "name_ru": "Бамылы",
        "type": "village",
        "parent_slug": "turkmenistan-dasoguz-garassyzlyk-rejepguly-atayew-adyndaky",
        "root_slug": "turkmenistan-dasoguz",
        "verification_status": "verification_required"
      },
      "geometry": {
        "type": "Point",
        "coordinates": [
          59.69689840000000202,
          41.9455529000000027
        ]
      }
    },
    {
      "type": "Feature",
      "properties": {
        "slug": "turkmenistan-dasoguz-garassyzlyk-rejepguly-atayew-adyndaky-cildir",
        "name_tm": "Çildir",
        "name_en": "Çildir",
        "name_ru": "Чилдир",
        "type": "village",
        "parent_slug": "turkmenistan-dasoguz-garassyzlyk-rejepguly-atayew-adyndaky",
        "root_slug": "turkmenistan-dasoguz",
        "verification_status": "verification_required"
      },
      "geometry": {
        "type": "Point",
        "coordinates": [
          59.72551599999999894,
          41.95326390000000317
        ]
      }
    },
    {
      "type": "Feature",
      "properties": {
        "slug": "turkmenistan-dasoguz-garassyzlyk-rejepguly-atayew-adyndaky-gyzyl",
        "name_tm": "Gyzyl",
        "name_en": "Gyzyl",
        "name_ru": "Гызыл",
        "type": "village",
        "parent_slug": "turkmenistan-dasoguz-garassyzlyk-rejepguly-atayew-adyndaky",
        "root_slug": "turkmenistan-dasoguz",
        "verification_status": "verification_required"
      },
      "geometry": {
        "type": "Point",
        "coordinates": [
          59.74449700000000262,
          41.93909299999999974
        ]
      }
    },
    {
      "type": "Feature",
      "properties": {
        "slug": "turkmenistan-dasoguz-garassyzlyk-rejepguly-atayew-adyndaky-menis",
        "name_tm": "Meňiş",
        "name_en": "Meňiş",
        "name_ru": "Мениш",
        "type": "village",
        "parent_slug": "turkmenistan-dasoguz-garassyzlyk-rejepguly-atayew-adyndaky",
        "root_slug": "turkmenistan-dasoguz",
        "verification_status": "verification_required"
      },
      "geometry": {
        "type": "Point",
        "coordinates": [
          59.78999379999999775,
          41.92811890000000119
        ]
      }
    },
    {
      "type": "Feature",
      "properties": {
        "slug": "turkmenistan-dasoguz-garassyzlyk-rejepguly-atayew-adyndaky-omarly",
        "name_tm": "Omarly",
        "name_en": "Omarly",
        "name_ru": "Омарлы",
        "type": "village",
        "parent_slug": "turkmenistan-dasoguz-garassyzlyk-rejepguly-atayew-adyndaky",
        "root_slug": "turkmenistan-dasoguz",
        "verification_status": "verification_required"
      },
      "geometry": {
        "type": "Point",
        "coordinates": [
          59.70451570000000174,
          41.91489969999999943
        ]
      }
    },
    {
      "type": "Feature",
      "properties": {
        "slug": "turkmenistan-dasoguz-garassyzlyk-rejepguly-atayew-adyndaky-orman",
        "name_tm": "Orman",
        "name_en": "Orman",
        "name_ru": "Орман",
        "type": "village",
        "parent_slug": "turkmenistan-dasoguz-garassyzlyk-rejepguly-atayew-adyndaky",
        "root_slug": "turkmenistan-dasoguz",
        "verification_status": "verification_required"
      },
      "geometry": {
        "type": "Point",
        "coordinates": [
          59.75656620000000174,
          41.92815809999999743
        ]
      }
    },
    {
      "type": "Feature",
      "properties": {
        "slug": "turkmenistan-dasoguz-garassyzlyk-sabat-genesligi",
        "name_tm": "Şabat geňeşligi",
        "name_en": "Şabat geňeşligi",
        "name_ru": "Шабат генешлиги",
        "type": "village",
        "parent_slug": "turkmenistan-dasoguz-garassyzlyk",
        "root_slug": "turkmenistan-dasoguz",
        "verification_status": "verification_required"
      },
      "geometry": {
        "type": "Point",
        "coordinates": [
          59.69117330000000265,
          41.85879090000000246
        ]
      }
    },
    {
      "type": "Feature",
      "properties": {
        "slug": "turkmenistan-dasoguz-garassyzlyk-sabat-magtym",
        "name_tm": "Magtym",
        "name_en": "Magtym",
        "name_ru": "Магтым",
        "type": "village",
        "parent_slug": "turkmenistan-dasoguz-garassyzlyk-sabat",
        "root_slug": "turkmenistan-dasoguz",
        "verification_status": "verification_required"
      },
      "geometry": {
        "type": "Point",
        "coordinates": [
          59.63928659999999838,
          41.86384249999999696
        ]
      }
    },
    {
      "type": "Feature",
      "properties": {
        "slug": "turkmenistan-dasoguz-garassyzlyk-sazanda-sazanda",
        "name_tm": "Sazanda",
        "name_en": "Sazanda",
        "name_ru": "Сазанда",
        "type": "village",
        "parent_slug": "turkmenistan-dasoguz-garassyzlyk-sazanda",
        "root_slug": "turkmenistan-dasoguz",
        "verification_status": "verification_required"
      },
      "geometry": {
        "type": "Point",
        "coordinates": [
          59.60040409999999867,
          41.95712970000000297
        ]
      }
    },
    {
      "type": "Feature",
      "properties": {
        "slug": "turkmenistan-dasoguz-garassyzlyk-tazezaman-bagly",
        "name_tm": "Bagly",
        "name_en": "Bagly",
        "name_ru": "Баглы",
        "type": "village",
        "parent_slug": "turkmenistan-dasoguz-garassyzlyk-tazezaman",
        "root_slug": "turkmenistan-dasoguz",
        "verification_status": "verification_required"
      },
      "geometry": {
        "type": "Point",
        "coordinates": [
          59.63820069999999874,
          41.94187180000000125
        ]
      }
    },
    {
      "type": "Feature",
      "properties": {
        "slug": "turkmenistan-dasoguz-garassyzlyk-tazezaman-dortyap",
        "name_tm": "Dörtýap",
        "name_en": "Dörtýap",
        "name_ru": "Дортяп",
        "type": "village",
        "parent_slug": "turkmenistan-dasoguz-garassyzlyk-tazezaman",
        "root_slug": "turkmenistan-dasoguz",
        "verification_status": "verification_required"
      },
      "geometry": {
        "type": "Point",
        "coordinates": [
          59.62682209999999828,
          41.92009360000000128
        ]
      }
    },
    {
      "type": "Feature",
      "properties": {
        "slug": "turkmenistan-dasoguz-garassyzlyk-tazezaman-hesdekler",
        "name_tm": "Heşdekler",
        "name_en": "Heşdekler",
        "name_ru": "Хешдеклер",
        "type": "village",
        "parent_slug": "turkmenistan-dasoguz-garassyzlyk-tazezaman",
        "root_slug": "turkmenistan-dasoguz",
        "verification_status": "verification_required"
      },
      "geometry": {
        "type": "Point",
        "coordinates": [
          59.58059459999999775,
          41.97976229999999731
        ]
      }
    },
    {
      "type": "Feature",
      "properties": {
        "slug": "turkmenistan-dasoguz-garassyzlyk-tazezaman-janam",
        "name_tm": "Janam",
        "name_en": "Janam",
        "name_ru": "Жанам",
        "type": "village",
        "parent_slug": "turkmenistan-dasoguz-garassyzlyk-tazezaman",
        "root_slug": "turkmenistan-dasoguz",
        "verification_status": "verification_required"
      },
      "geometry": {
        "type": "Point",
        "coordinates": [
          59.66949460000000016,
          41.91367910000000308
        ]
      }
    },
    {
      "type": "Feature",
      "properties": {
        "slug": "turkmenistan-dasoguz-gorogly-gorogly-akdepe-obasy",
        "name_tm": "Akdepe obasy",
        "name_en": "Akdepe obasy",
        "name_ru": "Акдепе обасы",
        "type": "village",
        "parent_slug": "turkmenistan-dasoguz-gorogly-gorogly",
        "root_slug": "turkmenistan-dasoguz",
        "verification_status": "verification_required"
      },
      "geometry": {
        "type": "Point",
        "coordinates": [
          59.85389440000000149,
          41.61470779999999792
        ]
      }
    },
    {
      "type": "Feature",
      "properties": {
        "slug": "turkmenistan-dasoguz-gorogly-gorogly-aksaray-aksaray",
        "name_tm": "Aksaraý",
        "name_en": "Aksaraý",
        "name_ru": "Аксарай",
        "type": "village",
        "parent_slug": "turkmenistan-dasoguz-gorogly-gorogly-aksaray",
        "root_slug": "turkmenistan-dasoguz",
        "verification_status": "verification_required"
      },
      "geometry": {
        "type": "Point",
        "coordinates": [
          60.07360870000000119,
          41.61914780000000035
        ]
      }
    },
    {
      "type": "Feature",
      "properties": {
        "slug": "turkmenistan-dasoguz-gorogly-gorogly-aksaray-garamykly",
        "name_tm": "Garamykly",
        "name_en": "Garamykly",
        "name_ru": "Гарамыклы",
        "type": "village",
        "parent_slug": "turkmenistan-dasoguz-gorogly-gorogly-aksaray",
        "root_slug": "turkmenistan-dasoguz",
        "verification_status": "verification_required"
      },
      "geometry": {
        "type": "Point",
        "coordinates": [
          60.04852369999999695,
          41.61065789999999965
        ]
      }
    },
    {
      "type": "Feature",
      "properties": {
        "slug": "turkmenistan-dasoguz-gorogly-gorogly-aksaray-genesligi",
        "name_tm": "Aksaraý geňeşligi",
        "name_en": "Aksaraý geňeşligi",
        "name_ru": "Аксарай генешлиги",
        "type": "village",
        "parent_slug": "turkmenistan-dasoguz-gorogly-gorogly",
        "root_slug": "turkmenistan-dasoguz",
        "verification_status": "verification_required"
      },
      "geometry": {
        "type": "Point",
        "coordinates": [
          59.10310859999999878,
          41.73654950000000241
        ]
      }
    },
    {
      "type": "Feature",
      "properties": {
        "slug": "turkmenistan-dasoguz-gorogly-gorogly-aksaray-gorelde",
        "name_tm": "Görelde",
        "name_en": "Görelde",
        "name_ru": "Горелде",
        "type": "village",
        "parent_slug": "turkmenistan-dasoguz-gorogly-gorogly-aksaray",
        "root_slug": "turkmenistan-dasoguz",
        "verification_status": "verification_required"
      },
      "geometry": {
        "type": "Point",
        "coordinates": [
          60.10028580000000175,
          41.63971659999999986
        ]
      }
    },
    {
      "type": "Feature",
      "properties": {
        "slug": "turkmenistan-dasoguz-gorogly-gorogly-annagylyc-atayew",
        "name_tm": "Annagylyç Ataýew",
        "name_en": "Annagylyç Ataýew",
        "name_ru": "Аннагылыч атайев",
        "type": "village",
        "parent_slug": "turkmenistan-dasoguz-gorogly-gorogly",
        "root_slug": "turkmenistan-dasoguz",
        "verification_status": "verification_required"
      },
      "geometry": {
        "type": "Point",
        "coordinates": [
          59.96380400000000321,
          41.62813950000000319
        ]
      }
    },
    {
      "type": "Feature",
      "properties": {
        "slug": "turkmenistan-dasoguz-gorogly-gorogly-annagylyc-atayew-adyndaky-basatly",
        "name_tm": "Bäşatly",
        "name_en": "Bäşatly",
        "name_ru": "Башатлы",
        "type": "village",
        "parent_slug": "turkmenistan-dasoguz-gorogly-gorogly-annagylyc-atayew-adyndaky",
        "root_slug": "turkmenistan-dasoguz",
        "verification_status": "verification_required"
      },
      "geometry": {
        "type": "Point",
        "coordinates": [
          59.9637993999999992,
          41.59811280000000267
        ]
      }
    },
    {
      "type": "Feature",
      "properties": {
        "slug": "turkmenistan-dasoguz-gorogly-gorogly-annagylyc-atayew-adyndaky-hangala",
        "name_tm": "Hangala",
        "name_en": "Hangala",
        "name_ru": "Хангала",
        "type": "village",
        "parent_slug": "turkmenistan-dasoguz-gorogly-gorogly-annagylyc-atayew-adyndaky",
        "root_slug": "turkmenistan-dasoguz",
        "verification_status": "verification_required"
      },
      "geometry": {
        "type": "Point",
        "coordinates": [
          59.98763999999999897,
          41.61020460000000299
        ]
      }
    },
    {
      "type": "Feature",
      "properties": {
        "slug": "turkmenistan-dasoguz-gorogly-gorogly-annagylyc-atayew-adyndaky-soryap",
        "name_tm": "Şorýap",
        "name_en": "Şorýap",
        "name_ru": "Шоряп",
        "type": "village",
        "parent_slug": "turkmenistan-dasoguz-gorogly-gorogly-annagylyc-atayew-adyndaky",
        "root_slug": "turkmenistan-dasoguz",
        "verification_status": "verification_required"
      },
      "geometry": {
        "type": "Point",
        "coordinates": [
          59.96382320000000021,
          41.58536600000000049
        ]
      }
    },
    {
      "type": "Feature",
      "properties": {
        "slug": "turkmenistan-dasoguz-gorogly-gorogly-atalyk-obasy",
        "name_tm": "Atalyk obasy",
        "name_en": "Atalyk obasy",
        "name_ru": "Аталык обасы",
        "type": "village",
        "parent_slug": "turkmenistan-dasoguz-gorogly-gorogly",
        "root_slug": "turkmenistan-dasoguz",
        "verification_status": "verification_required"
      },
      "geometry": {
        "type": "Point",
        "coordinates": [
          59.83363310000000012,
          41.71709589999999678
        ]
      }
    },
    {
      "type": "Feature",
      "properties": {
        "slug": "turkmenistan-dasoguz-gorogly-gorogly-balys-owezow-adyndaky-dowletli",
        "name_tm": "Döwletli",
        "name_en": "Döwletli",
        "name_ru": "Довлетли",
        "type": "village",
        "parent_slug": "turkmenistan-dasoguz-gorogly-gorogly-balys-owezow-adyndaky",
        "root_slug": "turkmenistan-dasoguz",
        "verification_status": "verification_required"
      },
      "geometry": {
        "type": "Point",
        "coordinates": [
          60.03321700000000049,
          41.55829440000000118
        ]
      }
    },
    {
      "type": "Feature",
      "properties": {
        "slug": "turkmenistan-dasoguz-gorogly-gorogly-bedirkent-kyrkgyz",
        "name_tm": "Kyrkgyz",
        "name_en": "Kyrkgyz",
        "name_ru": "Кыркгыз",
        "type": "village",
        "parent_slug": "turkmenistan-dasoguz-gorogly-gorogly-bedirkent",
        "root_slug": "turkmenistan-dasoguz",
        "verification_status": "verification_required"
      },
      "geometry": {
        "type": "Point",
        "coordinates": [
          60.00778040000000146,
          41.52493359999999711
        ]
      }
    },
    {
      "type": "Feature",
      "properties": {
        "slug": "turkmenistan-dasoguz-gorogly-gorogly-bedirkent-yanyyap",
        "name_tm": "Ýaňyýap",
        "name_en": "Ýaňyýap",
        "name_ru": "Яныяп",
        "type": "village",
        "parent_slug": "turkmenistan-dasoguz-gorogly-gorogly-bedirkent",
        "root_slug": "turkmenistan-dasoguz",
        "verification_status": "verification_required"
      },
      "geometry": {
        "type": "Point",
        "coordinates": [
          60.08391189999999682,
          41.53475149999999872
        ]
      }
    },
    {
      "type": "Feature",
      "properties": {
        "slug": "turkmenistan-dasoguz-gorogly-gorogly-bereket-carbagly",
        "name_tm": "Çarbagly",
        "name_en": "Çarbagly",
        "name_ru": "Чарбаглы",
        "type": "village",
        "parent_slug": "turkmenistan-dasoguz-gorogly-gorogly-bereket",
        "root_slug": "turkmenistan-dasoguz",
        "verification_status": "verification_required"
      },
      "geometry": {
        "type": "Point",
        "coordinates": [
          59.91662569999999733,
          41.69643690000000191
        ]
      }
    },
    {
      "type": "Feature",
      "properties": {
        "slug": "turkmenistan-dasoguz-gorogly-gorogly-bereket-derekliyap",
        "name_tm": "Derekliýap",
        "name_en": "Derekliýap",
        "name_ru": "Дереклияп",
        "type": "village",
        "parent_slug": "turkmenistan-dasoguz-gorogly-gorogly-bereket",
        "root_slug": "turkmenistan-dasoguz",
        "verification_status": "verification_required"
      },
      "geometry": {
        "type": "Point",
        "coordinates": [
          59.80930349999999863,
          41.68099389999999715
        ]
      }
    },
    {
      "type": "Feature",
      "properties": {
        "slug": "turkmenistan-dasoguz-gorogly-gorogly-boyunbas-obasy",
        "name_tm": "Boýunbaş obasy",
        "name_en": "Boýunbaş obasy",
        "name_ru": "Боюнбаш обасы",
        "type": "village",
        "parent_slug": "turkmenistan-dasoguz-gorogly-gorogly",
        "root_slug": "turkmenistan-dasoguz",
        "verification_status": "verification_required"
      },
      "geometry": {
        "type": "Point",
        "coordinates": [
          59.79359769999999941,
          41.72562119999999908
        ]
      }
    },
    {
      "type": "Feature",
      "properties": {
        "slug": "turkmenistan-dasoguz-gorogly-gorogly-durdy-gylyc-adyndaky-basjykyr",
        "name_tm": "Bäşjykyr",
        "name_en": "Bäşjykyr",
        "name_ru": "Башжыкыр",
        "type": "village",
        "parent_slug": "turkmenistan-dasoguz-gorogly-gorogly-durdy-gylyc-adyndaky",
        "root_slug": "turkmenistan-dasoguz",
        "verification_status": "verification_required"
      },
      "geometry": {
        "type": "Point",
        "coordinates": [
          59.67769069999999943,
          41.64697999999999923
        ]
      }
    },
    {
      "type": "Feature",
      "properties": {
        "slug": "turkmenistan-dasoguz-gorogly-gorogly-durdy-gylyc-adyndaky-duyeboyun",
        "name_tm": "Düýeboýun",
        "name_en": "Düýeboýun",
        "name_ru": "Дуйебоюн",
        "type": "village",
        "parent_slug": "turkmenistan-dasoguz-gorogly-gorogly-durdy-gylyc-adyndaky",
        "root_slug": "turkmenistan-dasoguz",
        "verification_status": "verification_required"
      },
      "geometry": {
        "type": "Point",
        "coordinates": [
          59.7063356999999968,
          41.66248029999999858
        ]
      }
    },
    {
      "type": "Feature",
      "properties": {
        "slug": "turkmenistan-dasoguz-gorogly-gorogly-garagum-damla",
        "name_tm": "Damla",
        "name_en": "Damla",
        "name_ru": "Дамла",
        "type": "village",
        "parent_slug": "turkmenistan-dasoguz-gorogly-gorogly-garagum",
        "root_slug": "turkmenistan-dasoguz",
        "verification_status": "verification_required"
      },
      "geometry": {
        "type": "Point",
        "coordinates": [
          59.22688720000000017,
          40.01915609999999645
        ]
      }
    },
    {
      "type": "Feature",
      "properties": {
        "slug": "turkmenistan-dasoguz-gorogly-gorogly-garagum-garayanyk",
        "name_tm": "Garaýanyk",
        "name_en": "Garaýanyk",
        "name_ru": "Гараянык",
        "type": "village",
        "parent_slug": "turkmenistan-dasoguz-gorogly-gorogly-garagum",
        "root_slug": "turkmenistan-dasoguz",
        "verification_status": "verification_required"
      },
      "geometry": {
        "type": "Point",
        "coordinates": [
          59.80832360000000136,
          41.5379799000000034
        ]
      }
    },
    {
      "type": "Feature",
      "properties": {
        "slug": "turkmenistan-dasoguz-gorogly-gorogly-garagum-kyrkguyy",
        "name_tm": "Kyrkguýy",
        "name_en": "Kyrkguýy",
        "name_ru": "Кыркгуйы",
        "type": "village",
        "parent_slug": "turkmenistan-dasoguz-gorogly-gorogly-garagum",
        "root_slug": "turkmenistan-dasoguz",
        "verification_status": "verification_required"
      },
      "geometry": {
        "type": "Point",
        "coordinates": [
          59.51566069999999798,
          40.04152049999999718
        ]
      }
    },
    {
      "type": "Feature",
      "properties": {
        "slug": "turkmenistan-dasoguz-gorogly-gorogly-magtymguly-adyndaky-agoy",
        "name_tm": "Agöý",
        "name_en": "Agöý",
        "name_ru": "Агой",
        "type": "village",
        "parent_slug": "turkmenistan-dasoguz-gorogly-gorogly-magtymguly-adyndaky",
        "root_slug": "turkmenistan-dasoguz",
        "verification_status": "verification_required"
      },
      "geometry": {
        "type": "Point",
        "coordinates": [
          59.9615399999999994,
          41.67552359999999823
        ]
      }
    },
    {
      "type": "Feature",
      "properties": {
        "slug": "turkmenistan-dasoguz-gorogly-gorogly-magtymguly-adyndaky-akgol",
        "name_tm": "Akgöl",
        "name_en": "Akgöl",
        "name_ru": "Акгол",
        "type": "village",
        "parent_slug": "turkmenistan-dasoguz-gorogly-gorogly-magtymguly-adyndaky",
        "root_slug": "turkmenistan-dasoguz",
        "verification_status": "verification_required"
      },
      "geometry": {
        "type": "Point",
        "coordinates": [
          60.0049053999999984,
          41.69084310000000215
        ]
      }
    },
    {
      "type": "Feature",
      "properties": {
        "slug": "turkmenistan-dasoguz-gorogly-gorogly-magtymguly-adyndaky-dasly",
        "name_tm": "Daşly",
        "name_en": "Daşly",
        "name_ru": "Дашлы",
        "type": "village",
        "parent_slug": "turkmenistan-dasoguz-gorogly-gorogly-magtymguly-adyndaky",
        "root_slug": "turkmenistan-dasoguz",
        "verification_status": "verification_required"
      },
      "geometry": {
        "type": "Point",
        "coordinates": [
          60.0633784999999989,
          41.68480770000000035
        ]
      }
    },
    {
      "type": "Feature",
      "properties": {
        "slug": "turkmenistan-dasoguz-gorogly-gorogly-magtymguly-adyndaky-dowdan",
        "name_tm": "Döwdan",
        "name_en": "Döwdan",
        "name_ru": "Довдан",
        "type": "village",
        "parent_slug": "turkmenistan-dasoguz-gorogly-gorogly-magtymguly-adyndaky",
        "root_slug": "turkmenistan-dasoguz",
        "verification_status": "verification_required"
      },
      "geometry": {
        "type": "Point",
        "coordinates": [
          59.94944350000000099,
          41.71568899999999758
        ]
      }
    },
    {
      "type": "Feature",
      "properties": {
        "slug": "turkmenistan-dasoguz-gorogly-gorogly-magtymguly-adyndaky-hatartam",
        "name_tm": "Hatartam",
        "name_en": "Hatartam",
        "name_ru": "Хатартам",
        "type": "village",
        "parent_slug": "turkmenistan-dasoguz-gorogly-gorogly-magtymguly-adyndaky",
        "root_slug": "turkmenistan-dasoguz",
        "verification_status": "verification_required"
      },
      "geometry": {
        "type": "Point",
        "coordinates": [
          59.94755510000000242,
          41.6948750999999973
        ]
      }
    },
    {
      "type": "Feature",
      "properties": {
        "slug": "turkmenistan-dasoguz-gorogly-gorogly-magtymguly-adyndaky-nazarguly",
        "name_tm": "Nazarguly",
        "name_en": "Nazarguly",
        "name_ru": "Назаргулы",
        "type": "village",
        "parent_slug": "turkmenistan-dasoguz-gorogly-gorogly-magtymguly-adyndaky",
        "root_slug": "turkmenistan-dasoguz",
        "verification_status": "verification_required"
      },
      "geometry": {
        "type": "Point",
        "coordinates": [
          59.96062409999999688,
          41.65621240000000113
        ]
      }
    },
    {
      "type": "Feature",
      "properties": {
        "slug": "turkmenistan-dasoguz-gorogly-gorogly-magtymguly-adyndaky-temec",
        "name_tm": "Temeç",
        "name_en": "Temeç",
        "name_ru": "Темеч",
        "type": "village",
        "parent_slug": "turkmenistan-dasoguz-gorogly-gorogly-magtymguly-adyndaky",
        "root_slug": "turkmenistan-dasoguz",
        "verification_status": "verification_required"
      },
      "geometry": {
        "type": "Point",
        "coordinates": [
          60.01384860000000287,
          41.65960390000000046
        ]
      }
    },
    {
      "type": "Feature",
      "properties": {
        "slug": "turkmenistan-dasoguz-gorogly-gorogly-magtymguly-adyndaky-yalkym",
        "name_tm": "Ýalkym",
        "name_en": "Ýalkym",
        "name_ru": "Ялкым",
        "type": "village",
        "parent_slug": "turkmenistan-dasoguz-gorogly-gorogly-magtymguly-adyndaky",
        "root_slug": "turkmenistan-dasoguz",
        "verification_status": "verification_required"
      },
      "geometry": {
        "type": "Point",
        "coordinates": [
          59.99980140000000261,
          41.67653490000000005
        ]
      }
    },
    {
      "type": "Feature",
      "properties": {
        "slug": "turkmenistan-dasoguz-gorogly-gorogly-magtymguly-adyndaky-yaslyk",
        "name_tm": "Ýaşlyk",
        "name_en": "Ýaşlyk",
        "name_ru": "Яшлык",
        "type": "village",
        "parent_slug": "turkmenistan-dasoguz-gorogly-gorogly-magtymguly-adyndaky",
        "root_slug": "turkmenistan-dasoguz",
        "verification_status": "verification_required"
      },
      "geometry": {
        "type": "Point",
        "coordinates": [
          60.04452020000000089,
          41.6716628
        ]
      }
    },
    {
      "type": "Feature",
      "properties": {
        "slug": "turkmenistan-dasoguz-gorogly-gorogly-sor-depe-obasy",
        "name_tm": "Şor Depe obasy",
        "name_en": "Şor Depe obasy",
        "name_ru": "Шор депе обасы",
        "type": "village",
        "parent_slug": "turkmenistan-dasoguz-gorogly-gorogly",
        "root_slug": "turkmenistan-dasoguz",
        "verification_status": "verification_required"
      },
      "geometry": {
        "type": "Point",
        "coordinates": [
          59.94177679999999953,
          41.73068370000000015
        ]
      }
    },
    {
      "type": "Feature",
      "properties": {
        "slug": "turkmenistan-dasoguz-gorogly-gorogly-tazeyol-obasy",
        "name_tm": "Täzeýol obasy",
        "name_en": "Täzeýol obasy",
        "name_ru": "Тазеёл обасы",
        "type": "village",
        "parent_slug": "turkmenistan-dasoguz-gorogly-gorogly",
        "root_slug": "turkmenistan-dasoguz",
        "verification_status": "verification_required"
      },
      "geometry": {
        "type": "Point",
        "coordinates": [
          59.82658450000000271,
          41.61034070000000184
        ]
      }
    },
    {
      "type": "Feature",
      "properties": {
        "slug": "turkmenistan-dasoguz-gorogly-gorogly-turkmenistan-almaatysan",
        "name_tm": "Almaatyşan",
        "name_en": "Almaatyşan",
        "name_ru": "Алмаатышан",
        "type": "village",
        "parent_slug": "turkmenistan-dasoguz-gorogly-gorogly-turkmenistan",
        "root_slug": "turkmenistan-dasoguz",
        "verification_status": "verification_required"
      },
      "geometry": {
        "type": "Point",
        "coordinates": [
          59.92457739999999689,
          41.57087090000000274
        ]
      }
    },
    {
      "type": "Feature",
      "properties": {
        "slug": "turkmenistan-dasoguz-gorogly-gorogly-turkmenistan-dayhanyap",
        "name_tm": "Daýhanýap",
        "name_en": "Daýhanýap",
        "name_ru": "Дайханяп",
        "type": "village",
        "parent_slug": "turkmenistan-dasoguz-gorogly-gorogly-turkmenistan",
        "root_slug": "turkmenistan-dasoguz",
        "verification_status": "verification_required"
      },
      "geometry": {
        "type": "Point",
        "coordinates": [
          59.92430860000000336,
          41.58779830000000289
        ]
      }
    },
    {
      "type": "Feature",
      "properties": {
        "slug": "turkmenistan-dasoguz-gorogly-gorogly-turkmenistan-kerpicli",
        "name_tm": "Kerpiçli",
        "name_en": "Kerpiçli",
        "name_ru": "Керпичли",
        "type": "village",
        "parent_slug": "turkmenistan-dasoguz-gorogly-gorogly-turkmenistan",
        "root_slug": "turkmenistan-dasoguz",
        "verification_status": "verification_required"
      },
      "geometry": {
        "type": "Point",
        "coordinates": [
          59.89603970000000288,
          41.60945910000000225
        ]
      }
    },
    {
      "type": "Feature",
      "properties": {
        "slug": "turkmenistan-dasoguz-gorogly-gorogly-turkmenyoly-garayyk",
        "name_tm": "Garaýyk",
        "name_en": "Garaýyk",
        "name_ru": "Гарайык",
        "type": "village",
        "parent_slug": "turkmenistan-dasoguz-gorogly-gorogly-turkmenyoly",
        "root_slug": "turkmenistan-dasoguz",
        "verification_status": "verification_required"
      },
      "geometry": {
        "type": "Point",
        "coordinates": [
          59.76840440000000143,
          41.6335955999999996
        ]
      }
    },
    {
      "type": "Feature",
      "properties": {
        "slug": "turkmenistan-dasoguz-gorogly-gorogly-yagtylyk-genesligi",
        "name_tm": "Ýagtylyk geňeşligi",
        "name_en": "Ýagtylyk geňeşligi",
        "name_ru": "Ягтылык генешлиги",
        "type": "village",
        "parent_slug": "turkmenistan-dasoguz-gorogly-gorogly",
        "root_slug": "turkmenistan-dasoguz",
        "verification_status": "verification_required"
      },
      "geometry": {
        "type": "Point",
        "coordinates": [
          59.7934121999999988,
          41.72531970000000001
        ]
      }
    },
    {
      "type": "Feature",
      "properties": {
        "slug": "turkmenistan-dasoguz-gorogly-gorogly-yagtylyk-yzmyksir",
        "name_tm": "Yzmykşir",
        "name_en": "Yzmykşir",
        "name_ru": "Ызмыкшир",
        "type": "village",
        "parent_slug": "turkmenistan-dasoguz-gorogly-gorogly-yagtylyk",
        "root_slug": "turkmenistan-dasoguz",
        "verification_status": "verification_required"
      },
      "geometry": {
        "type": "Point",
        "coordinates": [
          59.73978319999999798,
          41.72451110000000085
        ]
      }
    },
    {
      "type": "Feature",
      "properties": {
        "slug": "turkmenistan-dasoguz-gorogly-gorogly-yylgynly-obasy",
        "name_tm": "Ýylgynly obasy",
        "name_en": "Ýylgynly obasy",
        "name_ru": "Йылгынлы обасы",
        "type": "village",
        "parent_slug": "turkmenistan-dasoguz-gorogly-gorogly",
        "root_slug": "turkmenistan-dasoguz",
        "verification_status": "verification_required"
      },
      "geometry": {
        "type": "Point",
        "coordinates": [
          59.87705400000000111,
          41.69387059999999678
        ]
      }
    },
    {
      "type": "Feature",
      "properties": {
        "slug": "turkmenistan-dasoguz-gorogly-gorogly-yzmyksir-mayabatan",
        "name_tm": "Maýabatan",
        "name_en": "Maýabatan",
        "name_ru": "Маябатан",
        "type": "village",
        "parent_slug": "turkmenistan-dasoguz-gorogly-gorogly-yzmyksir",
        "root_slug": "turkmenistan-dasoguz",
        "verification_status": "verification_required"
      },
      "geometry": {
        "type": "Point",
        "coordinates": [
          59.69209889999999775,
          41.70888010000000178
        ]
      }
    },
    {
      "type": "Feature",
      "properties": {
        "slug": "turkmenistan-dasoguz-gorogly-gorogly-yzmyksir-yenbekci",
        "name_tm": "Ýenbekçi",
        "name_en": "Ýenbekçi",
        "name_ru": "Йенбекчи",
        "type": "village",
        "parent_slug": "turkmenistan-dasoguz-gorogly-gorogly-yzmyksir",
        "root_slug": "turkmenistan-dasoguz",
        "verification_status": "verification_required"
      },
      "geometry": {
        "type": "Point",
        "coordinates": [
          59.71143779999999879,
          41.72110680000000115
        ]
      }
    },
    {
      "type": "Feature",
      "properties": {
        "slug": "turkmenistan-dasoguz-gorogly-gorogly-zaman-akdepe",
        "name_tm": "Akdepe",
        "name_en": "Akdepe",
        "name_ru": "Акдепе",
        "type": "village",
        "parent_slug": "turkmenistan-dasoguz-gorogly-gorogly-zaman",
        "root_slug": "turkmenistan-dasoguz",
        "verification_status": "verification_required"
      },
      "geometry": {
        "type": "Point",
        "coordinates": [
          59.85400260000000116,
          41.61464469999999949
        ]
      }
    },
    {
      "type": "Feature",
      "properties": {
        "slug": "turkmenistan-dasoguz-gorogly-gorogly-zaman-bagtyyarlyk",
        "name_tm": "Bagtyýarlyk",
        "name_en": "Bagtyýarlyk",
        "name_ru": "Багтыярлык",
        "type": "village",
        "parent_slug": "turkmenistan-dasoguz-gorogly-gorogly-zaman",
        "root_slug": "turkmenistan-dasoguz",
        "verification_status": "verification_required"
      },
      "geometry": {
        "type": "Point",
        "coordinates": [
          59.85086050000000312,
          41.59986959999999812
        ]
      }
    },
    {
      "type": "Feature",
      "properties": {
        "slug": "turkmenistan-dasoguz-gorogly-gorogly-zaman-owluyaboyy",
        "name_tm": "Öwlüýäboýy",
        "name_en": "Öwlüýäboýy",
        "name_ru": "Овлуйабойы",
        "type": "village",
        "parent_slug": "turkmenistan-dasoguz-gorogly-gorogly-zaman",
        "root_slug": "turkmenistan-dasoguz",
        "verification_status": "verification_required"
      },
      "geometry": {
        "type": "Point",
        "coordinates": [
          59.82339720000000227,
          41.58574300000000079
        ]
      }
    },
    {
      "type": "Feature",
      "properties": {
        "slug": "turkmenistan-dasoguz-gorogly-gorogly-zaman-tazeyol",
        "name_tm": "Täzeýol",
        "name_en": "Täzeýol",
        "name_ru": "Тазеёл",
        "type": "village",
        "parent_slug": "turkmenistan-dasoguz-gorogly-gorogly-zaman",
        "root_slug": "turkmenistan-dasoguz",
        "verification_status": "verification_required"
      },
      "geometry": {
        "type": "Point",
        "coordinates": [
          59.82692500000000279,
          41.61102939999999962
        ]
      }
    },
    {
      "type": "Feature",
      "properties": {
        "slug": "turkmenistan-dasoguz-gubadag-gubadag-abadanlyk-abadanlyk",
        "name_tm": "Abadanlyk",
        "name_en": "Abadanlyk",
        "name_ru": "Абаданлык",
        "type": "village",
        "parent_slug": "turkmenistan-dasoguz-gubadag-gubadag-abadanlyk",
        "root_slug": "turkmenistan-dasoguz",
        "verification_status": "verification_required"
      },
      "geometry": {
        "type": "Point",
        "coordinates": [
          59.94748870000000096,
          42.09264699999999948
        ]
      }
    },
    {
      "type": "Feature",
      "properties": {
        "slug": "turkmenistan-dasoguz-gubadag-gubadag-abadanlyk-agzybirlik",
        "name_tm": "Agzybirlik",
        "name_en": "Agzybirlik",
        "name_ru": "Агзыбирлик",
        "type": "village",
        "parent_slug": "turkmenistan-dasoguz-gubadag-gubadag-abadanlyk",
        "root_slug": "turkmenistan-dasoguz",
        "verification_status": "verification_required"
      },
      "geometry": {
        "type": "Point",
        "coordinates": [
          59.90554029999999842,
          42.12525209999999731
        ]
      }
    },
    {
      "type": "Feature",
      "properties": {
        "slug": "turkmenistan-dasoguz-gubadag-gubadag-abadanlyk-bagalar",
        "name_tm": "Bagalar",
        "name_en": "Bagalar",
        "name_ru": "Багалар",
        "type": "village",
        "parent_slug": "turkmenistan-dasoguz-gubadag-gubadag-abadanlyk",
        "root_slug": "turkmenistan-dasoguz",
        "verification_status": "verification_required"
      },
      "geometry": {
        "type": "Point",
        "coordinates": [
          59.93094479999999891,
          42.11447059999999709
        ]
      }
    },
    {
      "type": "Feature",
      "properties": {
        "slug": "turkmenistan-dasoguz-gubadag-gubadag-abadanlyk-basdes",
        "name_tm": "Bäsdeş",
        "name_en": "Bäsdeş",
        "name_ru": "Басдеш",
        "type": "village",
        "parent_slug": "turkmenistan-dasoguz-gubadag-gubadag-abadanlyk",
        "root_slug": "turkmenistan-dasoguz",
        "verification_status": "verification_required"
      },
      "geometry": {
        "type": "Point",
        "coordinates": [
          59.87776819999999845,
          42.14625209999999811
        ]
      }
    },
    {
      "type": "Feature",
      "properties": {
        "slug": "turkmenistan-dasoguz-gubadag-gubadag-abadanlyk-gumly",
        "name_tm": "Gumly",
        "name_en": "Gumly",
        "name_ru": "Гумлы",
        "type": "village",
        "parent_slug": "turkmenistan-dasoguz-gubadag-gubadag-abadanlyk",
        "root_slug": "turkmenistan-dasoguz",
        "verification_status": "verification_required"
      },
      "geometry": {
        "type": "Point",
        "coordinates": [
          59.91499509999999873,
          42.08255150000000099
        ]
      }
    },
    {
      "type": "Feature",
      "properties": {
        "slug": "turkmenistan-dasoguz-gubadag-gubadag-akyayla-dowletli",
        "name_tm": "Döwletli",
        "name_en": "Döwletli",
        "name_ru": "Довлетли",
        "type": "village",
        "parent_slug": "turkmenistan-dasoguz-gubadag-gubadag-akyayla",
        "root_slug": "turkmenistan-dasoguz",
        "verification_status": "verification_required"
      },
      "geometry": {
        "type": "Point",
        "coordinates": [
          59.92148989999999742,
          42.01628410000000002
        ]
      }
    },
    {
      "type": "Feature",
      "properties": {
        "slug": "turkmenistan-dasoguz-gubadag-gubadag-akyayla-yelharaz",
        "name_tm": "Ýelharaz",
        "name_en": "Ýelharaz",
        "name_ru": "Йелхараз",
        "type": "village",
        "parent_slug": "turkmenistan-dasoguz-gubadag-gubadag-akyayla",
        "root_slug": "turkmenistan-dasoguz",
        "verification_status": "verification_required"
      },
      "geometry": {
        "type": "Point",
        "coordinates": [
          59.91967520000000035,
          42.039313700000001
        ]
      }
    },
    {
      "type": "Feature",
      "properties": {
        "slug": "turkmenistan-dasoguz-gubadag-gubadag-amyderya-aylak",
        "name_tm": "Aýlak",
        "name_en": "Aýlak",
        "name_ru": "Айлак",
        "type": "village",
        "parent_slug": "turkmenistan-dasoguz-gubadag-gubadag-amyderya",
        "root_slug": "turkmenistan-dasoguz",
        "verification_status": "verification_required"
      },
      "geometry": {
        "type": "Point",
        "coordinates": [
          59.96273589999999843,
          42.18943219999999883
        ]
      }
    },
    {
      "type": "Feature",
      "properties": {
        "slug": "turkmenistan-dasoguz-gubadag-gubadag-amyderya-cageli",
        "name_tm": "Çägeli",
        "name_en": "Çägeli",
        "name_ru": "Чагели",
        "type": "village",
        "parent_slug": "turkmenistan-dasoguz-gubadag-gubadag-amyderya",
        "root_slug": "turkmenistan-dasoguz",
        "verification_status": "verification_required"
      },
      "geometry": {
        "type": "Point",
        "coordinates": [
          59.94768700000000194,
          42.17248359999999963
        ]
      }
    },
    {
      "type": "Feature",
      "properties": {
        "slug": "turkmenistan-dasoguz-gubadag-gubadag-amyderya-mater",
        "name_tm": "Mäter",
        "name_en": "Mäter",
        "name_ru": "Матер",
        "type": "village",
        "parent_slug": "turkmenistan-dasoguz-gubadag-gubadag-amyderya",
        "root_slug": "turkmenistan-dasoguz",
        "verification_status": "verification_required"
      },
      "geometry": {
        "type": "Point",
        "coordinates": [
          60.00651299999999822,
          42.20843440000000157
        ]
      }
    },
    {
      "type": "Feature",
      "properties": {
        "slug": "turkmenistan-dasoguz-gubadag-gubadag-amyderya-okuzyap",
        "name_tm": "Öküzýap",
        "name_en": "Öküzýap",
        "name_ru": "Окюзяб",
        "type": "village",
        "parent_slug": "turkmenistan-dasoguz-gubadag-gubadag-amyderya",
        "root_slug": "turkmenistan-dasoguz",
        "verification_status": "verification_required"
      },
      "geometry": {
        "type": "Point",
        "coordinates": [
          59.91775479999999732,
          42.17440739999999977
        ]
      }
    },
    {
      "type": "Feature",
      "properties": {
        "slug": "turkmenistan-dasoguz-gubadag-gubadag-amyderya-rowaclyk",
        "name_tm": "Rowaçlyk",
        "name_en": "Rowaçlyk",
        "name_ru": "Ровачлык",
        "type": "village",
        "parent_slug": "turkmenistan-dasoguz-gubadag-gubadag-amyderya",
        "root_slug": "turkmenistan-dasoguz",
        "verification_status": "verification_required"
      },
      "geometry": {
        "type": "Point",
        "coordinates": [
          60.00281040000000132,
          42.18189100000000024
        ]
      }
    },
    {
      "type": "Feature",
      "properties": {
        "slug": "turkmenistan-dasoguz-gubadag-gubadag-amyderya-tutlyyap",
        "name_tm": "Tutlyýap",
        "name_en": "Tutlyýap",
        "name_ru": "Тутлыяп",
        "type": "village",
        "parent_slug": "turkmenistan-dasoguz-gubadag-gubadag-amyderya",
        "root_slug": "turkmenistan-dasoguz",
        "verification_status": "verification_required"
      },
      "geometry": {
        "type": "Point",
        "coordinates": [
          59.92273759999999783,
          42.14485979999999899
        ]
      }
    },
    {
      "type": "Feature",
      "properties": {
        "slug": "turkmenistan-dasoguz-gubadag-gubadag-babadayhan-genesligi",
        "name_tm": "Babadaýhan geňeşligi",
        "name_en": "Babadaýhan geňeşligi",
        "name_ru": "Бабадайхан генешлиги",
        "type": "village",
        "parent_slug": "turkmenistan-dasoguz-gubadag-gubadag",
        "root_slug": "turkmenistan-dasoguz",
        "verification_status": "verification_required"
      },
      "geometry": {
        "type": "Point",
        "coordinates": [
          59.8792084000000031,
          41.97658150000000176
        ]
      }
    },
    {
      "type": "Feature",
      "properties": {
        "slug": "turkmenistan-dasoguz-gubadag-gubadag-baydak-badayap",
        "name_tm": "Badaýap",
        "name_en": "Badaýap",
        "name_ru": "Бадаяп",
        "type": "village",
        "parent_slug": "turkmenistan-dasoguz-gubadag-gubadag-baydak",
        "root_slug": "turkmenistan-dasoguz",
        "verification_status": "verification_required"
      },
      "geometry": {
        "type": "Point",
        "coordinates": [
          59.8955976000000021,
          42.194702300000003
        ]
      }
    },
    {
      "type": "Feature",
      "properties": {
        "slug": "turkmenistan-dasoguz-gubadag-gubadag-baydak-cuyrukgala",
        "name_tm": "Çüýrükgala",
        "name_en": "Çüýrükgala",
        "name_ru": "Чуйрукгала",
        "type": "village",
        "parent_slug": "turkmenistan-dasoguz-gubadag-gubadag-baydak",
        "root_slug": "turkmenistan-dasoguz",
        "verification_status": "verification_required"
      },
      "geometry": {
        "type": "Point",
        "coordinates": [
          59.86980450000000075,
          42.17454289999999873
        ]
      }
    },
    {
      "type": "Feature",
      "properties": {
        "slug": "turkmenistan-dasoguz-gubadag-gubadag-baydak-garadepe",
        "name_tm": "Garadepe",
        "name_en": "Garadepe",
        "name_ru": "Гарадепе",
        "type": "village",
        "parent_slug": "turkmenistan-dasoguz-gubadag-gubadag-baydak",
        "root_slug": "turkmenistan-dasoguz",
        "verification_status": "verification_required"
      },
      "geometry": {
        "type": "Point",
        "coordinates": [
          59.86635929999999917,
          42.1988790999999992
        ]
      }
    },
    {
      "type": "Feature",
      "properties": {
        "slug": "turkmenistan-dasoguz-gubadag-gubadag-baydak-mergenoba",
        "name_tm": "Mergenoba",
        "name_en": "Mergenoba",
        "name_ru": "Мергеноба",
        "type": "village",
        "parent_slug": "turkmenistan-dasoguz-gubadag-gubadag-baydak",
        "root_slug": "turkmenistan-dasoguz",
        "verification_status": "verification_required"
      },
      "geometry": {
        "type": "Point",
        "coordinates": [
          59.84996610000000316,
          42.16747980000000239
        ]
      }
    },
    {
      "type": "Feature",
      "properties": {
        "slug": "turkmenistan-dasoguz-gubadag-gubadag-bereketli-badalar",
        "name_tm": "Badalar",
        "name_en": "Badalar",
        "name_ru": "Бадалар",
        "type": "village",
        "parent_slug": "turkmenistan-dasoguz-gubadag-gubadag-bereketli",
        "root_slug": "turkmenistan-dasoguz",
        "verification_status": "verification_required"
      },
      "geometry": {
        "type": "Point",
        "coordinates": [
          60.01694340000000238,
          42.01464750000000236
        ]
      }
    },
    {
      "type": "Feature",
      "properties": {
        "slug": "turkmenistan-dasoguz-gubadag-gubadag-bereketli-bozyap",
        "name_tm": "Bozýap",
        "name_en": "Bozýap",
        "name_ru": "Бозяп",
        "type": "village",
        "parent_slug": "turkmenistan-dasoguz-gubadag-gubadag-bereketli",
        "root_slug": "turkmenistan-dasoguz",
        "verification_status": "verification_required"
      },
      "geometry": {
        "type": "Point",
        "coordinates": [
          60.02722270000000293,
          42.03197550000000148
        ]
      }
    },
    {
      "type": "Feature",
      "properties": {
        "slug": "turkmenistan-dasoguz-gubadag-gubadag-bereketli-genesligi",
        "name_tm": "Bereketli geňeşligi",
        "name_en": "Bereketli geňeşligi",
        "name_ru": "Берекетли генешлиги",
        "type": "village",
        "parent_slug": "turkmenistan-dasoguz-gubadag-gubadag",
        "root_slug": "turkmenistan-dasoguz",
        "verification_status": "verification_required"
      },
      "geometry": {
        "type": "Point",
        "coordinates": [
          59.95194039999999803,
          42.04655280000000061
        ]
      }
    },
    {
      "type": "Feature",
      "properties": {
        "slug": "turkmenistan-dasoguz-gubadag-gubadag-bereketli-gumlyoba",
        "name_tm": "Gumlyoba",
        "name_en": "Gumlyoba",
        "name_ru": "Гумлыоба",
        "type": "village",
        "parent_slug": "turkmenistan-dasoguz-gubadag-gubadag-bereketli",
        "root_slug": "turkmenistan-dasoguz",
        "verification_status": "verification_required"
      },
      "geometry": {
        "type": "Point",
        "coordinates": [
          59.95357860000000016,
          42.05019579999999734
        ]
      }
    },
    {
      "type": "Feature",
      "properties": {
        "slug": "turkmenistan-dasoguz-gubadag-gubadag-bereketli-jemsidigala",
        "name_tm": "Jemşidigala",
        "name_en": "Jemşidigala",
        "name_ru": "Жемшидигала",
        "type": "village",
        "parent_slug": "turkmenistan-dasoguz-gubadag-gubadag-bereketli",
        "root_slug": "turkmenistan-dasoguz",
        "verification_status": "verification_required"
      },
      "geometry": {
        "type": "Point",
        "coordinates": [
          59.98607969999999768,
          42.02234219999999709
        ]
      }
    },
    {
      "type": "Feature",
      "properties": {
        "slug": "turkmenistan-dasoguz-gubadag-gubadag-bereketli-tazegala",
        "name_tm": "Täzegala",
        "name_en": "Täzegala",
        "name_ru": "Тазегала",
        "type": "village",
        "parent_slug": "turkmenistan-dasoguz-gubadag-gubadag-bereketli",
        "root_slug": "turkmenistan-dasoguz",
        "verification_status": "verification_required"
      },
      "geometry": {
        "type": "Point",
        "coordinates": [
          60.00245550000000349,
          42.04607899999999888
        ]
      }
    },
    {
      "type": "Feature",
      "properties": {
        "slug": "turkmenistan-dasoguz-gubadag-gubadag-dayhanazat-obasy",
        "name_tm": "Daýhanazat obasy",
        "name_en": "Daýhanazat obasy",
        "name_ru": "Дайханазат обасы",
        "type": "village",
        "parent_slug": "turkmenistan-dasoguz-gubadag-gubadag",
        "root_slug": "turkmenistan-dasoguz",
        "verification_status": "verification_required"
      },
      "geometry": {
        "type": "Point",
        "coordinates": [
          59.86751370000000349,
          41.99157569999999851
        ]
      }
    },
    {
      "type": "Feature",
      "properties": {
        "slug": "turkmenistan-dasoguz-gubadag-gubadag-dowletli-obasy",
        "name_tm": "Döwletli obasy",
        "name_en": "Döwletli obasy",
        "name_ru": "Довлетли обасы",
        "type": "village",
        "parent_slug": "turkmenistan-dasoguz-gubadag-gubadag",
        "root_slug": "turkmenistan-dasoguz",
        "verification_status": "verification_required"
      },
      "geometry": {
        "type": "Point",
        "coordinates": [
          59.92318000000000211,
          42.01624809999999855
        ]
      }
    },
    {
      "type": "Feature",
      "properties": {
        "slug": "turkmenistan-dasoguz-gubadag-gubadag-gokyayla-ak-altyn",
        "name_tm": "Ak altyn",
        "name_en": "Ak altyn",
        "name_ru": "Ак алтын",
        "type": "village",
        "parent_slug": "turkmenistan-dasoguz-gubadag-gubadag-gokyayla",
        "root_slug": "turkmenistan-dasoguz",
        "verification_status": "verification_required"
      },
      "geometry": {
        "type": "Point",
        "coordinates": [
          59.7910232999999991,
          42.19183550000000338
        ]
      }
    },
    {
      "type": "Feature",
      "properties": {
        "slug": "turkmenistan-dasoguz-gubadag-gubadag-gokyayla-dostluk",
        "name_tm": "Dostluk",
        "name_en": "Dostluk",
        "name_ru": "Достлук",
        "type": "village",
        "parent_slug": "turkmenistan-dasoguz-gubadag-gubadag-gokyayla",
        "root_slug": "turkmenistan-dasoguz",
        "verification_status": "verification_required"
      },
      "geometry": {
        "type": "Point",
        "coordinates": [
          59.76002350000000262,
          42.18147640000000109
        ]
      }
    },
    {
      "type": "Feature",
      "properties": {
        "slug": "turkmenistan-dasoguz-gubadag-gubadag-gokyayla-yekederek",
        "name_tm": "Ýekederek",
        "name_en": "Ýekederek",
        "name_ru": "Йекедерек",
        "type": "village",
        "parent_slug": "turkmenistan-dasoguz-gubadag-gubadag-gokyayla",
        "root_slug": "turkmenistan-dasoguz",
        "verification_status": "verification_required"
      },
      "geometry": {
        "type": "Point",
        "coordinates": [
          59.83707689999999957,
          42.24674720000000149
        ]
      }
    },
    {
      "type": "Feature",
      "properties": {
        "slug": "turkmenistan-dasoguz-gubadag-gubadag-gubadag-begleryap",
        "name_tm": "Beglerýap",
        "name_en": "Beglerýap",
        "name_ru": "Беглеряп",
        "type": "village",
        "parent_slug": "turkmenistan-dasoguz-gubadag-gubadag-gubadag",
        "root_slug": "turkmenistan-dasoguz",
        "verification_status": "verification_required"
      },
      "geometry": {
        "type": "Point",
        "coordinates": [
          60.0222260000000034,
          42.10969740000000172
        ]
      }
    },
    {
      "type": "Feature",
      "properties": {
        "slug": "turkmenistan-dasoguz-gubadag-gubadag-gubadag-galajyk",
        "name_tm": "Galajyk",
        "name_en": "Galajyk",
        "name_ru": "Галажык",
        "type": "village",
        "parent_slug": "turkmenistan-dasoguz-gubadag-gubadag-gubadag",
        "root_slug": "turkmenistan-dasoguz",
        "verification_status": "verification_required"
      },
      "geometry": {
        "type": "Point",
        "coordinates": [
          59.945854599999997,
          42.13043449999999979
        ]
      }
    },
    {
      "type": "Feature",
      "properties": {
        "slug": "turkmenistan-dasoguz-gubadag-gubadag-gubadag-gokgala",
        "name_tm": "Gökgala",
        "name_en": "Gökgala",
        "name_ru": "Гокгала",
        "type": "village",
        "parent_slug": "turkmenistan-dasoguz-gubadag-gubadag-gubadag",
        "root_slug": "turkmenistan-dasoguz",
        "verification_status": "verification_required"
      },
      "geometry": {
        "type": "Point",
        "coordinates": [
          59.99042049999999904,
          42.11671960000000326
        ]
      }
    },
    {
      "type": "Feature",
      "properties": {
        "slug": "turkmenistan-dasoguz-gubadag-gubadag-gubadag-weliyap",
        "name_tm": "Weliýap",
        "name_en": "Weliýap",
        "name_ru": "Велияп",
        "type": "village",
        "parent_slug": "turkmenistan-dasoguz-gubadag-gubadag-gubadag",
        "root_slug": "turkmenistan-dasoguz",
        "verification_status": "verification_required"
      },
      "geometry": {
        "type": "Point",
        "coordinates": [
          59.96667680000000189,
          42.11422890000000052
        ]
      }
    },
    {
      "type": "Feature",
      "properties": {
        "slug": "turkmenistan-dasoguz-gubadag-gubadag-mannyt-obasy",
        "name_tm": "Maňňyt obasy",
        "name_en": "Maňňyt obasy",
        "name_ru": "Манныт обасы",
        "type": "village",
        "parent_slug": "turkmenistan-dasoguz-gubadag-gubadag",
        "root_slug": "turkmenistan-dasoguz",
        "verification_status": "verification_required"
      },
      "geometry": {
        "type": "Point",
        "coordinates": [
          59.88520179999999727,
          41.99425149999999717
        ]
      }
    },
    {
      "type": "Feature",
      "properties": {
        "slug": "turkmenistan-dasoguz-gubadag-gubadag-mollanepes",
        "name_tm": "Mollanepes",
        "name_en": "Mollanepes",
        "name_ru": "Молланепес",
        "type": "village",
        "parent_slug": "turkmenistan-dasoguz-gubadag-gubadag",
        "root_slug": "turkmenistan-dasoguz",
        "verification_status": "verification_required"
      },
      "geometry": {
        "type": "Point",
        "coordinates": [
          60.04329369999999955,
          42.08714830000000263
        ]
      }
    },
    {
      "type": "Feature",
      "properties": {
        "slug": "turkmenistan-dasoguz-gubadag-gubadag-wahym-obasy",
        "name_tm": "Wahym obasy",
        "name_en": "Wahym obasy",
        "name_ru": "Вахым обасы",
        "type": "village",
        "parent_slug": "turkmenistan-dasoguz-gubadag-gubadag",
        "root_slug": "turkmenistan-dasoguz",
        "verification_status": "verification_required"
      },
      "geometry": {
        "type": "Point",
        "coordinates": [
          59.87709100000000006,
          41.977637399999999
        ]
      }
    },
    {
      "type": "Feature",
      "properties": {
        "slug": "turkmenistan-dasoguz-koneurgenc-koneurgenc-akgala-akgala",
        "name_tm": "Akgala",
        "name_en": "Akgala",
        "name_ru": "Акгала",
        "type": "village",
        "parent_slug": "turkmenistan-dasoguz-koneurgenc-koneurgenc-akgala",
        "root_slug": "turkmenistan-dasoguz",
        "verification_status": "verification_required"
      },
      "geometry": {
        "type": "Point",
        "coordinates": [
          59.15729000000000326,
          42.31292940000000157
        ]
      }
    },
    {
      "type": "Feature",
      "properties": {
        "slug": "turkmenistan-dasoguz-koneurgenc-koneurgenc-akgala-genesligi",
        "name_tm": "Akgala geňeşligi",
        "name_en": "Akgala geňeşligi",
        "name_ru": "Акгала генешлиги",
        "type": "village",
        "parent_slug": "turkmenistan-dasoguz-koneurgenc-koneurgenc",
        "root_slug": "turkmenistan-dasoguz",
        "verification_status": "verification_required"
      },
      "geometry": {
        "type": "Point",
        "coordinates": [
          59.15648459999999887,
          42.31682450000000273
        ]
      }
    },
    {
      "type": "Feature",
      "properties": {
        "slug": "turkmenistan-dasoguz-koneurgenc-koneurgenc-akgala-gyzylyer",
        "name_tm": "Gyzylýer",
        "name_en": "Gyzylýer",
        "name_ru": "Гызылйер",
        "type": "village",
        "parent_slug": "turkmenistan-dasoguz-koneurgenc-koneurgenc-akgala",
        "root_slug": "turkmenistan-dasoguz",
        "verification_status": "verification_required"
      },
      "geometry": {
        "type": "Point",
        "coordinates": [
          59.12689499999999754,
          42.32328179999999662
        ]
      }
    },
    {
      "type": "Feature",
      "properties": {
        "slug": "turkmenistan-dasoguz-koneurgenc-koneurgenc-akgala-hywacyoy",
        "name_tm": "Hywaçyoý",
        "name_en": "Hywaçyoý",
        "name_ru": "Хывачыой",
        "type": "village",
        "parent_slug": "turkmenistan-dasoguz-koneurgenc-koneurgenc-akgala",
        "root_slug": "turkmenistan-dasoguz",
        "verification_status": "verification_required"
      },
      "geometry": {
        "type": "Point",
        "coordinates": [
          59.04346429999999657,
          42.30332440000000104
        ]
      }
    },
    {
      "type": "Feature",
      "properties": {
        "slug": "turkmenistan-dasoguz-koneurgenc-koneurgenc-akgala-uyguryer",
        "name_tm": "Uýgurýer",
        "name_en": "Uýgurýer",
        "name_ru": "Уйгурйер",
        "type": "village",
        "parent_slug": "turkmenistan-dasoguz-koneurgenc-koneurgenc-akgala",
        "root_slug": "turkmenistan-dasoguz",
        "verification_status": "verification_required"
      },
      "geometry": {
        "type": "Point",
        "coordinates": [
          59.14275829999999701,
          42.315451699999997
        ]
      }
    },
    {
      "type": "Feature",
      "properties": {
        "slug": "turkmenistan-dasoguz-koneurgenc-koneurgenc-akyol-eymiroba",
        "name_tm": "Eýmiroba",
        "name_en": "Eýmiroba",
        "name_ru": "Эймироба",
        "type": "village",
        "parent_slug": "turkmenistan-dasoguz-koneurgenc-koneurgenc-akyol",
        "root_slug": "turkmenistan-dasoguz",
        "verification_status": "verification_required"
      },
      "geometry": {
        "type": "Point",
        "coordinates": [
          59.28907710000000008,
          42.28032679999999743
        ]
      }
    },
    {
      "type": "Feature",
      "properties": {
        "slug": "turkmenistan-dasoguz-koneurgenc-koneurgenc-akyol-paltagacan",
        "name_tm": "Paltagaçan",
        "name_en": "Paltagaçan",
        "name_ru": "Палтагачан",
        "type": "village",
        "parent_slug": "turkmenistan-dasoguz-koneurgenc-koneurgenc-akyol",
        "root_slug": "turkmenistan-dasoguz",
        "verification_status": "verification_required"
      },
      "geometry": {
        "type": "Point",
        "coordinates": [
          59.30913929999999823,
          42.31241980000000069
        ]
      }
    },
    {
      "type": "Feature",
      "properties": {
        "slug": "turkmenistan-dasoguz-koneurgenc-koneurgenc-akyol-taze",
        "name_tm": "Täze",
        "name_en": "Täze",
        "name_ru": "Тазе",
        "type": "village",
        "parent_slug": "turkmenistan-dasoguz-koneurgenc-koneurgenc-akyol",
        "root_slug": "turkmenistan-dasoguz",
        "verification_status": "verification_required"
      },
      "geometry": {
        "type": "Point",
        "coordinates": [
          59.28573360000000036,
          42.26643380000000149
        ]
      }
    },
    {
      "type": "Feature",
      "properties": {
        "slug": "turkmenistan-dasoguz-koneurgenc-koneurgenc-akyol-zaman",
        "name_tm": "Zaman",
        "name_en": "Zaman",
        "name_ru": "Заман",
        "type": "village",
        "parent_slug": "turkmenistan-dasoguz-koneurgenc-koneurgenc-akyol",
        "root_slug": "turkmenistan-dasoguz",
        "verification_status": "verification_required"
      },
      "geometry": {
        "type": "Point",
        "coordinates": [
          59.30269210000000157,
          42.27757210000000043
        ]
      }
    },
    {
      "type": "Feature",
      "properties": {
        "slug": "turkmenistan-dasoguz-koneurgenc-koneurgenc-deryalyk-deryalyk",
        "name_tm": "Derýalyk",
        "name_en": "Derýalyk",
        "name_ru": "Дерялык",
        "type": "village",
        "parent_slug": "turkmenistan-dasoguz-koneurgenc-koneurgenc-deryalyk",
        "root_slug": "turkmenistan-dasoguz",
        "verification_status": "verification_required"
      },
      "geometry": {
        "type": "Point",
        "coordinates": [
          59.08154499999999843,
          42.22863199999999751
        ]
      }
    },
    {
      "type": "Feature",
      "properties": {
        "slug": "turkmenistan-dasoguz-koneurgenc-koneurgenc-deryalyk-kyrkgyzoy",
        "name_tm": "Kyrkgyzoý",
        "name_en": "Kyrkgyzoý",
        "name_ru": "Кыркгызой",
        "type": "village",
        "parent_slug": "turkmenistan-dasoguz-koneurgenc-koneurgenc-deryalyk",
        "root_slug": "turkmenistan-dasoguz",
        "verification_status": "verification_required"
      },
      "geometry": {
        "type": "Point",
        "coordinates": [
          59.16339390000000264,
          42.23757330000000109
        ]
      }
    },
    {
      "type": "Feature",
      "properties": {
        "slug": "turkmenistan-dasoguz-koneurgenc-koneurgenc-dowletli-obasy",
        "name_tm": "Döwletli obasy",
        "name_en": "Döwletli obasy",
        "name_ru": "Довлетли обасы",
        "type": "village",
        "parent_slug": "turkmenistan-dasoguz-koneurgenc-koneurgenc",
        "root_slug": "turkmenistan-dasoguz",
        "verification_status": "verification_required"
      },
      "geometry": {
        "type": "Point",
        "coordinates": [
          59.03087299999999971,
          42.21835089999999723
        ]
      }
    },
    {
      "type": "Feature",
      "properties": {
        "slug": "turkmenistan-dasoguz-koneurgenc-koneurgenc-ezberkol-ezberkol",
        "name_tm": "Ezberköl",
        "name_en": "Ezberköl",
        "name_ru": "Езберкол",
        "type": "village",
        "parent_slug": "turkmenistan-dasoguz-koneurgenc-koneurgenc-ezberkol",
        "root_slug": "turkmenistan-dasoguz",
        "verification_status": "verification_required"
      },
      "geometry": {
        "type": "Point",
        "coordinates": [
          59.15859449999999953,
          42.49885230000000292
        ]
      }
    },
    {
      "type": "Feature",
      "properties": {
        "slug": "turkmenistan-dasoguz-koneurgenc-koneurgenc-galkynys-galkynys",
        "name_tm": "Galkynyş",
        "name_en": "Galkynyş",
        "name_ru": "Галкыныш",
        "type": "village",
        "parent_slug": "turkmenistan-dasoguz-koneurgenc-koneurgenc-galkynys",
        "root_slug": "turkmenistan-dasoguz",
        "verification_status": "verification_required"
      },
      "geometry": {
        "type": "Point",
        "coordinates": [
          59.52083400000000068,
          42.2715941000000015
        ]
      }
    },
    {
      "type": "Feature",
      "properties": {
        "slug": "turkmenistan-dasoguz-koneurgenc-koneurgenc-galkynys-gocgarkopri",
        "name_tm": "Goçgarköpri",
        "name_en": "Goçgarköpri",
        "name_ru": "Кочкаркёпри",
        "type": "village",
        "parent_slug": "turkmenistan-dasoguz-koneurgenc-koneurgenc-galkynys",
        "root_slug": "turkmenistan-dasoguz",
        "verification_status": "verification_required"
      },
      "geometry": {
        "type": "Point",
        "coordinates": [
          59.4572144999999992,
          42.27909679999999782
        ]
      }
    },
    {
      "type": "Feature",
      "properties": {
        "slug": "turkmenistan-dasoguz-koneurgenc-koneurgenc-galkynys-jigirdekli",
        "name_tm": "Jigirdekli",
        "name_en": "Jigirdekli",
        "name_ru": "Жигирдекли",
        "type": "village",
        "parent_slug": "turkmenistan-dasoguz-koneurgenc-koneurgenc-galkynys",
        "root_slug": "turkmenistan-dasoguz",
        "verification_status": "verification_required"
      },
      "geometry": {
        "type": "Point",
        "coordinates": [
          59.52211989999999986,
          42.27033519999999812
        ]
      }
    },
    {
      "type": "Feature",
      "properties": {
        "slug": "turkmenistan-dasoguz-koneurgenc-koneurgenc-gocgarkopri-obasy",
        "name_tm": "Goçgarköpri obasy",
        "name_en": "Goçgarköpri obasy",
        "name_ru": "Кочкаркёпри",
        "type": "village",
        "parent_slug": "turkmenistan-dasoguz-koneurgenc-koneurgenc",
        "root_slug": "turkmenistan-dasoguz",
        "verification_status": "verification_required"
      },
      "geometry": {
        "type": "Point",
        "coordinates": [
          59.46174680000000023,
          42.27909069999999759
        ]
      }
    },
    {
      "type": "Feature",
      "properties": {
        "slug": "turkmenistan-dasoguz-koneurgenc-koneurgenc-hakykat-hakykat",
        "name_tm": "Hakykat",
        "name_en": "Hakykat",
        "name_ru": "Хакыкат",
        "type": "village",
        "parent_slug": "turkmenistan-dasoguz-koneurgenc-koneurgenc-hakykat",
        "root_slug": "turkmenistan-dasoguz",
        "verification_status": "verification_required"
      },
      "geometry": {
        "type": "Point",
        "coordinates": [
          58.9704248999999976,
          42.34121760000000023
        ]
      }
    },
    {
      "type": "Feature",
      "properties": {
        "slug": "turkmenistan-dasoguz-koneurgenc-koneurgenc-hakykat-hojaoy",
        "name_tm": "Hojaoý",
        "name_en": "Hojaoý",
        "name_ru": "Хожаой",
        "type": "village",
        "parent_slug": "turkmenistan-dasoguz-koneurgenc-koneurgenc-hakykat",
        "root_slug": "turkmenistan-dasoguz",
        "verification_status": "verification_required"
      },
      "geometry": {
        "type": "Point",
        "coordinates": [
          58.97099310000000116,
          42.35958509999999677
        ]
      }
    },
    {
      "type": "Feature",
      "properties": {
        "slug": "turkmenistan-dasoguz-koneurgenc-koneurgenc-hakykat-toklyoy",
        "name_tm": "Toklyoý",
        "name_en": "Toklyoý",
        "name_ru": "Токлыой",
        "type": "village",
        "parent_slug": "turkmenistan-dasoguz-koneurgenc-koneurgenc-hakykat",
        "root_slug": "turkmenistan-dasoguz",
        "verification_status": "verification_required"
      },
      "geometry": {
        "type": "Point",
        "coordinates": [
          59.02024579999999788,
          42.35796359999999794
        ]
      }
    },
    {
      "type": "Feature",
      "properties": {
        "slug": "turkmenistan-dasoguz-koneurgenc-koneurgenc-jelaleddin-obasy",
        "name_tm": "Jelaleddin obasy",
        "name_en": "Jelaleddin obasy",
        "name_ru": "Желаледдин обасы",
        "type": "village",
        "parent_slug": "turkmenistan-dasoguz-koneurgenc-koneurgenc",
        "root_slug": "turkmenistan-dasoguz",
        "verification_status": "verification_required"
      },
      "geometry": {
        "type": "Point",
        "coordinates": [
          59.214732699999999,
          42.30079059999999914
        ]
      }
    },
    {
      "type": "Feature",
      "properties": {
        "slug": "turkmenistan-dasoguz-koneurgenc-koneurgenc-kyrkgyz-garaoy",
        "name_tm": "Garaoý",
        "name_en": "Garaoý",
        "name_ru": "Гараой",
        "type": "village",
        "parent_slug": "turkmenistan-dasoguz-koneurgenc-koneurgenc-kyrkgyz",
        "root_slug": "turkmenistan-dasoguz",
        "verification_status": "verification_required"
      },
      "geometry": {
        "type": "Point",
        "coordinates": [
          59.20930220000000332,
          42.22753759999999801
        ]
      }
    },
    {
      "type": "Feature",
      "properties": {
        "slug": "turkmenistan-dasoguz-koneurgenc-koneurgenc-kyrkgyz-kyrkgyz",
        "name_tm": "Kyrkgyz",
        "name_en": "Kyrkgyz",
        "name_ru": "Кыркгыз",
        "type": "village",
        "parent_slug": "turkmenistan-dasoguz-koneurgenc-koneurgenc-kyrkgyz",
        "root_slug": "turkmenistan-dasoguz",
        "verification_status": "verification_required"
      },
      "geometry": {
        "type": "Point",
        "coordinates": [
          59.1556691999999984,
          42.19641390000000314
        ]
      }
    },
    {
      "type": "Feature",
      "properties": {
        "slug": "turkmenistan-dasoguz-koneurgenc-koneurgenc-maslahat-dayhanbirlesik",
        "name_tm": "Daýhanbirleşik",
        "name_en": "Daýhanbirleşik",
        "name_ru": "Дайханбирлешик",
        "type": "village",
        "parent_slug": "turkmenistan-dasoguz-koneurgenc-koneurgenc-maslahat",
        "root_slug": "turkmenistan-dasoguz",
        "verification_status": "verification_required"
      },
      "geometry": {
        "type": "Point",
        "coordinates": [
          59.40937910000000243,
          42.23348229999999859
        ]
      }
    },
    {
      "type": "Feature",
      "properties": {
        "slug": "turkmenistan-dasoguz-koneurgenc-koneurgenc-maslahat-maslahat",
        "name_tm": "Maslahat",
        "name_en": "Maslahat",
        "name_ru": "Маслахат",
        "type": "village",
        "parent_slug": "turkmenistan-dasoguz-koneurgenc-koneurgenc-maslahat",
        "root_slug": "turkmenistan-dasoguz",
        "verification_status": "verification_required"
      },
      "geometry": {
        "type": "Point",
        "coordinates": [
          59.4055936000000031,
          42.27399580000000156
        ]
      }
    },
    {
      "type": "Feature",
      "properties": {
        "slug": "turkmenistan-dasoguz-koneurgenc-koneurgenc-maslahat-maslahatdepe",
        "name_tm": "Maslahatdepe",
        "name_en": "Maslahatdepe",
        "name_ru": "Маслахатдепе",
        "type": "village",
        "parent_slug": "turkmenistan-dasoguz-koneurgenc-koneurgenc-maslahat",
        "root_slug": "turkmenistan-dasoguz",
        "verification_status": "verification_required"
      },
      "geometry": {
        "type": "Point",
        "coordinates": [
          59.32967589999999803,
          42.23333619999999655
        ]
      }
    },
    {
      "type": "Feature",
      "properties": {
        "slug": "turkmenistan-dasoguz-koneurgenc-koneurgenc-maslahat-saraygol",
        "name_tm": "Saraýgöl",
        "name_en": "Saraýgöl",
        "name_ru": "Сарайгол",
        "type": "village",
        "parent_slug": "turkmenistan-dasoguz-koneurgenc-koneurgenc-maslahat",
        "root_slug": "turkmenistan-dasoguz",
        "verification_status": "verification_required"
      },
      "geometry": {
        "type": "Point",
        "coordinates": [
          59.3846394999999987,
          42.29879590000000177
        ]
      }
    },
    {
      "type": "Feature",
      "properties": {
        "slug": "turkmenistan-dasoguz-koneurgenc-koneurgenc-tazeguyc-boyracy",
        "name_tm": "Boýraçy",
        "name_en": "Boýraçy",
        "name_ru": "Бойрачы",
        "type": "village",
        "parent_slug": "turkmenistan-dasoguz-koneurgenc-koneurgenc-tazeguyc",
        "root_slug": "turkmenistan-dasoguz",
        "verification_status": "verification_required"
      },
      "geometry": {
        "type": "Point",
        "coordinates": [
          59.05034979999999934,
          42.46501260000000144
        ]
      }
    },
    {
      "type": "Feature",
      "properties": {
        "slug": "turkmenistan-dasoguz-koneurgenc-koneurgenc-tazeguyc-gumlygala",
        "name_tm": "Gumlygala",
        "name_en": "Gumlygala",
        "name_ru": "Гумлыгала",
        "type": "village",
        "parent_slug": "turkmenistan-dasoguz-koneurgenc-koneurgenc-tazeguyc",
        "root_slug": "turkmenistan-dasoguz",
        "verification_status": "verification_required"
      },
      "geometry": {
        "type": "Point",
        "coordinates": [
          59.01303939999999671,
          42.49532399999999654
        ]
      }
    },
    {
      "type": "Feature",
      "properties": {
        "slug": "turkmenistan-dasoguz-koneurgenc-koneurgenc-tazeguyc-obasy",
        "name_tm": "Täzegüýç obasy",
        "name_en": "Täzegüýç obasy",
        "name_ru": "Тазегуйч обасы",
        "type": "village",
        "parent_slug": "turkmenistan-dasoguz-koneurgenc-koneurgenc",
        "root_slug": "turkmenistan-dasoguz",
        "verification_status": "verification_required"
      },
      "geometry": {
        "type": "Point",
        "coordinates": [
          59.48086490000000026,
          42.24024419999999936
        ]
      }
    },
    {
      "type": "Feature",
      "properties": {
        "slug": "turkmenistan-dasoguz-koneurgenc-koneurgenc-tazeguyc-tazeguyc",
        "name_tm": "Täzegüýç",
        "name_en": "Täzegüýç",
        "name_ru": "Тазегуйч",
        "type": "village",
        "parent_slug": "turkmenistan-dasoguz-koneurgenc-koneurgenc-tazeguyc",
        "root_slug": "turkmenistan-dasoguz",
        "verification_status": "verification_required"
      },
      "geometry": {
        "type": "Point",
        "coordinates": [
          59.17844149999999815,
          42.43737680000000268
        ]
      }
    },
    {
      "type": "Feature",
      "properties": {
        "slug": "turkmenistan-dasoguz-koneurgenc-koneurgenc-tazeyap-akbasly",
        "name_tm": "Akbaşly",
        "name_en": "Akbaşly",
        "name_ru": "Акбашлы",
        "type": "village",
        "parent_slug": "turkmenistan-dasoguz-koneurgenc-koneurgenc-tazeyap",
        "root_slug": "turkmenistan-dasoguz",
        "verification_status": "verification_required"
      },
      "geometry": {
        "type": "Point",
        "coordinates": [
          59.31015519999999697,
          42.34503250000000207
        ]
      }
    },
    {
      "type": "Feature",
      "properties": {
        "slug": "turkmenistan-dasoguz-koneurgenc-koneurgenc-tazeyap-tazeyap",
        "name_tm": "Täzeýap",
        "name_en": "Täzeýap",
        "name_ru": "Тазеяп",
        "type": "village",
        "parent_slug": "turkmenistan-dasoguz-koneurgenc-koneurgenc-tazeyap",
        "root_slug": "turkmenistan-dasoguz",
        "verification_status": "verification_required"
      },
      "geometry": {
        "type": "Point",
        "coordinates": [
          59.34588320000000294,
          42.31367910000000165
        ]
      }
    },
    {
      "type": "Feature",
      "properties": {
        "slug": "turkmenistan-dasoguz-koneurgenc-koneurgenc-tazeyol-cilter",
        "name_tm": "Çilter",
        "name_en": "Çilter",
        "name_ru": "Чилтер",
        "type": "village",
        "parent_slug": "turkmenistan-dasoguz-koneurgenc-koneurgenc-tazeyol",
        "root_slug": "turkmenistan-dasoguz",
        "verification_status": "verification_required"
      },
      "geometry": {
        "type": "Point",
        "coordinates": [
          59.27454370000000238,
          42.37739359999999778
        ]
      }
    },
    {
      "type": "Feature",
      "properties": {
        "slug": "turkmenistan-dasoguz-koneurgenc-koneurgenc-tazeyol-gamyslyoy",
        "name_tm": "Gamyşlyoý",
        "name_en": "Gamyşlyoý",
        "name_ru": "Гамышлыой",
        "type": "village",
        "parent_slug": "turkmenistan-dasoguz-koneurgenc-koneurgenc-tazeyol",
        "root_slug": "turkmenistan-dasoguz",
        "verification_status": "verification_required"
      },
      "geometry": {
        "type": "Point",
        "coordinates": [
          59.2384077999999974,
          42.39732659999999954
        ]
      }
    },
    {
      "type": "Feature",
      "properties": {
        "slug": "turkmenistan-dasoguz-koneurgenc-koneurgenc-tazeyol-garassyzlyk",
        "name_tm": "Garaşsyzlyk",
        "name_en": "Garaşsyzlyk",
        "name_ru": "Гарашсызлык",
        "type": "village",
        "parent_slug": "turkmenistan-dasoguz-koneurgenc-koneurgenc-tazeyol",
        "root_slug": "turkmenistan-dasoguz",
        "verification_status": "verification_required"
      },
      "geometry": {
        "type": "Point",
        "coordinates": [
          59.22198130000000304,
          42.33914200000000249
        ]
      }
    },
    {
      "type": "Feature",
      "properties": {
        "slug": "turkmenistan-dasoguz-koneurgenc-koneurgenc-tazeyol-gazakyer",
        "name_tm": "Gazakýer",
        "name_en": "Gazakýer",
        "name_ru": "Газакйер",
        "type": "village",
        "parent_slug": "turkmenistan-dasoguz-koneurgenc-koneurgenc-tazeyol",
        "root_slug": "turkmenistan-dasoguz",
        "verification_status": "verification_required"
      },
      "geometry": {
        "type": "Point",
        "coordinates": [
          59.28341919999999732,
          42.3283436999999978
        ]
      }
    },
    {
      "type": "Feature",
      "properties": {
        "slug": "turkmenistan-dasoguz-koneurgenc-koneurgenc-tazeyol-tazeyol",
        "name_tm": "Täzeýol",
        "name_en": "Täzeýol",
        "name_ru": "Тазеёл",
        "type": "village",
        "parent_slug": "turkmenistan-dasoguz-koneurgenc-koneurgenc-tazeyol",
        "root_slug": "turkmenistan-dasoguz",
        "verification_status": "verification_required"
      },
      "geometry": {
        "type": "Point",
        "coordinates": [
          59.26784920000000056,
          42.35024020000000177
        ]
      }
    },
    {
      "type": "Feature",
      "properties": {
        "slug": "turkmenistan-dasoguz-koneurgenc-koneurgenc-turkmenistan-obasy",
        "name_tm": "Türkmenistan obasy",
        "name_en": "Türkmenistan obasy",
        "name_ru": "Туркменистан обасы",
        "type": "village",
        "parent_slug": "turkmenistan-dasoguz-koneurgenc-koneurgenc",
        "root_slug": "turkmenistan-dasoguz",
        "verification_status": "verification_required"
      },
      "geometry": {
        "type": "Point",
        "coordinates": [
          58.98592080000000237,
          42.33038959999999661
        ]
      }
    },
    {
      "type": "Feature",
      "properties": {
        "slug": "turkmenistan-dasoguz-koneurgenc-koneurgenc-watan-watan",
        "name_tm": "Watan",
        "name_en": "Watan",
        "name_ru": "Ватан",
        "type": "village",
        "parent_slug": "turkmenistan-dasoguz-koneurgenc-koneurgenc-watan",
        "root_slug": "turkmenistan-dasoguz",
        "verification_status": "verification_required"
      },
      "geometry": {
        "type": "Point",
        "coordinates": [
          58.96832229999999698,
          42.20452079999999739
        ]
      }
    },
    {
      "type": "Feature",
      "properties": {
        "slug": "turkmenistan-dasoguz-ruhubelent-agzybirlik-obasy",
        "name_tm": "Agzybirlik obasy",
        "name_en": "Agzybirlik obasy",
        "name_ru": "Агзыбирлик обасы",
        "type": "village",
        "parent_slug": "turkmenistan-dasoguz-ruhubelent",
        "root_slug": "turkmenistan-dasoguz",
        "verification_status": "verification_required"
      },
      "geometry": {
        "type": "Point",
        "coordinates": [
          58.92433290000000312,
          42.12638270000000062
        ]
      }
    },
    {
      "type": "Feature",
      "properties": {
        "slug": "turkmenistan-dasoguz-ruhubelent-akaryap-obasy",
        "name_tm": "Akarýap obasy",
        "name_en": "Akarýap obasy",
        "name_ru": "Акаряп обасы",
        "type": "village",
        "parent_slug": "turkmenistan-dasoguz-ruhubelent",
        "root_slug": "turkmenistan-dasoguz",
        "verification_status": "verification_required"
      },
      "geometry": {
        "type": "Point",
        "coordinates": [
          58.67913719999999956,
          41.84680000000000177
        ]
      }
    },
    {
      "type": "Feature",
      "properties": {
        "slug": "turkmenistan-dasoguz-ruhubelent-altyn-sahra-obasy",
        "name_tm": "Altyn sähra obasy",
        "name_en": "Altyn sähra obasy",
        "name_ru": "Алтын сахра обасы",
        "type": "village",
        "parent_slug": "turkmenistan-dasoguz-ruhubelent",
        "root_slug": "turkmenistan-dasoguz",
        "verification_status": "verification_required"
      },
      "geometry": {
        "type": "Point",
        "coordinates": [
          58.6062581999999992,
          41.59662759999999793
        ]
      }
    },
    {
      "type": "Feature",
      "properties": {
        "slug": "turkmenistan-dasoguz-ruhubelent-asyk-aydyn-akaryap",
        "name_tm": "Akarýap",
        "name_en": "Akarýap",
        "name_ru": "Акаряп",
        "type": "village",
        "parent_slug": "turkmenistan-dasoguz-ruhubelent-asyk-aydyn",
        "root_slug": "turkmenistan-dasoguz",
        "verification_status": "verification_required"
      },
      "geometry": {
        "type": "Point",
        "coordinates": [
          58.67914100000000132,
          41.84698530000000005
        ]
      }
    },
    {
      "type": "Feature",
      "properties": {
        "slug": "turkmenistan-dasoguz-ruhubelent-asyk-aydyn-asyk-aydyn",
        "name_tm": "Aşyk Aýdyň",
        "name_en": "Aşyk Aýdyň",
        "name_ru": "Ашык айдын",
        "type": "village",
        "parent_slug": "turkmenistan-dasoguz-ruhubelent-asyk-aydyn",
        "root_slug": "turkmenistan-dasoguz",
        "verification_status": "verification_required"
      },
      "geometry": {
        "type": "Point",
        "coordinates": [
          58.68786020000000291,
          41.90176979999999673
        ]
      }
    },
    {
      "type": "Feature",
      "properties": {
        "slug": "turkmenistan-dasoguz-ruhubelent-asyk-aydyn-kuwwat",
        "name_tm": "Kuwwat",
        "name_en": "Kuwwat",
        "name_ru": "Кувват",
        "type": "village",
        "parent_slug": "turkmenistan-dasoguz-ruhubelent-asyk-aydyn",
        "root_slug": "turkmenistan-dasoguz",
        "verification_status": "verification_required"
      },
      "geometry": {
        "type": "Point",
        "coordinates": [
          58.68735319999999689,
          41.93626940000000047
        ]
      }
    },
    {
      "type": "Feature",
      "properties": {
        "slug": "turkmenistan-dasoguz-ruhubelent-asyk-aydyn-obasy",
        "name_tm": "Aşyk Aýdyň obasy",
        "name_en": "Aşyk Aýdyň obasy",
        "name_ru": "Ашык айдын обасы",
        "type": "village",
        "parent_slug": "turkmenistan-dasoguz-ruhubelent",
        "root_slug": "turkmenistan-dasoguz",
        "verification_status": "verification_required"
      },
      "geometry": {
        "type": "Point",
        "coordinates": [
          58.68714440000000109,
          41.9022906000000006
        ]
      }
    },
    {
      "type": "Feature",
      "properties": {
        "slug": "turkmenistan-dasoguz-ruhubelent-asyk-aydyn-oguzboyy",
        "name_tm": "Oguzboýy",
        "name_en": "Oguzboýy",
        "name_ru": "Огузбойы",
        "type": "village",
        "parent_slug": "turkmenistan-dasoguz-ruhubelent-asyk-aydyn",
        "root_slug": "turkmenistan-dasoguz",
        "verification_status": "verification_required"
      },
      "geometry": {
        "type": "Point",
        "coordinates": [
          58.71165309999999949,
          41.81365079999999779
        ]
      }
    },
    {
      "type": "Feature",
      "properties": {
        "slug": "turkmenistan-dasoguz-ruhubelent-bereketli-obasy",
        "name_tm": "Bereketli obasy",
        "name_en": "Bereketli obasy",
        "name_ru": "Берекетли обасы",
        "type": "village",
        "parent_slug": "turkmenistan-dasoguz-ruhubelent",
        "root_slug": "turkmenistan-dasoguz",
        "verification_status": "verification_required"
      },
      "geometry": {
        "type": "Point",
        "coordinates": [
          58.66256549999999948,
          41.68519049999999737
        ]
      }
    },
    {
      "type": "Feature",
      "properties": {
        "slug": "turkmenistan-dasoguz-ruhubelent-cardepe-obasy",
        "name_tm": "Çardepe obasy",
        "name_en": "Çardepe obasy",
        "name_ru": "Чардепе обасы",
        "type": "village",
        "parent_slug": "turkmenistan-dasoguz-ruhubelent",
        "root_slug": "turkmenistan-dasoguz",
        "verification_status": "verification_required"
      },
      "geometry": {
        "type": "Point",
        "coordinates": [
          58.88411020000000206,
          42.06519519999999802
        ]
      }
    },
    {
      "type": "Feature",
      "properties": {
        "slug": "turkmenistan-dasoguz-ruhubelent-diyarbekir-diyarbekir",
        "name_tm": "Diýarbekir",
        "name_en": "Diýarbekir",
        "name_ru": "Диярбекир",
        "type": "village",
        "parent_slug": "turkmenistan-dasoguz-ruhubelent-diyarbekir",
        "root_slug": "turkmenistan-dasoguz",
        "verification_status": "verification_required"
      },
      "geometry": {
        "type": "Point",
        "coordinates": [
          58.31139029999999935,
          42.0172171999999975
        ]
      }
    },
    {
      "type": "Feature",
      "properties": {
        "slug": "turkmenistan-dasoguz-ruhubelent-diyarbekir-sahribossan",
        "name_tm": "Şähribossan",
        "name_en": "Şähribossan",
        "name_ru": "Шахрибоссан",
        "type": "village",
        "parent_slug": "turkmenistan-dasoguz-ruhubelent-diyarbekir",
        "root_slug": "turkmenistan-dasoguz",
        "verification_status": "verification_required"
      },
      "geometry": {
        "type": "Point",
        "coordinates": [
          58.19532900000000097,
          42.01190559999999863
        ]
      }
    },
    {
      "type": "Feature",
      "properties": {
        "slug": "turkmenistan-dasoguz-ruhubelent-duzgyr-obasy",
        "name_tm": "Duzgyr obasy",
        "name_en": "Duzgyr obasy",
        "name_ru": "Дузгыр обасы",
        "type": "village",
        "parent_slug": "turkmenistan-dasoguz-ruhubelent",
        "root_slug": "turkmenistan-dasoguz",
        "verification_status": "verification_required"
      },
      "geometry": {
        "type": "Point",
        "coordinates": [
          58.67185769999999679,
          41.72497640000000275
        ]
      }
    },
    {
      "type": "Feature",
      "properties": {
        "slug": "turkmenistan-dasoguz-ruhubelent-galkynys-obasy",
        "name_tm": "Galkynyş obasy",
        "name_en": "Galkynyş obasy",
        "name_ru": "Галкыныш обасы",
        "type": "village",
        "parent_slug": "turkmenistan-dasoguz-ruhubelent",
        "root_slug": "turkmenistan-dasoguz",
        "verification_status": "verification_required"
      },
      "geometry": {
        "type": "Point",
        "coordinates": [
          58.69176569999999771,
          41.68220730000000173
        ]
      }
    },
    {
      "type": "Feature",
      "properties": {
        "slug": "turkmenistan-dasoguz-ruhubelent-genes-genesligi",
        "name_tm": "Geňeş geňeşligi",
        "name_en": "Geňeş geňeşligi",
        "name_ru": "Генеш генешлиги",
        "type": "village",
        "parent_slug": "turkmenistan-dasoguz-ruhubelent",
        "root_slug": "turkmenistan-dasoguz",
        "verification_status": "verification_required"
      },
      "geometry": {
        "type": "Point",
        "coordinates": [
          58.91950539999999848,
          42.10492020000000223
        ]
      }
    },
    {
      "type": "Feature",
      "properties": {
        "slug": "turkmenistan-dasoguz-ruhubelent-genes-obasy",
        "name_tm": "Geňeş obasy",
        "name_en": "Geňeş obasy",
        "name_ru": "Генеш обасы",
        "type": "village",
        "parent_slug": "turkmenistan-dasoguz-ruhubelent",
        "root_slug": "turkmenistan-dasoguz",
        "verification_status": "verification_required"
      },
      "geometry": {
        "type": "Point",
        "coordinates": [
          58.92004200000000224,
          42.10535360000000082
        ]
      }
    },
    {
      "type": "Feature",
      "properties": {
        "slug": "turkmenistan-dasoguz-ruhubelent-kuwwat-obasy",
        "name_tm": "Kuwwat obasy",
        "name_en": "Kuwwat obasy",
        "name_ru": "Кувват обасы",
        "type": "village",
        "parent_slug": "turkmenistan-dasoguz-ruhubelent",
        "root_slug": "turkmenistan-dasoguz",
        "verification_status": "verification_required"
      },
      "geometry": {
        "type": "Point",
        "coordinates": [
          58.68751160000000055,
          41.93655189999999778
        ]
      }
    },
    {
      "type": "Feature",
      "properties": {
        "slug": "turkmenistan-dasoguz-ruhubelent-oguzboyy-obasy",
        "name_tm": "Oguzboýy obasy",
        "name_en": "Oguzboýy obasy",
        "name_ru": "Огузбойы обасы",
        "type": "village",
        "parent_slug": "turkmenistan-dasoguz-ruhubelent",
        "root_slug": "turkmenistan-dasoguz",
        "verification_status": "verification_required"
      },
      "geometry": {
        "type": "Point",
        "coordinates": [
          58.7122357000000008,
          41.81402810000000158
        ]
      }
    },
    {
      "type": "Feature",
      "properties": {
        "slug": "turkmenistan-dasoguz-ruhubelent-oguzhan-obasy",
        "name_tm": "Oguzhan obasy",
        "name_en": "Oguzhan obasy",
        "name_ru": "Огузхан обасы",
        "type": "village",
        "parent_slug": "turkmenistan-dasoguz-ruhubelent",
        "root_slug": "turkmenistan-dasoguz",
        "verification_status": "verification_required"
      },
      "geometry": {
        "type": "Point",
        "coordinates": [
          59.00722249999999747,
          41.78129640000000222
        ]
      }
    },
    {
      "type": "Feature",
      "properties": {
        "slug": "turkmenistan-dasoguz-ruhubelent-ruhnama-oguzhan",
        "name_tm": "Oguzhan",
        "name_en": "Oguzhan",
        "name_ru": "Огузхан",
        "type": "village",
        "parent_slug": "turkmenistan-dasoguz-ruhubelent-ruhnama",
        "root_slug": "turkmenistan-dasoguz",
        "verification_status": "verification_required"
      },
      "geometry": {
        "type": "Point",
        "coordinates": [
          59.00713879999999989,
          41.78107229999999817
        ]
      }
    },
    {
      "type": "Feature",
      "properties": {
        "slug": "turkmenistan-dasoguz-ruhubelent-ruhnama-ruhnama",
        "name_tm": "Ruhnama",
        "name_en": "Ruhnama",
        "name_ru": "Рухнама",
        "type": "village",
        "parent_slug": "turkmenistan-dasoguz-ruhubelent-ruhnama",
        "root_slug": "turkmenistan-dasoguz",
        "verification_status": "verification_required"
      },
      "geometry": {
        "type": "Point",
        "coordinates": [
          58.90598959999999807,
          41.80357000000000056
        ]
      }
    },
    {
      "type": "Feature",
      "properties": {
        "slug": "turkmenistan-dasoguz-ruhubelent-sabende-adyndaky-genesligi",
        "name_tm": "Şabende adyndaky geňeşligi",
        "name_en": "Şabende adyndaky geňeşligi",
        "name_ru": "Шабенде адындакы генешлиги",
        "type": "village",
        "parent_slug": "turkmenistan-dasoguz-ruhubelent",
        "root_slug": "turkmenistan-dasoguz",
        "verification_status": "verification_required"
      },
      "geometry": {
        "type": "Point",
        "coordinates": [
          58.86460660000000189,
          42.08981099999999742
        ]
      }
    },
    {
      "type": "Feature",
      "properties": {
        "slug": "turkmenistan-dasoguz-ruhubelent-sagadam-altyn-sahra",
        "name_tm": "Altyn sähra",
        "name_en": "Altyn sähra",
        "name_ru": "Алтын сахра",
        "type": "village",
        "parent_slug": "turkmenistan-dasoguz-ruhubelent-sagadam",
        "root_slug": "turkmenistan-dasoguz",
        "verification_status": "verification_required"
      },
      "geometry": {
        "type": "Point",
        "coordinates": [
          58.60659280000000137,
          41.59649720000000172
        ]
      }
    },
    {
      "type": "Feature",
      "properties": {
        "slug": "turkmenistan-dasoguz-ruhubelent-sagadam-bereketli",
        "name_tm": "Bereketli",
        "name_en": "Bereketli",
        "name_ru": "Берекетли",
        "type": "village",
        "parent_slug": "turkmenistan-dasoguz-ruhubelent-sagadam",
        "root_slug": "turkmenistan-dasoguz",
        "verification_status": "verification_required"
      },
      "geometry": {
        "type": "Point",
        "coordinates": [
          58.66310080000000226,
          41.68534910000000338
        ]
      }
    },
    {
      "type": "Feature",
      "properties": {
        "slug": "turkmenistan-dasoguz-ruhubelent-sagadam-cayyrly",
        "name_tm": "Çaýyrly",
        "name_en": "Çaýyrly",
        "name_ru": "Чайырлы",
        "type": "village",
        "parent_slug": "turkmenistan-dasoguz-ruhubelent-sagadam",
        "root_slug": "turkmenistan-dasoguz",
        "verification_status": "verification_required"
      },
      "geometry": {
        "type": "Point",
        "coordinates": [
          57.67136159999999734,
          40.1205088000000032
        ]
      }
    },
    {
      "type": "Feature",
      "properties": {
        "slug": "turkmenistan-dasoguz-ruhubelent-sagadam-duzgyr",
        "name_tm": "Duzgyr",
        "name_en": "Duzgyr",
        "name_ru": "Дузгыр",
        "type": "village",
        "parent_slug": "turkmenistan-dasoguz-ruhubelent-sagadam",
        "root_slug": "turkmenistan-dasoguz",
        "verification_status": "verification_required"
      },
      "geometry": {
        "type": "Point",
        "coordinates": [
          58.67199970000000064,
          41.72495229999999822
        ]
      }
    },
    {
      "type": "Feature",
      "properties": {
        "slug": "turkmenistan-dasoguz-ruhubelent-sagadam-gyzyljaburun",
        "name_tm": "Gyzyljaburun",
        "name_en": "Gyzyljaburun",
        "name_ru": "Гызылжабурун",
        "type": "village",
        "parent_slug": "turkmenistan-dasoguz-ruhubelent-sagadam",
        "root_slug": "turkmenistan-dasoguz",
        "verification_status": "verification_required"
      },
      "geometry": {
        "type": "Point",
        "coordinates": [
          57.56421989999999767,
          40.29055819999999955
        ]
      }
    },
    {
      "type": "Feature",
      "properties": {
        "slug": "turkmenistan-dasoguz-ruhubelent-sagadam-tazeoba",
        "name_tm": "Täzeoba",
        "name_en": "Täzeoba",
        "name_ru": "Тазеоба",
        "type": "village",
        "parent_slug": "turkmenistan-dasoguz-ruhubelent-sagadam",
        "root_slug": "turkmenistan-dasoguz",
        "verification_status": "verification_required"
      },
      "geometry": {
        "type": "Point",
        "coordinates": [
          58.65764500000000225,
          41.63893749999999727
        ]
      }
    },
    {
      "type": "Feature",
      "properties": {
        "slug": "turkmenistan-dasoguz-ruhubelent-sagadam-turkmenistan",
        "name_tm": "Türkmenistan",
        "name_en": "Türkmenistan",
        "name_ru": "Туркменистан",
        "type": "village",
        "parent_slug": "turkmenistan-dasoguz-ruhubelent-sagadam",
        "root_slug": "turkmenistan-dasoguz",
        "verification_status": "verification_required"
      },
      "geometry": {
        "type": "Point",
        "coordinates": [
          58.65277890000000127,
          41.66618950000000154
        ]
      }
    },
    {
      "type": "Feature",
      "properties": {
        "slug": "turkmenistan-dasoguz-ruhubelent-sagadam-yslam",
        "name_tm": "Yslam",
        "name_en": "Yslam",
        "name_ru": "Ыслам",
        "type": "village",
        "parent_slug": "turkmenistan-dasoguz-ruhubelent-sagadam",
        "root_slug": "turkmenistan-dasoguz",
        "verification_status": "verification_required"
      },
      "geometry": {
        "type": "Point",
        "coordinates": [
          57.61160610000000303,
          40.23683369999999826
        ]
      }
    },
    {
      "type": "Feature",
      "properties": {
        "slug": "turkmenistan-dasoguz-ruhubelent-tunuderya-altyn-zaman",
        "name_tm": "Altyn zaman",
        "name_en": "Altyn zaman",
        "name_ru": "Алтын заман",
        "type": "village",
        "parent_slug": "turkmenistan-dasoguz-ruhubelent-tunuderya",
        "root_slug": "turkmenistan-dasoguz",
        "verification_status": "verification_required"
      },
      "geometry": {
        "type": "Point",
        "coordinates": [
          58.82142590000000126,
          41.73202200000000061
        ]
      }
    },
    {
      "type": "Feature",
      "properties": {
        "slug": "turkmenistan-dasoguz-ruhubelent-tunuderya-galkynys",
        "name_tm": "Galkynyş",
        "name_en": "Galkynyş",
        "name_ru": "Галкыныш",
        "type": "village",
        "parent_slug": "turkmenistan-dasoguz-ruhubelent-tunuderya",
        "root_slug": "turkmenistan-dasoguz",
        "verification_status": "verification_required"
      },
      "geometry": {
        "type": "Point",
        "coordinates": [
          58.69203859999999651,
          41.68233879999999658
        ]
      }
    },
    {
      "type": "Feature",
      "properties": {
        "slug": "turkmenistan-dasoguz-ruhubelent-tunuderya-sasenem",
        "name_tm": "Şasenem",
        "name_en": "Şasenem",
        "name_ru": "Шасенем",
        "type": "village",
        "parent_slug": "turkmenistan-dasoguz-ruhubelent-tunuderya",
        "root_slug": "turkmenistan-dasoguz",
        "verification_status": "verification_required"
      },
      "geometry": {
        "type": "Point",
        "coordinates": [
          58.58241069999999696,
          41.56545009999999963
        ]
      }
    },
    {
      "type": "Feature",
      "properties": {
        "slug": "turkmenistan-dasoguz-ruhubelent-tunuderya-tunuderya",
        "name_tm": "Tünüderýa",
        "name_en": "Tünüderýa",
        "name_ru": "Тунудеря",
        "type": "village",
        "parent_slug": "turkmenistan-dasoguz-ruhubelent-tunuderya",
        "root_slug": "turkmenistan-dasoguz",
        "verification_status": "verification_required"
      },
      "geometry": {
        "type": "Point",
        "coordinates": [
          58.67711669999999913,
          41.6346685999999977
        ]
      }
    },
    {
      "type": "Feature",
      "properties": {
        "slug": "turkmenistan-dasoguz-ruhubelent-turkmenistan-obasy",
        "name_tm": "Türkmenistan obasy",
        "name_en": "Türkmenistan obasy",
        "name_ru": "Туркменистан обасы",
        "type": "village",
        "parent_slug": "turkmenistan-dasoguz-ruhubelent",
        "root_slug": "turkmenistan-dasoguz",
        "verification_status": "verification_required"
      },
      "geometry": {
        "type": "Point",
        "coordinates": [
          58.65433790000000158,
          41.66560100000000232
        ]
      }
    },
    {
      "type": "Feature",
      "properties": {
        "slug": "turkmenistan-dasoguz-ruhubelent-zahmet-was",
        "name_tm": "Was",
        "name_en": "Was",
        "name_ru": "Вас",
        "type": "village",
        "parent_slug": "turkmenistan-dasoguz-ruhubelent-zahmet",
        "root_slug": "turkmenistan-dasoguz",
        "verification_status": "verification_required"
      },
      "geometry": {
        "type": "Point",
        "coordinates": [
          59.08689739999999802,
          41.91027780000000292
        ]
      }
    },
    {
      "type": "Feature",
      "properties": {
        "slug": "turkmenistan-dasoguz-sabat-sabat-adalat-garaporsan",
        "name_tm": "Garaporsaň",
        "name_en": "Garaporsaň",
        "name_ru": "Гарапорсан",
        "type": "village",
        "parent_slug": "turkmenistan-dasoguz-sabat-sabat-adalat",
        "root_slug": "turkmenistan-dasoguz",
        "verification_status": "verification_required"
      },
      "geometry": {
        "type": "Point",
        "coordinates": [
          59.76597269999999896,
          41.80243240000000071
        ]
      }
    },
    {
      "type": "Feature",
      "properties": {
        "slug": "turkmenistan-dasoguz-sabat-sabat-alysir-nowayy-adyndaky-birinji-gulan",
        "name_tm": "Birinji Gulan",
        "name_en": "Birinji Gulan",
        "name_ru": "Биринжи гулан",
        "type": "village",
        "parent_slug": "turkmenistan-dasoguz-sabat-sabat-alysir-nowayy-adyndaky",
        "root_slug": "turkmenistan-dasoguz",
        "verification_status": "verification_required"
      },
      "geometry": {
        "type": "Point",
        "coordinates": [
          60.11340620000000001,
          41.80646999999999735
        ]
      }
    },
    {
      "type": "Feature",
      "properties": {
        "slug": "turkmenistan-dasoguz-sabat-sabat-alysir-nowayy-adyndaky-dayhanazat",
        "name_tm": "Daýhanazat",
        "name_en": "Daýhanazat",
        "name_ru": "Дайханазат",
        "type": "village",
        "parent_slug": "turkmenistan-dasoguz-sabat-sabat-alysir-nowayy-adyndaky",
        "root_slug": "turkmenistan-dasoguz",
        "verification_status": "verification_required"
      },
      "geometry": {
        "type": "Point",
        "coordinates": [
          60.02606250000000187,
          41.84186379999999872
        ]
      }
    },
    {
      "type": "Feature",
      "properties": {
        "slug": "turkmenistan-dasoguz-sabat-sabat-alysir-nowayy-adyndaky-gamyskak",
        "name_tm": "Gamyşkak",
        "name_en": "Gamyşkak",
        "name_ru": "Гамышкак",
        "type": "village",
        "parent_slug": "turkmenistan-dasoguz-sabat-sabat-alysir-nowayy-adyndaky",
        "root_slug": "turkmenistan-dasoguz",
        "verification_status": "verification_required"
      },
      "geometry": {
        "type": "Point",
        "coordinates": [
          60.06658300000000139,
          41.79753139999999689
        ]
      }
    },
    {
      "type": "Feature",
      "properties": {
        "slug": "turkmenistan-dasoguz-sabat-sabat-alysir-nowayy-adyndaky-gumgala",
        "name_tm": "Gumgala",
        "name_en": "Gumgala",
        "name_ru": "Гумгала",
        "type": "village",
        "parent_slug": "turkmenistan-dasoguz-sabat-sabat-alysir-nowayy-adyndaky",
        "root_slug": "turkmenistan-dasoguz",
        "verification_status": "verification_required"
      },
      "geometry": {
        "type": "Point",
        "coordinates": [
          60.04055040000000076,
          41.80122899999999931
        ]
      }
    },
    {
      "type": "Feature",
      "properties": {
        "slug": "turkmenistan-dasoguz-sabat-sabat-alysir-nowayy-adyndaky-hemzesyh",
        "name_tm": "Hemzeşyh",
        "name_en": "Hemzeşyh",
        "name_ru": "Хемзешых",
        "type": "village",
        "parent_slug": "turkmenistan-dasoguz-sabat-sabat-alysir-nowayy-adyndaky",
        "root_slug": "turkmenistan-dasoguz",
        "verification_status": "verification_required"
      },
      "geometry": {
        "type": "Point",
        "coordinates": [
          60.06397830000000226,
          41.81891180000000218
        ]
      }
    },
    {
      "type": "Feature",
      "properties": {
        "slug": "turkmenistan-dasoguz-sabat-sabat-alysir-nowayy-adyndaky-ikinji-gulan",
        "name_tm": "Ikinji Gulan",
        "name_en": "Ikinji Gulan",
        "name_ru": "Икинжи гулан",
        "type": "village",
        "parent_slug": "turkmenistan-dasoguz-sabat-sabat-alysir-nowayy-adyndaky",
        "root_slug": "turkmenistan-dasoguz",
        "verification_status": "verification_required"
      },
      "geometry": {
        "type": "Point",
        "coordinates": [
          60.0945110999999983,
          41.8173369000000008
        ]
      }
    },
    {
      "type": "Feature",
      "properties": {
        "slug": "turkmenistan-dasoguz-sabat-sabat-asudalyk-bozgala",
        "name_tm": "Bozgala",
        "name_en": "Bozgala",
        "name_ru": "Бозгала",
        "type": "village",
        "parent_slug": "turkmenistan-dasoguz-sabat-sabat-asudalyk",
        "root_slug": "turkmenistan-dasoguz",
        "verification_status": "verification_required"
      },
      "geometry": {
        "type": "Point",
        "coordinates": [
          60.28519469999999814,
          41.77066380000000123
        ]
      }
    },
    {
      "type": "Feature",
      "properties": {
        "slug": "turkmenistan-dasoguz-sabat-sabat-asudalyk-maylyjennel",
        "name_tm": "Maýlyjeňňel",
        "name_en": "Maýlyjeňňel",
        "name_ru": "Майлыженнел",
        "type": "village",
        "parent_slug": "turkmenistan-dasoguz-sabat-sabat-asudalyk",
        "root_slug": "turkmenistan-dasoguz",
        "verification_status": "verification_required"
      },
      "geometry": {
        "type": "Point",
        "coordinates": [
          60.2582985000000022,
          41.78910760000000124
        ]
      }
    },
    {
      "type": "Feature",
      "properties": {
        "slug": "turkmenistan-dasoguz-sabat-sabat-asudalyk-tazeusul",
        "name_tm": "Täzeusul",
        "name_en": "Täzeusul",
        "name_ru": "Тазеусул",
        "type": "village",
        "parent_slug": "turkmenistan-dasoguz-sabat-sabat-asudalyk",
        "root_slug": "turkmenistan-dasoguz",
        "verification_status": "verification_required"
      },
      "geometry": {
        "type": "Point",
        "coordinates": [
          60.30696890000000109,
          41.76211469999999793
        ]
      }
    },
    {
      "type": "Feature",
      "properties": {
        "slug": "turkmenistan-dasoguz-sabat-sabat-diyar-abdalyap",
        "name_tm": "Abdalýap",
        "name_en": "Abdalýap",
        "name_ru": "Абдаляп",
        "type": "village",
        "parent_slug": "turkmenistan-dasoguz-sabat-sabat-diyar",
        "root_slug": "turkmenistan-dasoguz",
        "verification_status": "verification_required"
      },
      "geometry": {
        "type": "Point",
        "coordinates": [
          59.97866820000000132,
          41.85654199999999748
        ]
      }
    },
    {
      "type": "Feature",
      "properties": {
        "slug": "turkmenistan-dasoguz-sabat-sabat-diyar-ayakketli",
        "name_tm": "Aýakketli",
        "name_en": "Aýakketli",
        "name_ru": "Аяккетли",
        "type": "village",
        "parent_slug": "turkmenistan-dasoguz-sabat-sabat-diyar",
        "root_slug": "turkmenistan-dasoguz",
        "verification_status": "verification_required"
      },
      "geometry": {
        "type": "Point",
        "coordinates": [
          59.95308550000000025,
          41.88929689999999795
        ]
      }
    },
    {
      "type": "Feature",
      "properties": {
        "slug": "turkmenistan-dasoguz-sabat-sabat-diyar-galkynys",
        "name_tm": "Galkynyş",
        "name_en": "Galkynyş",
        "name_ru": "Галкыныш",
        "type": "village",
        "parent_slug": "turkmenistan-dasoguz-sabat-sabat-diyar",
        "root_slug": "turkmenistan-dasoguz",
        "verification_status": "verification_required"
      },
      "geometry": {
        "type": "Point",
        "coordinates": [
          59.99253039999999971,
          41.87004009999999709
        ]
      }
    },
    {
      "type": "Feature",
      "properties": {
        "slug": "turkmenistan-dasoguz-sabat-sabat-gayrat-jemsit",
        "name_tm": "Jemşit",
        "name_en": "Jemşit",
        "name_ru": "Жемшит",
        "type": "village",
        "parent_slug": "turkmenistan-dasoguz-sabat-sabat-gayrat",
        "root_slug": "turkmenistan-dasoguz",
        "verification_status": "verification_required"
      },
      "geometry": {
        "type": "Point",
        "coordinates": [
          60.05201120000000258,
          41.88918759999999964
        ]
      }
    },
    {
      "type": "Feature",
      "properties": {
        "slug": "turkmenistan-dasoguz-sabat-sabat-gayrat-tazedurmus",
        "name_tm": "Täzedurmuş",
        "name_en": "Tazedurmush",
        "name_ru": "Тазедурмуш",
        "type": "village",
        "parent_slug": "turkmenistan-dasoguz-sabat-sabat-gayrat",
        "root_slug": "turkmenistan-dasoguz",
        "verification_status": "verification_required"
      },
      "geometry": {
        "type": "Point",
        "coordinates": [
          59.79155459999999778,
          41.78371340000000345
        ]
      }
    },
    {
      "type": "Feature",
      "properties": {
        "slug": "turkmenistan-dasoguz-sabat-sabat-hasylcy-altmys",
        "name_tm": "Altmyş",
        "name_en": "Altmyş",
        "name_ru": "Алтмыш",
        "type": "village",
        "parent_slug": "turkmenistan-dasoguz-sabat-sabat-hasylcy",
        "root_slug": "turkmenistan-dasoguz",
        "verification_status": "verification_required"
      },
      "geometry": {
        "type": "Point",
        "coordinates": [
          60.03340699999999686,
          41.89247999999999906
        ]
      }
    },
    {
      "type": "Feature",
      "properties": {
        "slug": "turkmenistan-dasoguz-sabat-sabat-hasylcy-diwanbegi",
        "name_tm": "Diwanbegi",
        "name_en": "Diwanbegi",
        "name_ru": "Диванбеги",
        "type": "village",
        "parent_slug": "turkmenistan-dasoguz-sabat-sabat-hasylcy",
        "root_slug": "turkmenistan-dasoguz",
        "verification_status": "verification_required"
      },
      "geometry": {
        "type": "Point",
        "coordinates": [
          60.01695829999999888,
          41.9433675000000008
        ]
      }
    },
    {
      "type": "Feature",
      "properties": {
        "slug": "turkmenistan-dasoguz-sabat-sabat-hasylcy-gargaly",
        "name_tm": "Gargaly",
        "name_en": "Gargaly",
        "name_ru": "Гаргалы",
        "type": "village",
        "parent_slug": "turkmenistan-dasoguz-sabat-sabat-hasylcy",
        "root_slug": "turkmenistan-dasoguz",
        "verification_status": "verification_required"
      },
      "geometry": {
        "type": "Point",
        "coordinates": [
          60.00979149999999863,
          41.89214390000000065
        ]
      }
    },
    {
      "type": "Feature",
      "properties": {
        "slug": "turkmenistan-dasoguz-sabat-sabat-hasylcy-hasylcy",
        "name_tm": "Hasylçy",
        "name_en": "Hasylçy",
        "name_ru": "Хасылчы",
        "type": "village",
        "parent_slug": "turkmenistan-dasoguz-sabat-sabat-hasylcy",
        "root_slug": "turkmenistan-dasoguz",
        "verification_status": "verification_required"
      },
      "geometry": {
        "type": "Point",
        "coordinates": [
          59.98596659999999759,
          41.92364390000000184
        ]
      }
    },
    {
      "type": "Feature",
      "properties": {
        "slug": "turkmenistan-dasoguz-sabat-sabat-nowbahar-rozumboy",
        "name_tm": "Rozumboý",
        "name_en": "Rozumboý",
        "name_ru": "Розумбой",
        "type": "village",
        "parent_slug": "turkmenistan-dasoguz-sabat-sabat-nowbahar",
        "root_slug": "turkmenistan-dasoguz",
        "verification_status": "verification_required"
      },
      "geometry": {
        "type": "Point",
        "coordinates": [
          60.07043720000000064,
          41.8482885999999965
        ]
      }
    },
    {
      "type": "Feature",
      "properties": {
        "slug": "turkmenistan-dasoguz-sabat-sabat-nowbahar-taze-yol",
        "name_tm": "Täze ýol",
        "name_en": "Täze ýol",
        "name_ru": "Тазе ёл",
        "type": "village",
        "parent_slug": "turkmenistan-dasoguz-sabat-sabat-nowbahar",
        "root_slug": "turkmenistan-dasoguz",
        "verification_status": "verification_required"
      },
      "geometry": {
        "type": "Point",
        "coordinates": [
          60.02576450000000107,
          41.86248009999999909
        ]
      }
    },
    {
      "type": "Feature",
      "properties": {
        "slug": "turkmenistan-dasoguz-sabat-sabat-sadylla-rozmetow-adyndaky-carbag",
        "name_tm": "Çarbag",
        "name_en": "Çarbag",
        "name_ru": "Чарбаг",
        "type": "village",
        "parent_slug": "turkmenistan-dasoguz-sabat-sabat-sadylla-rozmetow-adyndaky",
        "root_slug": "turkmenistan-dasoguz",
        "verification_status": "verification_required"
      },
      "geometry": {
        "type": "Point",
        "coordinates": [
          59.8025891999999999,
          41.98855170000000214
        ]
      }
    },
    {
      "type": "Feature",
      "properties": {
        "slug": "turkmenistan-dasoguz-sabat-sabat-sadylla-rozmetow-adyndaky-yyldyz",
        "name_tm": "Ýyldyz",
        "name_en": "Ýyldyz",
        "name_ru": "Йылдыз",
        "type": "village",
        "parent_slug": "turkmenistan-dasoguz-sabat-sabat-sadylla-rozmetow-adyndaky",
        "root_slug": "turkmenistan-dasoguz",
        "verification_status": "verification_required"
      },
      "geometry": {
        "type": "Point",
        "coordinates": [
          59.86775540000000006,
          41.94028130000000231
        ]
      }
    },
    {
      "type": "Feature",
      "properties": {
        "slug": "turkmenistan-dasoguz-sabat-sabat-satlyk-sabatly",
        "name_tm": "Şabatly",
        "name_en": "Şabatly",
        "name_ru": "Шабатлы",
        "type": "village",
        "parent_slug": "turkmenistan-dasoguz-sabat-sabat-satlyk",
        "root_slug": "turkmenistan-dasoguz",
        "verification_status": "verification_required"
      },
      "geometry": {
        "type": "Point",
        "coordinates": [
          60.15329260000000033,
          41.81885750000000001
        ]
      }
    },
    {
      "type": "Feature",
      "properties": {
        "slug": "turkmenistan-dasoguz-sabat-sabat-satlyk-tazebazar",
        "name_tm": "Täzebazar",
        "name_en": "Täzebazar",
        "name_ru": "Тазебазар",
        "type": "village",
        "parent_slug": "turkmenistan-dasoguz-sabat-sabat-satlyk",
        "root_slug": "turkmenistan-dasoguz",
        "verification_status": "verification_required"
      },
      "geometry": {
        "type": "Point",
        "coordinates": [
          60.12729259999999699,
          41.82345850000000098
        ]
      }
    },
    {
      "type": "Feature",
      "properties": {
        "slug": "turkmenistan-dasoguz-sabat-sabat-sohrat-bagtyyarlyk",
        "name_tm": "Bagtyýarlyk",
        "name_en": "Bagtyýarlyk",
        "name_ru": "Багтыярлык",
        "type": "village",
        "parent_slug": "turkmenistan-dasoguz-sabat-sabat-sohrat",
        "root_slug": "turkmenistan-dasoguz",
        "verification_status": "verification_required"
      },
      "geometry": {
        "type": "Point",
        "coordinates": [
          60.19663229999999743,
          41.80685679999999849
        ]
      }
    },
    {
      "type": "Feature",
      "properties": {
        "slug": "turkmenistan-dasoguz-sabat-sabat-sohrat-buyanly",
        "name_tm": "Buýanly",
        "name_en": "Buýanly",
        "name_ru": "Буянлы",
        "type": "village",
        "parent_slug": "turkmenistan-dasoguz-sabat-sabat-sohrat",
        "root_slug": "turkmenistan-dasoguz",
        "verification_status": "verification_required"
      },
      "geometry": {
        "type": "Point",
        "coordinates": [
          60.2260928999999976,
          41.79766250000000127
        ]
      }
    },
    {
      "type": "Feature",
      "properties": {
        "slug": "turkmenistan-dasoguz-sabat-sabat-sohrat-medeniyet",
        "name_tm": "Medeniýet",
        "name_en": "Medeniýet",
        "name_ru": "Меденийет",
        "type": "village",
        "parent_slug": "turkmenistan-dasoguz-sabat-sabat-sohrat",
        "root_slug": "turkmenistan-dasoguz",
        "verification_status": "verification_required"
      },
      "geometry": {
        "type": "Point",
        "coordinates": [
          60.23574109999999849,
          41.78176080000000069
        ]
      }
    },
    {
      "type": "Feature",
      "properties": {
        "slug": "turkmenistan-dasoguz-saparmyrat-turkmenbasy-altynyol-genesligi",
        "name_tm": "Altynýol geňeşligi",
        "name_en": "Altynyol geneşligi",
        "name_ru": "Алтынёл генешлиги",
        "type": "village",
        "parent_slug": "turkmenistan-dasoguz-saparmyrat-turkmenbasy",
        "root_slug": "turkmenistan-dasoguz",
        "verification_status": "verification_required"
      },
      "geometry": {
        "type": "Point",
        "coordinates": [
          59.95373190000000107,
          41.76755260000000191
        ]
      }
    },
    {
      "type": "Feature",
      "properties": {
        "slug": "turkmenistan-dasoguz-saparmyrat-turkmenbasy-bagban-obasy",
        "name_tm": "Bagban obasy",
        "name_en": "Bagban obasy",
        "name_ru": "Багбан обасы",
        "type": "village",
        "parent_slug": "turkmenistan-dasoguz-saparmyrat-turkmenbasy",
        "root_slug": "turkmenistan-dasoguz",
        "verification_status": "verification_required"
      },
      "geometry": {
        "type": "Point",
        "coordinates": [
          59.88272450000000191,
          41.85724820000000079
        ]
      }
    },
    {
      "type": "Feature",
      "properties": {
        "slug": "turkmenistan-dasoguz-saparmyrat-turkmenbasy-boy-obasy",
        "name_tm": "Boý obasy",
        "name_en": "Boý obasy",
        "name_ru": "Бой обасы",
        "type": "village",
        "parent_slug": "turkmenistan-dasoguz-saparmyrat-turkmenbasy",
        "root_slug": "turkmenistan-dasoguz",
        "verification_status": "verification_required"
      },
      "geometry": {
        "type": "Point",
        "coordinates": [
          59.90671909999999656,
          41.82593680000000091
        ]
      }
    },
    {
      "type": "Feature",
      "properties": {
        "slug": "turkmenistan-dasoguz-saparmyrat-turkmenbasy-dilewar-obasy",
        "name_tm": "Dilewar obasy",
        "name_en": "Dilewar obasy",
        "name_ru": "Дилевар обасы",
        "type": "village",
        "parent_slug": "turkmenistan-dasoguz-saparmyrat-turkmenbasy",
        "root_slug": "turkmenistan-dasoguz",
        "verification_status": "verification_required"
      },
      "geometry": {
        "type": "Point",
        "coordinates": [
          59.95473810000000014,
          41.76536810000000344
        ]
      }
    },
    {
      "type": "Feature",
      "properties": {
        "slug": "turkmenistan-dasoguz-saparmyrat-turkmenbasy-dostlyk-obasy",
        "name_tm": "Dostlyk obasy",
        "name_en": "Dostlyk obasy",
        "name_ru": "Достлык обасы",
        "type": "village",
        "parent_slug": "turkmenistan-dasoguz-saparmyrat-turkmenbasy",
        "root_slug": "turkmenistan-dasoguz",
        "verification_status": "verification_required"
      },
      "geometry": {
        "type": "Point",
        "coordinates": [
          59.90966370000000296,
          41.81505469999999747
        ]
      }
    },
    {
      "type": "Feature",
      "properties": {
        "slug": "turkmenistan-dasoguz-saparmyrat-turkmenbasy-eywanca",
        "name_tm": "Eýwança",
        "name_en": "Eýwança",
        "name_ru": "Ейванча",
        "type": "village",
        "parent_slug": "turkmenistan-dasoguz-saparmyrat-turkmenbasy",
        "root_slug": "turkmenistan-dasoguz",
        "verification_status": "verification_required"
      },
      "geometry": {
        "type": "Point",
        "coordinates": [
          60.15144020000000324,
          41.84789510000000234
        ]
      }
    },
    {
      "type": "Feature",
      "properties": {
        "slug": "turkmenistan-dasoguz-saparmyrat-turkmenbasy-gulzar",
        "name_tm": "Gülzar",
        "name_en": "Gülzar",
        "name_ru": "Гулзар",
        "type": "village",
        "parent_slug": "turkmenistan-dasoguz-saparmyrat-turkmenbasy",
        "root_slug": "turkmenistan-dasoguz",
        "verification_status": "verification_required"
      },
      "geometry": {
        "type": "Point",
        "coordinates": [
          60.05109019999999731,
          41.85839550000000031
        ]
      }
    },
    {
      "type": "Feature",
      "properties": {
        "slug": "turkmenistan-dasoguz-saparmyrat-turkmenbasy-haywat-obasy",
        "name_tm": "Haýwat obasy",
        "name_en": "Haýwat obasy",
        "name_ru": "Хайват обасы",
        "type": "village",
        "parent_slug": "turkmenistan-dasoguz-saparmyrat-turkmenbasy",
        "root_slug": "turkmenistan-dasoguz",
        "verification_status": "verification_required"
      },
      "geometry": {
        "type": "Point",
        "coordinates": [
          59.91016559999999914,
          41.80404769999999815
        ]
      }
    },
    {
      "type": "Feature",
      "properties": {
        "slug": "turkmenistan-dasoguz-saparmyrat-turkmenbasy-jumanyyaz-hudaybergenow-adyndaky-geneslik",
        "name_tm": "Jumanyýaz Hudaýbergenow adyndaky geňeşlik",
        "name_en": "Jumanyýaz Hudaýbergenow adyndaky geňeşlik",
        "name_ru": "Жуманыяз худайбергенов адындакы генешлик",
        "type": "village",
        "parent_slug": "turkmenistan-dasoguz-saparmyrat-turkmenbasy",
        "root_slug": "turkmenistan-dasoguz",
        "verification_status": "verification_required"
      },
      "geometry": {
        "type": "Point",
        "coordinates": [
          59.91264610000000345,
          41.81609250000000345
        ]
      }
    },
    {
      "type": "Feature",
      "properties": {
        "slug": "turkmenistan-dasoguz-saparmyrat-turkmenbasy-medeniyet-obasy",
        "name_tm": "Medeniýet obasy",
        "name_en": "Medeniýet obasy",
        "name_ru": "Меденийет обасы",
        "type": "village",
        "parent_slug": "turkmenistan-dasoguz-saparmyrat-turkmenbasy",
        "root_slug": "turkmenistan-dasoguz",
        "verification_status": "verification_required"
      },
      "geometry": {
        "type": "Point",
        "coordinates": [
          58.93059339999999935,
          42.35137720000000172
        ]
      }
    },
    {
      "type": "Feature",
      "properties": {
        "slug": "turkmenistan-dasoguz-saparmyrat-turkmenbasy-nowruz-obasy",
        "name_tm": "Nowruz obasy",
        "name_en": "Nowruz obasy",
        "name_ru": "Новруз обасы",
        "type": "village",
        "parent_slug": "turkmenistan-dasoguz-saparmyrat-turkmenbasy",
        "root_slug": "turkmenistan-dasoguz",
        "verification_status": "verification_required"
      },
      "geometry": {
        "type": "Point",
        "coordinates": [
          59.94822949999999651,
          41.92973200000000133
        ]
      }
    },
    {
      "type": "Feature",
      "properties": {
        "slug": "turkmenistan-dasoguz-saparmyrat-turkmenbasy-oyrat-obasy",
        "name_tm": "Oýrat obasy",
        "name_en": "Oýrat obasy",
        "name_ru": "Ойрат обасы",
        "type": "village",
        "parent_slug": "turkmenistan-dasoguz-saparmyrat-turkmenbasy",
        "root_slug": "turkmenistan-dasoguz",
        "verification_status": "verification_required"
      },
      "geometry": {
        "type": "Point",
        "coordinates": [
          59.9095495999999983,
          41.94565819999999689
        ]
      }
    },
    {
      "type": "Feature",
      "properties": {
        "slug": "turkmenistan-dasoguz-saparmyrat-turkmenbasy-saparmyrat-turkmenbasy-annaoy-obasy",
        "name_tm": "Annaoý obasy",
        "name_en": "Annaoý obasy",
        "name_ru": "Аннаой обасы",
        "type": "village",
        "parent_slug": "turkmenistan-dasoguz-saparmyrat-turkmenbasy-saparmyrat-turkmenbasy",
        "root_slug": "turkmenistan-dasoguz",
        "verification_status": "verification_required"
      },
      "geometry": {
        "type": "Point",
        "coordinates": [
          58.84135940000000175,
          42.31308969999999903
        ]
      }
    },
    {
      "type": "Feature",
      "properties": {
        "slug": "turkmenistan-dasoguz-saparmyrat-turkmenbasy-saparmyrat-turkmenbasy-arzuw-obasy",
        "name_tm": "Arzuw obasy",
        "name_en": "Arzuw obasy",
        "name_ru": "Арзув обасы",
        "type": "village",
        "parent_slug": "turkmenistan-dasoguz-saparmyrat-turkmenbasy-saparmyrat-turkmenbasy",
        "root_slug": "turkmenistan-dasoguz",
        "verification_status": "verification_required"
      },
      "geometry": {
        "type": "Point",
        "coordinates": [
          58.63702750000000207,
          42.46702160000000247
        ]
      }
    },
    {
      "type": "Feature",
      "properties": {
        "slug": "turkmenistan-dasoguz-saparmyrat-turkmenbasy-saparmyrat-turkmenbasy-asyr-kakabayew-adyndaky-garaoy",
        "name_tm": "Garaöý",
        "name_en": "Garaöý",
        "name_ru": "Гараой",
        "type": "village",
        "parent_slug": "turkmenistan-dasoguz-saparmyrat-turkmenbasy-saparmyrat-turkmenbasy-asyr-kakabayew-adyndaky",
        "root_slug": "turkmenistan-dasoguz",
        "verification_status": "verification_required"
      },
      "geometry": {
        "type": "Point",
        "coordinates": [
          58.66548079999999743,
          42.27663679999999858
        ]
      }
    },
    {
      "type": "Feature",
      "properties": {
        "slug": "turkmenistan-dasoguz-saparmyrat-turkmenbasy-saparmyrat-turkmenbasy-asyr-kakabayew-adyndaky-garawulgala",
        "name_tm": "Garawulgala",
        "name_en": "Garawulgala",
        "name_ru": "Гаравулгала",
        "type": "village",
        "parent_slug": "turkmenistan-dasoguz-saparmyrat-turkmenbasy-saparmyrat-turkmenbasy-asyr-kakabayew-adyndaky",
        "root_slug": "turkmenistan-dasoguz",
        "verification_status": "verification_required"
      },
      "geometry": {
        "type": "Point",
        "coordinates": [
          58.76788609999999836,
          42.3075620999999984
        ]
      }
    },
    {
      "type": "Feature",
      "properties": {
        "slug": "turkmenistan-dasoguz-saparmyrat-turkmenbasy-saparmyrat-turkmenbasy-asyr-kakabayew-adyndaky-gojukgala",
        "name_tm": "Gojukgala",
        "name_en": "Gojukgala",
        "name_ru": "Гожукгала",
        "type": "village",
        "parent_slug": "turkmenistan-dasoguz-saparmyrat-turkmenbasy-saparmyrat-turkmenbasy-asyr-kakabayew-adyndaky",
        "root_slug": "turkmenistan-dasoguz",
        "verification_status": "verification_required"
      },
      "geometry": {
        "type": "Point",
        "coordinates": [
          58.80691889999999944,
          42.30509940000000313
        ]
      }
    },
    {
      "type": "Feature",
      "properties": {
        "slug": "turkmenistan-dasoguz-saparmyrat-turkmenbasy-saparmyrat-turkmenbasy-asyr-kakabayew-adyndaky-harmanjyk",
        "name_tm": "Harmanjyk",
        "name_en": "Harmanjyk",
        "name_ru": "Харманжык",
        "type": "village",
        "parent_slug": "turkmenistan-dasoguz-saparmyrat-turkmenbasy-saparmyrat-turkmenbasy-asyr-kakabayew-adyndaky",
        "root_slug": "turkmenistan-dasoguz",
        "verification_status": "verification_required"
      },
      "geometry": {
        "type": "Point",
        "coordinates": [
          58.62222359999999811,
          42.2778546999999989
        ]
      }
    },
    {
      "type": "Feature",
      "properties": {
        "slug": "turkmenistan-dasoguz-saparmyrat-turkmenbasy-saparmyrat-turkmenbasy-asyr-kakabayew-adyndaky-sarawyap",
        "name_tm": "Şarawýap",
        "name_en": "Şarawýap",
        "name_ru": "Шаравяп",
        "type": "village",
        "parent_slug": "turkmenistan-dasoguz-saparmyrat-turkmenbasy-saparmyrat-turkmenbasy-asyr-kakabayew-adyndaky",
        "root_slug": "turkmenistan-dasoguz",
        "verification_status": "verification_required"
      },
      "geometry": {
        "type": "Point",
        "coordinates": [
          58.68774990000000002,
          42.2911057000000028
        ]
      }
    },
    {
      "type": "Feature",
      "properties": {
        "slug": "turkmenistan-dasoguz-saparmyrat-turkmenbasy-saparmyrat-turkmenbasy-aybowur-aybowur",
        "name_tm": "Aýböwür",
        "name_en": "Aýböwür",
        "name_ru": "Айбовур",
        "type": "village",
        "parent_slug": "turkmenistan-dasoguz-saparmyrat-turkmenbasy-saparmyrat-turkmenbasy-aybowur",
        "root_slug": "turkmenistan-dasoguz",
        "verification_status": "verification_required"
      },
      "geometry": {
        "type": "Point",
        "coordinates": [
          58.47572569999999815,
          42.59864120000000299
        ]
      }
    },
    {
      "type": "Feature",
      "properties": {
        "slug": "turkmenistan-dasoguz-saparmyrat-turkmenbasy-saparmyrat-turkmenbasy-aybowur-sarygaldaw",
        "name_tm": "Sarygaldaw",
        "name_en": "Sarygaldaw",
        "name_ru": "Сарыгалдав",
        "type": "village",
        "parent_slug": "turkmenistan-dasoguz-saparmyrat-turkmenbasy-saparmyrat-turkmenbasy-aybowur",
        "root_slug": "turkmenistan-dasoguz",
        "verification_status": "verification_required"
      },
      "geometry": {
        "type": "Point",
        "coordinates": [
          58.5471187999999998,
          42.57470959999999849
        ]
      }
    },
    {
      "type": "Feature",
      "properties": {
        "slug": "turkmenistan-dasoguz-saparmyrat-turkmenbasy-saparmyrat-turkmenbasy-azatlyk-alyan",
        "name_tm": "Alýan",
        "name_en": "Alýan",
        "name_ru": "Алян",
        "type": "village",
        "parent_slug": "turkmenistan-dasoguz-saparmyrat-turkmenbasy-saparmyrat-turkmenbasy-azatlyk",
        "root_slug": "turkmenistan-dasoguz",
        "verification_status": "verification_required"
      },
      "geometry": {
        "type": "Point",
        "coordinates": [
          58.85382940000000218,
          42.49855910000000136
        ]
      }
    },
    {
      "type": "Feature",
      "properties": {
        "slug": "turkmenistan-dasoguz-saparmyrat-turkmenbasy-saparmyrat-turkmenbasy-azatlyk-ginyandak",
        "name_tm": "Giňýandak",
        "name_en": "Giňýandak",
        "name_ru": "Гиняндак",
        "type": "village",
        "parent_slug": "turkmenistan-dasoguz-saparmyrat-turkmenbasy-saparmyrat-turkmenbasy-azatlyk",
        "root_slug": "turkmenistan-dasoguz",
        "verification_status": "verification_required"
      },
      "geometry": {
        "type": "Point",
        "coordinates": [
          58.76874779999999988,
          42.49904070000000189
        ]
      }
    },
    {
      "type": "Feature",
      "properties": {
        "slug": "turkmenistan-dasoguz-saparmyrat-turkmenbasy-saparmyrat-turkmenbasy-azatlyk-gyzylkummet",
        "name_tm": "Gyzylkümmet",
        "name_en": "Gyzylkümmet",
        "name_ru": "Гызылкуммет",
        "type": "village",
        "parent_slug": "turkmenistan-dasoguz-saparmyrat-turkmenbasy-saparmyrat-turkmenbasy-azatlyk",
        "root_slug": "turkmenistan-dasoguz",
        "verification_status": "verification_required"
      },
      "geometry": {
        "type": "Point",
        "coordinates": [
          58.78676459999999793,
          42.53083620000000309
        ]
      }
    },
    {
      "type": "Feature",
      "properties": {
        "slug": "turkmenistan-dasoguz-saparmyrat-turkmenbasy-saparmyrat-turkmenbasy-bastam-obasy",
        "name_tm": "Bäştam obasy",
        "name_en": "Bäştam obasy",
        "name_ru": "Баштам обасы",
        "type": "village",
        "parent_slug": "turkmenistan-dasoguz-saparmyrat-turkmenbasy-saparmyrat-turkmenbasy",
        "root_slug": "turkmenistan-dasoguz",
        "verification_status": "verification_required"
      },
      "geometry": {
        "type": "Point",
        "coordinates": [
          58.58280280000000317,
          42.46842560000000333
        ]
      }
    },
    {
      "type": "Feature",
      "properties": {
        "slug": "turkmenistan-dasoguz-saparmyrat-turkmenbasy-saparmyrat-turkmenbasy-bugdayly-narbowet",
        "name_tm": "Narböwet",
        "name_en": "Narböwet",
        "name_ru": "Нарбовет",
        "type": "village",
        "parent_slug": "turkmenistan-dasoguz-saparmyrat-turkmenbasy-saparmyrat-turkmenbasy-bugdayly",
        "root_slug": "turkmenistan-dasoguz",
        "verification_status": "verification_required"
      },
      "geometry": {
        "type": "Point",
        "coordinates": [
          58.5896183999999991,
          42.59948409999999797
        ]
      }
    },
    {
      "type": "Feature",
      "properties": {
        "slug": "turkmenistan-dasoguz-saparmyrat-turkmenbasy-saparmyrat-turkmenbasy-bugdayly-tazeyer",
        "name_tm": "Täzeýer",
        "name_en": "Täzeýer",
        "name_ru": "Тазейер",
        "type": "village",
        "parent_slug": "turkmenistan-dasoguz-saparmyrat-turkmenbasy-saparmyrat-turkmenbasy-bugdayly",
        "root_slug": "turkmenistan-dasoguz",
        "verification_status": "verification_required"
      },
      "geometry": {
        "type": "Point",
        "coordinates": [
          58.60488440000000309,
          42.56214800000000053
        ]
      }
    },
    {
      "type": "Feature",
      "properties": {
        "slug": "turkmenistan-dasoguz-saparmyrat-turkmenbasy-saparmyrat-turkmenbasy-dostluk-gylycbayhowly",
        "name_tm": "Gylyçbaýhowly",
        "name_en": "Gylyçbaýhowly",
        "name_ru": "Гылычбайховлы",
        "type": "village",
        "parent_slug": "turkmenistan-dasoguz-saparmyrat-turkmenbasy-saparmyrat-turkmenbasy-dostluk",
        "root_slug": "turkmenistan-dasoguz",
        "verification_status": "verification_required"
      },
      "geometry": {
        "type": "Point",
        "coordinates": [
          58.72381210000000351,
          42.17870239999999882
        ]
      }
    },
    {
      "type": "Feature",
      "properties": {
        "slug": "turkmenistan-dasoguz-saparmyrat-turkmenbasy-saparmyrat-turkmenbasy-dostluk-jembap",
        "name_tm": "Jembap",
        "name_en": "Jembap",
        "name_ru": "Жембап",
        "type": "village",
        "parent_slug": "turkmenistan-dasoguz-saparmyrat-turkmenbasy-saparmyrat-turkmenbasy-dostluk",
        "root_slug": "turkmenistan-dasoguz",
        "verification_status": "verification_required"
      },
      "geometry": {
        "type": "Point",
        "coordinates": [
          58.84521010000000273,
          42.16848590000000029
        ]
      }
    },
    {
      "type": "Feature",
      "properties": {
        "slug": "turkmenistan-dasoguz-saparmyrat-turkmenbasy-saparmyrat-turkmenbasy-dostluk-nazarbaydegis",
        "name_tm": "Nazarbaýdegiş",
        "name_en": "Nazarbaýdegiş",
        "name_ru": "Назарбайдегиш",
        "type": "village",
        "parent_slug": "turkmenistan-dasoguz-saparmyrat-turkmenbasy-saparmyrat-turkmenbasy-dostluk",
        "root_slug": "turkmenistan-dasoguz",
        "verification_status": "verification_required"
      },
      "geometry": {
        "type": "Point",
        "coordinates": [
          58.81153100000000222,
          42.21129160000000269
        ]
      }
    },
    {
      "type": "Feature",
      "properties": {
        "slug": "turkmenistan-dasoguz-saparmyrat-turkmenbasy-saparmyrat-turkmenbasy-dowkesen-baleysem",
        "name_tm": "Baleýşem",
        "name_en": "Baleýşem",
        "name_ru": "Балейшем",
        "type": "village",
        "parent_slug": "turkmenistan-dasoguz-saparmyrat-turkmenbasy-saparmyrat-turkmenbasy-dowkesen",
        "root_slug": "turkmenistan-dasoguz",
        "verification_status": "verification_required"
      },
      "geometry": {
        "type": "Point",
        "coordinates": [
          57.35120770000000334,
          40.25856879999999905
        ]
      }
    },
    {
      "type": "Feature",
      "properties": {
        "slug": "turkmenistan-dasoguz-saparmyrat-turkmenbasy-saparmyrat-turkmenbasy-dowkesen-botendag",
        "name_tm": "Bötendag",
        "name_en": "Bötendag",
        "name_ru": "Ботендаг",
        "type": "village",
        "parent_slug": "turkmenistan-dasoguz-saparmyrat-turkmenbasy-saparmyrat-turkmenbasy-dowkesen",
        "root_slug": "turkmenistan-dasoguz",
        "verification_status": "verification_required"
      },
      "geometry": {
        "type": "Point",
        "coordinates": [
          57.93891880000000327,
          42.02301400000000343
        ]
      }
    },
    {
      "type": "Feature",
      "properties": {
        "slug": "turkmenistan-dasoguz-saparmyrat-turkmenbasy-saparmyrat-turkmenbasy-dowkesen-dowkesen",
        "name_tm": "Döwkesen",
        "name_en": "Döwkesen",
        "name_ru": "Довкесен",
        "type": "village",
        "parent_slug": "turkmenistan-dasoguz-saparmyrat-turkmenbasy-saparmyrat-turkmenbasy-dowkesen",
        "root_slug": "turkmenistan-dasoguz",
        "verification_status": "verification_required"
      },
      "geometry": {
        "type": "Point",
        "coordinates": [
          58.36885490000000231,
          42.28193850000000253
        ]
      }
    },
    {
      "type": "Feature",
      "properties": {
        "slug": "turkmenistan-dasoguz-saparmyrat-turkmenbasy-saparmyrat-turkmenbasy-dowletli-dowletli",
        "name_tm": "Döwletli",
        "name_en": "Döwletli",
        "name_ru": "Довлетли",
        "type": "village",
        "parent_slug": "turkmenistan-dasoguz-saparmyrat-turkmenbasy-saparmyrat-turkmenbasy-dowletli",
        "root_slug": "turkmenistan-dasoguz",
        "verification_status": "verification_required"
      },
      "geometry": {
        "type": "Point",
        "coordinates": [
          58.57478749999999935,
          42.4019502000000017
        ]
      }
    },
    {
      "type": "Feature",
      "properties": {
        "slug": "turkmenistan-dasoguz-saparmyrat-turkmenbasy-saparmyrat-turkmenbasy-dowletli-duyetam",
        "name_tm": "Düýetam",
        "name_en": "Düýetam",
        "name_ru": "Дуйетам",
        "type": "village",
        "parent_slug": "turkmenistan-dasoguz-saparmyrat-turkmenbasy-saparmyrat-turkmenbasy-dowletli",
        "root_slug": "turkmenistan-dasoguz",
        "verification_status": "verification_required"
      },
      "geometry": {
        "type": "Point",
        "coordinates": [
          58.54887269999999689,
          42.43447030000000097
        ]
      }
    },
    {
      "type": "Feature",
      "properties": {
        "slug": "turkmenistan-dasoguz-saparmyrat-turkmenbasy-saparmyrat-turkmenbasy-dowletli-obasy",
        "name_tm": "Döwletli obasy",
        "name_en": "Döwletli obasy",
        "name_ru": "Довлетли обасы",
        "type": "village",
        "parent_slug": "turkmenistan-dasoguz-saparmyrat-turkmenbasy-saparmyrat-turkmenbasy",
        "root_slug": "turkmenistan-dasoguz",
        "verification_status": "verification_required"
      },
      "geometry": {
        "type": "Point",
        "coordinates": [
          58.57509579999999972,
          42.4025662999999966
        ]
      }
    },
    {
      "type": "Feature",
      "properties": {
        "slug": "turkmenistan-dasoguz-saparmyrat-turkmenbasy-saparmyrat-turkmenbasy-duyetam-obasy",
        "name_tm": "Düýetam obasy",
        "name_en": "Düýetam obasy",
        "name_ru": "Дуйетам обасы",
        "type": "village",
        "parent_slug": "turkmenistan-dasoguz-saparmyrat-turkmenbasy-saparmyrat-turkmenbasy",
        "root_slug": "turkmenistan-dasoguz",
        "verification_status": "verification_required"
      },
      "geometry": {
        "type": "Point",
        "coordinates": [
          58.55267659999999808,
          42.43407109999999704
        ]
      }
    },
    {
      "type": "Feature",
      "properties": {
        "slug": "turkmenistan-dasoguz-saparmyrat-turkmenbasy-saparmyrat-turkmenbasy-gallacy-ruhubelent",
        "name_tm": "Ruhubelent",
        "name_en": "Ruhubelent",
        "name_ru": "Рухубелент",
        "type": "village",
        "parent_slug": "turkmenistan-dasoguz-saparmyrat-turkmenbasy-saparmyrat-turkmenbasy-gallacy",
        "root_slug": "turkmenistan-dasoguz",
        "verification_status": "verification_required"
      },
      "geometry": {
        "type": "Point",
        "coordinates": [
          58.87367239999999669,
          42.59384860000000116
        ]
      }
    },
    {
      "type": "Feature",
      "properties": {
        "slug": "turkmenistan-dasoguz-saparmyrat-turkmenbasy-saparmyrat-turkmenbasy-garasac-obasy",
        "name_tm": "Garasaç obasy",
        "name_en": "Garasaç obasy",
        "name_ru": "Гарасач обасы",
        "type": "village",
        "parent_slug": "turkmenistan-dasoguz-saparmyrat-turkmenbasy-saparmyrat-turkmenbasy",
        "root_slug": "turkmenistan-dasoguz",
        "verification_status": "verification_required"
      },
      "geometry": {
        "type": "Point",
        "coordinates": [
          58.78181579999999685,
          42.42926510000000206
        ]
      }
    },
    {
      "type": "Feature",
      "properties": {
        "slug": "turkmenistan-dasoguz-saparmyrat-turkmenbasy-saparmyrat-turkmenbasy-garawulgala-obasy",
        "name_tm": "Garawulgala obasy",
        "name_en": "Garawulgala obasy",
        "name_ru": "Гаравулгала обасы",
        "type": "village",
        "parent_slug": "turkmenistan-dasoguz-saparmyrat-turkmenbasy-saparmyrat-turkmenbasy",
        "root_slug": "turkmenistan-dasoguz",
        "verification_status": "verification_required"
      },
      "geometry": {
        "type": "Point",
        "coordinates": [
          58.76565589999999873,
          42.29242330000000294
        ]
      }
    },
    {
      "type": "Feature",
      "properties": {
        "slug": "turkmenistan-dasoguz-saparmyrat-turkmenbasy-saparmyrat-turkmenbasy-gazakdegis-obasy",
        "name_tm": "Gazakdegiş obasy",
        "name_en": "Gazakdegiş obasy",
        "name_ru": "Газакдегиш обасы",
        "type": "village",
        "parent_slug": "turkmenistan-dasoguz-saparmyrat-turkmenbasy-saparmyrat-turkmenbasy",
        "root_slug": "turkmenistan-dasoguz",
        "verification_status": "verification_required"
      },
      "geometry": {
        "type": "Point",
        "coordinates": [
          58.46491400000000027,
          42.45262780000000191
        ]
      }
    },
    {
      "type": "Feature",
      "properties": {
        "slug": "turkmenistan-dasoguz-saparmyrat-turkmenbasy-saparmyrat-turkmenbasy-golyer-obasy",
        "name_tm": "Gölýer obasy",
        "name_en": "Gölýer obasy",
        "name_ru": "Голйер обасы",
        "type": "village",
        "parent_slug": "turkmenistan-dasoguz-saparmyrat-turkmenbasy-saparmyrat-turkmenbasy",
        "root_slug": "turkmenistan-dasoguz",
        "verification_status": "verification_required"
      },
      "geometry": {
        "type": "Point",
        "coordinates": [
          58.72257239999999712,
          42.46144309999999677
        ]
      }
    },
    {
      "type": "Feature",
      "properties": {
        "slug": "turkmenistan-dasoguz-saparmyrat-turkmenbasy-saparmyrat-turkmenbasy-gorelde-bakyyap",
        "name_tm": "Bakyýap",
        "name_en": "Bakyýap",
        "name_ru": "Бакыяп",
        "type": "village",
        "parent_slug": "turkmenistan-dasoguz-saparmyrat-turkmenbasy-saparmyrat-turkmenbasy-gorelde",
        "root_slug": "turkmenistan-dasoguz",
        "verification_status": "verification_required"
      },
      "geometry": {
        "type": "Point",
        "coordinates": [
          58.86196269999999942,
          42.44260040000000345
        ]
      }
    },
    {
      "type": "Feature",
      "properties": {
        "slug": "turkmenistan-dasoguz-saparmyrat-turkmenbasy-saparmyrat-turkmenbasy-gorelde-gumgacy",
        "name_tm": "Gumgaçy",
        "name_en": "Gumgaçy",
        "name_ru": "Гумгачы",
        "type": "village",
        "parent_slug": "turkmenistan-dasoguz-saparmyrat-turkmenbasy-saparmyrat-turkmenbasy-gorelde",
        "root_slug": "turkmenistan-dasoguz",
        "verification_status": "verification_required"
      },
      "geometry": {
        "type": "Point",
        "coordinates": [
          58.94522369999999967,
          42.40101510000000217
        ]
      }
    },
    {
      "type": "Feature",
      "properties": {
        "slug": "turkmenistan-dasoguz-saparmyrat-turkmenbasy-saparmyrat-turkmenbasy-gosahowly-arzuw",
        "name_tm": "Arzuw",
        "name_en": "Arzuw",
        "name_ru": "Арзув",
        "type": "village",
        "parent_slug": "turkmenistan-dasoguz-saparmyrat-turkmenbasy-saparmyrat-turkmenbasy-gosahowly",
        "root_slug": "turkmenistan-dasoguz",
        "verification_status": "verification_required"
      },
      "geometry": {
        "type": "Point",
        "coordinates": [
          58.6361662999999993,
          42.46944270000000187
        ]
      }
    },
    {
      "type": "Feature",
      "properties": {
        "slug": "turkmenistan-dasoguz-saparmyrat-turkmenbasy-saparmyrat-turkmenbasy-gosahowly-bastam",
        "name_tm": "Bäştam",
        "name_en": "Bäştam",
        "name_ru": "Баштам",
        "type": "village",
        "parent_slug": "turkmenistan-dasoguz-saparmyrat-turkmenbasy-saparmyrat-turkmenbasy-gosahowly",
        "root_slug": "turkmenistan-dasoguz",
        "verification_status": "verification_required"
      },
      "geometry": {
        "type": "Point",
        "coordinates": [
          58.58244640000000202,
          42.46761049999999927
        ]
      }
    },
    {
      "type": "Feature",
      "properties": {
        "slug": "turkmenistan-dasoguz-saparmyrat-turkmenbasy-saparmyrat-turkmenbasy-gosahowly-gosahowly",
        "name_tm": "Goşahowly",
        "name_en": "Goşahowly",
        "name_ru": "Гошаховлы",
        "type": "village",
        "parent_slug": "turkmenistan-dasoguz-saparmyrat-turkmenbasy-saparmyrat-turkmenbasy-gosahowly",
        "root_slug": "turkmenistan-dasoguz",
        "verification_status": "verification_required"
      },
      "geometry": {
        "type": "Point",
        "coordinates": [
          58.59190449999999828,
          42.50548069999999968
        ]
      }
    },
    {
      "type": "Feature",
      "properties": {
        "slug": "turkmenistan-dasoguz-saparmyrat-turkmenbasy-saparmyrat-turkmenbasy-gosahowly-kyrkguyy",
        "name_tm": "Kyrkguýy",
        "name_en": "Kyrkguýy",
        "name_ru": "Кыркгуйы",
        "type": "village",
        "parent_slug": "turkmenistan-dasoguz-saparmyrat-turkmenbasy-saparmyrat-turkmenbasy-gosahowly",
        "root_slug": "turkmenistan-dasoguz",
        "verification_status": "verification_required"
      },
      "geometry": {
        "type": "Point",
        "coordinates": [
          58.60509619999999842,
          42.45504439999999847
        ]
      }
    },
    {
      "type": "Feature",
      "properties": {
        "slug": "turkmenistan-dasoguz-saparmyrat-turkmenbasy-saparmyrat-turkmenbasy-gosahowly-pesanalydepe",
        "name_tm": "Peşanalydepe",
        "name_en": "Peşanalydepe",
        "name_ru": "Пешаналыдепе",
        "type": "village",
        "parent_slug": "turkmenistan-dasoguz-saparmyrat-turkmenbasy-saparmyrat-turkmenbasy-gosahowly",
        "root_slug": "turkmenistan-dasoguz",
        "verification_status": "verification_required"
      },
      "geometry": {
        "type": "Point",
        "coordinates": [
          58.66419659999999681,
          42.44131300000000095
        ]
      }
    },
    {
      "type": "Feature",
      "properties": {
        "slug": "turkmenistan-dasoguz-saparmyrat-turkmenbasy-saparmyrat-turkmenbasy-gunesli-turkmenistan-gazakdegis",
        "name_tm": "Gazakdegiş",
        "name_en": "Gazakdegiş",
        "name_ru": "Газакдегиш",
        "type": "village",
        "parent_slug": "turkmenistan-dasoguz-saparmyrat-turkmenbasy-saparmyrat-turkmenbasy-gunesli-turkmenistan",
        "root_slug": "turkmenistan-dasoguz",
        "verification_status": "verification_required"
      },
      "geometry": {
        "type": "Point",
        "coordinates": [
          58.46729739999999965,
          42.45382440000000201
        ]
      }
    },
    {
      "type": "Feature",
      "properties": {
        "slug": "turkmenistan-dasoguz-saparmyrat-turkmenbasy-saparmyrat-turkmenbasy-gunesli-turkmenistan-ustyurt",
        "name_tm": "Üstýurt",
        "name_en": "Üstýurt",
        "name_ru": "Устюрт",
        "type": "village",
        "parent_slug": "turkmenistan-dasoguz-saparmyrat-turkmenbasy-saparmyrat-turkmenbasy-gunesli-turkmenistan",
        "root_slug": "turkmenistan-dasoguz",
        "verification_status": "verification_required"
      },
      "geometry": {
        "type": "Point",
        "coordinates": [
          58.38978829999999932,
          42.45061340000000171
        ]
      }
    },
    {
      "type": "Feature",
      "properties": {
        "slug": "turkmenistan-dasoguz-saparmyrat-turkmenbasy-saparmyrat-turkmenbasy-gyzyljagala-eminhowly",
        "name_tm": "Eminhowly",
        "name_en": "Eminhowly",
        "name_ru": "Еминховлы",
        "type": "village",
        "parent_slug": "turkmenistan-dasoguz-saparmyrat-turkmenbasy-saparmyrat-turkmenbasy-gyzyljagala",
        "root_slug": "turkmenistan-dasoguz",
        "verification_status": "verification_required"
      },
      "geometry": {
        "type": "Point",
        "coordinates": [
          58.87404360000000025,
          42.39833649999999921
        ]
      }
    },
    {
      "type": "Feature",
      "properties": {
        "slug": "turkmenistan-dasoguz-saparmyrat-turkmenbasy-saparmyrat-turkmenbasy-gyzyljagala-garadepe",
        "name_tm": "Garadepe",
        "name_en": "Garadepe",
        "name_ru": "Гарадепе",
        "type": "village",
        "parent_slug": "turkmenistan-dasoguz-saparmyrat-turkmenbasy-saparmyrat-turkmenbasy-gyzyljagala",
        "root_slug": "turkmenistan-dasoguz",
        "verification_status": "verification_required"
      },
      "geometry": {
        "type": "Point",
        "coordinates": [
          58.84839910000000173,
          42.39838160000000044
        ]
      }
    },
    {
      "type": "Feature",
      "properties": {
        "slug": "turkmenistan-dasoguz-saparmyrat-turkmenbasy-saparmyrat-turkmenbasy-gyzyljagala-genesligi",
        "name_tm": "Gyzyljagala geňeşligi",
        "name_en": "Gyzyljagala rural council",
        "name_ru": "Гызылжагала генешлиги",
        "type": "village",
        "parent_slug": "turkmenistan-dasoguz-saparmyrat-turkmenbasy-saparmyrat-turkmenbasy",
        "root_slug": "turkmenistan-dasoguz",
        "verification_status": "verification_required"
      },
      "geometry": {
        "type": "Point",
        "coordinates": [
          58.89014840000000106,
          42.37134100000000103
        ]
      }
    },
    {
      "type": "Feature",
      "properties": {
        "slug": "turkmenistan-dasoguz-saparmyrat-turkmenbasy-saparmyrat-turkmenbasy-gyzyljagala-gyzyljagala",
        "name_tm": "Gyzyljagala",
        "name_en": "Gyzyljagala",
        "name_ru": "Гызылжагала",
        "type": "village",
        "parent_slug": "turkmenistan-dasoguz-saparmyrat-turkmenbasy-saparmyrat-turkmenbasy-gyzyljagala",
        "root_slug": "turkmenistan-dasoguz",
        "verification_status": "verification_required"
      },
      "geometry": {
        "type": "Point",
        "coordinates": [
          58.80216469999999874,
          42.40804519999999655
        ]
      }
    },
    {
      "type": "Feature",
      "properties": {
        "slug": "turkmenistan-dasoguz-saparmyrat-turkmenbasy-saparmyrat-turkmenbasy-gyzyljagala-hojaly",
        "name_tm": "Hojaly",
        "name_en": "Hojaly",
        "name_ru": "Хожалы",
        "type": "village",
        "parent_slug": "turkmenistan-dasoguz-saparmyrat-turkmenbasy-saparmyrat-turkmenbasy-gyzyljagala",
        "root_slug": "turkmenistan-dasoguz",
        "verification_status": "verification_required"
      },
      "geometry": {
        "type": "Point",
        "coordinates": [
          58.92697820000000064,
          42.37852720000000061
        ]
      }
    },
    {
      "type": "Feature",
      "properties": {
        "slug": "turkmenistan-dasoguz-saparmyrat-turkmenbasy-saparmyrat-turkmenbasy-gyzyljagala-obasy",
        "name_tm": "Gyzyljagala obasy",
        "name_en": "Gyzyljagala obasy",
        "name_ru": "Гызылжагала обасы",
        "type": "village",
        "parent_slug": "turkmenistan-dasoguz-saparmyrat-turkmenbasy-saparmyrat-turkmenbasy",
        "root_slug": "turkmenistan-dasoguz",
        "verification_status": "verification_required"
      },
      "geometry": {
        "type": "Point",
        "coordinates": [
          58.80096720000000232,
          42.40500839999999983
        ]
      }
    },
    {
      "type": "Feature",
      "properties": {
        "slug": "turkmenistan-dasoguz-saparmyrat-turkmenbasy-saparmyrat-turkmenbasy-gyzyltam-obasy",
        "name_tm": "Gyzyltam obasy",
        "name_en": "Gyzyltam obasy",
        "name_ru": "Гызылтам обасы",
        "type": "village",
        "parent_slug": "turkmenistan-dasoguz-saparmyrat-turkmenbasy-saparmyrat-turkmenbasy",
        "root_slug": "turkmenistan-dasoguz",
        "verification_status": "verification_required"
      },
      "geometry": {
        "type": "Point",
        "coordinates": [
          58.63218779999999697,
          42.15653189999999739
        ]
      }
    },
    {
      "type": "Feature",
      "properties": {
        "slug": "turkmenistan-dasoguz-saparmyrat-turkmenbasy-saparmyrat-turkmenbasy-hojaly-obasy",
        "name_tm": "Hojaly obasy",
        "name_en": "Hojaly obasy",
        "name_ru": "Хожалы обасы",
        "type": "village",
        "parent_slug": "turkmenistan-dasoguz-saparmyrat-turkmenbasy-saparmyrat-turkmenbasy",
        "root_slug": "turkmenistan-dasoguz",
        "verification_status": "verification_required"
      },
      "geometry": {
        "type": "Point",
        "coordinates": [
          58.870554300000002,
          42.38128780000000262
        ]
      }
    },
    {
      "type": "Feature",
      "properties": {
        "slug": "turkmenistan-dasoguz-saparmyrat-turkmenbasy-saparmyrat-turkmenbasy-kemeryylgyn-obasy",
        "name_tm": "Kemerýylgyn obasy",
        "name_en": "Kemerýylgyn obasy",
        "name_ru": "Кемерйылгын обасы",
        "type": "village",
        "parent_slug": "turkmenistan-dasoguz-saparmyrat-turkmenbasy-saparmyrat-turkmenbasy",
        "root_slug": "turkmenistan-dasoguz",
        "verification_status": "verification_required"
      },
      "geometry": {
        "type": "Point",
        "coordinates": [
          58.57414479999999913,
          42.48263740000000154
        ]
      }
    },
    {
      "type": "Feature",
      "properties": {
        "slug": "turkmenistan-dasoguz-saparmyrat-turkmenbasy-saparmyrat-turkmenbasy-mollaoraz-hojamammedow-adyndaky-garryyasga",
        "name_tm": "Garryýasga",
        "name_en": "Garryýasga",
        "name_ru": "Гаррыясга",
        "type": "village",
        "parent_slug": "turkmenistan-dasoguz-saparmyrat-turkmenbasy-saparmyrat-turkmenbasy-mollaoraz-hojamammedow-adyndaky",
        "root_slug": "turkmenistan-dasoguz",
        "verification_status": "verification_required"
      },
      "geometry": {
        "type": "Point",
        "coordinates": [
          58.76961539999999929,
          42.36894279999999924
        ]
      }
    },
    {
      "type": "Feature",
      "properties": {
        "slug": "turkmenistan-dasoguz-saparmyrat-turkmenbasy-saparmyrat-turkmenbasy-mollaoraz-hojamammedow-adyndaky-gatylyk",
        "name_tm": "Gatylyk",
        "name_en": "Gatylyk",
        "name_ru": "Гатылык",
        "type": "village",
        "parent_slug": "turkmenistan-dasoguz-saparmyrat-turkmenbasy-saparmyrat-turkmenbasy-mollaoraz-hojamammedow-adyndaky",
        "root_slug": "turkmenistan-dasoguz",
        "verification_status": "verification_required"
      },
      "geometry": {
        "type": "Point",
        "coordinates": [
          58.8411260000000027,
          42.3469200999999984
        ]
      }
    },
    {
      "type": "Feature",
      "properties": {
        "slug": "turkmenistan-dasoguz-saparmyrat-turkmenbasy-saparmyrat-turkmenbasy-mollaoraz-hojamammedow-adyndaky-guyulyk",
        "name_tm": "Guýulyk",
        "name_en": "Guýulyk",
        "name_ru": "Гуюлык",
        "type": "village",
        "parent_slug": "turkmenistan-dasoguz-saparmyrat-turkmenbasy-saparmyrat-turkmenbasy-mollaoraz-hojamammedow-adyndaky",
        "root_slug": "turkmenistan-dasoguz",
        "verification_status": "verification_required"
      },
      "geometry": {
        "type": "Point",
        "coordinates": [
          58.83823089999999923,
          42.36802649999999915
        ]
      }
    },
    {
      "type": "Feature",
      "properties": {
        "slug": "turkmenistan-dasoguz-saparmyrat-turkmenbasy-saparmyrat-turkmenbasy-nazly-gylyjow-adyndaky-gyzylcaryk",
        "name_tm": "Gyzylçaryk",
        "name_en": "Gyzylçaryk",
        "name_ru": "Гызылчарык",
        "type": "village",
        "parent_slug": "turkmenistan-dasoguz-saparmyrat-turkmenbasy-saparmyrat-turkmenbasy-nazly-gylyjow-adyndaky",
        "root_slug": "turkmenistan-dasoguz",
        "verification_status": "verification_required"
      },
      "geometry": {
        "type": "Point",
        "coordinates": [
          58.97623300000000057,
          42.42634699999999981
        ]
      }
    },
    {
      "type": "Feature",
      "properties": {
        "slug": "turkmenistan-dasoguz-saparmyrat-turkmenbasy-saparmyrat-turkmenbasy-nazly-gylyjow-adyndaky-yekeagacly",
        "name_tm": "Ýekeagaçly",
        "name_en": "Ýekeagaçly",
        "name_ru": "Йекеагачлы",
        "type": "village",
        "parent_slug": "turkmenistan-dasoguz-saparmyrat-turkmenbasy-saparmyrat-turkmenbasy-nazly-gylyjow-adyndaky",
        "root_slug": "turkmenistan-dasoguz",
        "verification_status": "verification_required"
      },
      "geometry": {
        "type": "Point",
        "coordinates": [
          58.91469140000000237,
          42.43744399999999928
        ]
      }
    },
    {
      "type": "Feature",
      "properties": {
        "slug": "turkmenistan-dasoguz-saparmyrat-turkmenbasy-saparmyrat-turkmenbasy-parahat-dawalykol",
        "name_tm": "Dawalyköl",
        "name_en": "Dawalyköl",
        "name_ru": "Давалыкол",
        "type": "village",
        "parent_slug": "turkmenistan-dasoguz-saparmyrat-turkmenbasy-saparmyrat-turkmenbasy-parahat",
        "root_slug": "turkmenistan-dasoguz",
        "verification_status": "verification_required"
      },
      "geometry": {
        "type": "Point",
        "coordinates": [
          58.74129179999999906,
          42.49536309999999873
        ]
      }
    },
    {
      "type": "Feature",
      "properties": {
        "slug": "turkmenistan-dasoguz-saparmyrat-turkmenbasy-saparmyrat-turkmenbasy-parahat-golyer",
        "name_tm": "Gölýer",
        "name_en": "Gölýer",
        "name_ru": "Голйер",
        "type": "village",
        "parent_slug": "turkmenistan-dasoguz-saparmyrat-turkmenbasy-saparmyrat-turkmenbasy-parahat",
        "root_slug": "turkmenistan-dasoguz",
        "verification_status": "verification_required"
      },
      "geometry": {
        "type": "Point",
        "coordinates": [
          58.72931239999999776,
          42.45790579999999892
        ]
      }
    },
    {
      "type": "Feature",
      "properties": {
        "slug": "turkmenistan-dasoguz-saparmyrat-turkmenbasy-saparmyrat-turkmenbasy-parahat-senner",
        "name_tm": "Seňňer",
        "name_en": "Seňňer",
        "name_ru": "Сеннер",
        "type": "village",
        "parent_slug": "turkmenistan-dasoguz-saparmyrat-turkmenbasy-saparmyrat-turkmenbasy-parahat",
        "root_slug": "turkmenistan-dasoguz",
        "verification_status": "verification_required"
      },
      "geometry": {
        "type": "Point",
        "coordinates": [
          58.76248809999999879,
          42.45673200000000235
        ]
      }
    },
    {
      "type": "Feature",
      "properties": {
        "slug": "turkmenistan-dasoguz-saparmyrat-turkmenbasy-saparmyrat-turkmenbasy-pesanalydepe-obasy",
        "name_tm": "Peşanalydepe obasy",
        "name_en": "Peşanalydepe obasy",
        "name_ru": "Пешаналыдепе обасы",
        "type": "village",
        "parent_slug": "turkmenistan-dasoguz-saparmyrat-turkmenbasy-saparmyrat-turkmenbasy",
        "root_slug": "turkmenistan-dasoguz",
        "verification_status": "verification_required"
      },
      "geometry": {
        "type": "Point",
        "coordinates": [
          58.66221529999999973,
          42.44181389999999965
        ]
      }
    },
    {
      "type": "Feature",
      "properties": {
        "slug": "turkmenistan-dasoguz-saparmyrat-turkmenbasy-saparmyrat-turkmenbasy-ruhabat-ruhabat",
        "name_tm": "Ruhabat",
        "name_en": "Ruhabat",
        "name_ru": "Рухабат",
        "type": "village",
        "parent_slug": "turkmenistan-dasoguz-saparmyrat-turkmenbasy-saparmyrat-turkmenbasy-ruhabat",
        "root_slug": "turkmenistan-dasoguz",
        "verification_status": "verification_required"
      },
      "geometry": {
        "type": "Point",
        "coordinates": [
          58.81411119999999926,
          42.45839809999999658
        ]
      }
    },
    {
      "type": "Feature",
      "properties": {
        "slug": "turkmenistan-dasoguz-saparmyrat-turkmenbasy-saparmyrat-turkmenbasy-samahy-obasy",
        "name_tm": "Şamahy obasy",
        "name_en": "Şamahy obasy",
        "name_ru": "Шамахы обасы",
        "type": "village",
        "parent_slug": "turkmenistan-dasoguz-saparmyrat-turkmenbasy-saparmyrat-turkmenbasy",
        "root_slug": "turkmenistan-dasoguz",
        "verification_status": "verification_required"
      },
      "geometry": {
        "type": "Point",
        "coordinates": [
          58.55337029999999743,
          42.3381212999999974
        ]
      }
    },
    {
      "type": "Feature",
      "properties": {
        "slug": "turkmenistan-dasoguz-saparmyrat-turkmenbasy-saparmyrat-turkmenbasy-samahy-samahy",
        "name_tm": "Şamahy",
        "name_en": "Şamahy",
        "name_ru": "Шамахы",
        "type": "village",
        "parent_slug": "turkmenistan-dasoguz-saparmyrat-turkmenbasy-saparmyrat-turkmenbasy-samahy",
        "root_slug": "turkmenistan-dasoguz",
        "verification_status": "verification_required"
      },
      "geometry": {
        "type": "Point",
        "coordinates": [
          58.54214160000000077,
          42.33762480000000039
        ]
      }
    },
    {
      "type": "Feature",
      "properties": {
        "slug": "turkmenistan-dasoguz-saparmyrat-turkmenbasy-saparmyrat-turkmenbasy-saparmat-hojayew-adyndaky-kicigum",
        "name_tm": "Kiçigum",
        "name_en": "Kiçigum",
        "name_ru": "Кичигум",
        "type": "village",
        "parent_slug": "turkmenistan-dasoguz-saparmyrat-turkmenbasy-saparmyrat-turkmenbasy-saparmat-hojayew-adyndaky",
        "root_slug": "turkmenistan-dasoguz",
        "verification_status": "verification_required"
      },
      "geometry": {
        "type": "Point",
        "coordinates": [
          58.56490600000000057,
          42.18458439999999854
        ]
      }
    },
    {
      "type": "Feature",
      "properties": {
        "slug": "turkmenistan-dasoguz-saparmyrat-turkmenbasy-saparmyrat-turkmenbasy-sarawyap-obasy",
        "name_tm": "Şarawýap obasy",
        "name_en": "Şarawýap obasy",
        "name_ru": "Шаравяп обасы",
        "type": "village",
        "parent_slug": "turkmenistan-dasoguz-saparmyrat-turkmenbasy-saparmyrat-turkmenbasy",
        "root_slug": "turkmenistan-dasoguz",
        "verification_status": "verification_required"
      },
      "geometry": {
        "type": "Point",
        "coordinates": [
          58.80623469999999742,
          42.30302559999999801
        ]
      }
    },
    {
      "type": "Feature",
      "properties": {
        "slug": "turkmenistan-dasoguz-saparmyrat-turkmenbasy-saparmyrat-turkmenbasy-sarygamys-gyzyltam",
        "name_tm": "Gyzyltam",
        "name_en": "Gyzyltam",
        "name_ru": "Гызылтам",
        "type": "village",
        "parent_slug": "turkmenistan-dasoguz-saparmyrat-turkmenbasy-saparmyrat-turkmenbasy-sarygamys",
        "root_slug": "turkmenistan-dasoguz",
        "verification_status": "verification_required"
      },
      "geometry": {
        "type": "Point",
        "coordinates": [
          58.62984039999999908,
          42.15484219999999737
        ]
      }
    },
    {
      "type": "Feature",
      "properties": {
        "slug": "turkmenistan-dasoguz-saparmyrat-turkmenbasy-saparmyrat-turkmenbasy-sarygamys-sarygamys",
        "name_tm": "Sarygamyş",
        "name_en": "Sarygamyş",
        "name_ru": "Сарыгамыш",
        "type": "village",
        "parent_slug": "turkmenistan-dasoguz-saparmyrat-turkmenbasy-saparmyrat-turkmenbasy-sarygamys",
        "root_slug": "turkmenistan-dasoguz",
        "verification_status": "verification_required"
      },
      "geometry": {
        "type": "Point",
        "coordinates": [
          58.67789259999999985,
          42.14036860000000217
        ]
      }
    },
    {
      "type": "Feature",
      "properties": {
        "slug": "turkmenistan-dasoguz-saparmyrat-turkmenbasy-saparmyrat-turkmenbasy-sarygamys-selmelikol",
        "name_tm": "Selmeliköl",
        "name_en": "Selmeliköl",
        "name_ru": "Селмеликол",
        "type": "village",
        "parent_slug": "turkmenistan-dasoguz-saparmyrat-turkmenbasy-saparmyrat-turkmenbasy-sarygamys",
        "root_slug": "turkmenistan-dasoguz",
        "verification_status": "verification_required"
      },
      "geometry": {
        "type": "Point",
        "coordinates": [
          58.64107130000000012,
          42.13502230000000282
        ]
      }
    },
    {
      "type": "Feature",
      "properties": {
        "slug": "turkmenistan-dasoguz-saparmyrat-turkmenbasy-saparmyrat-turkmenbasy-sazakyap-obasy",
        "name_tm": "Sazakýap obasy",
        "name_en": "Sazakýap obasy",
        "name_ru": "Сазакяп обасы",
        "type": "village",
        "parent_slug": "turkmenistan-dasoguz-saparmyrat-turkmenbasy-saparmyrat-turkmenbasy",
        "root_slug": "turkmenistan-dasoguz",
        "verification_status": "verification_required"
      },
      "geometry": {
        "type": "Point",
        "coordinates": [
          58.74174800000000118,
          42.41854589999999803
        ]
      }
    },
    {
      "type": "Feature",
      "properties": {
        "slug": "turkmenistan-dasoguz-saparmyrat-turkmenbasy-saparmyrat-turkmenbasy-serdar-ayrycagyl",
        "name_tm": "Aýryçagyl",
        "name_en": "Aýryçagyl",
        "name_ru": "Айрычагыл",
        "type": "village",
        "parent_slug": "turkmenistan-dasoguz-saparmyrat-turkmenbasy-saparmyrat-turkmenbasy-serdar",
        "root_slug": "turkmenistan-dasoguz",
        "verification_status": "verification_required"
      },
      "geometry": {
        "type": "Point",
        "coordinates": [
          58.64520850000000251,
          42.60104319999999945
        ]
      }
    },
    {
      "type": "Feature",
      "properties": {
        "slug": "turkmenistan-dasoguz-saparmyrat-turkmenbasy-saparmyrat-turkmenbasy-serdar-serdar",
        "name_tm": "Serdar",
        "name_en": "Serdar",
        "name_ru": "Сердар",
        "type": "village",
        "parent_slug": "turkmenistan-dasoguz-saparmyrat-turkmenbasy-saparmyrat-turkmenbasy-serdar",
        "root_slug": "turkmenistan-dasoguz",
        "verification_status": "verification_required"
      },
      "geometry": {
        "type": "Point",
        "coordinates": [
          58.66921039999999721,
          42.62090160000000339
        ]
      }
    },
    {
      "type": "Feature",
      "properties": {
        "slug": "turkmenistan-dasoguz-saparmyrat-turkmenbasy-saparmyrat-turkmenbasy-tazedurmus-dassaka",
        "name_tm": "Daşsaka",
        "name_en": "Daşsaka",
        "name_ru": "Дашсака",
        "type": "village",
        "parent_slug": "turkmenistan-dasoguz-saparmyrat-turkmenbasy-saparmyrat-turkmenbasy-tazedurmus",
        "root_slug": "turkmenistan-dasoguz",
        "verification_status": "verification_required"
      },
      "geometry": {
        "type": "Point",
        "coordinates": [
          58.61896990000000329,
          42.35052029999999946
        ]
      }
    },
    {
      "type": "Feature",
      "properties": {
        "slug": "turkmenistan-dasoguz-saparmyrat-turkmenbasy-saparmyrat-turkmenbasy-tazedurmus-uctam",
        "name_tm": "Üçtam",
        "name_en": "Üçtam",
        "name_ru": "Учтам",
        "type": "village",
        "parent_slug": "turkmenistan-dasoguz-saparmyrat-turkmenbasy-saparmyrat-turkmenbasy-tazedurmus",
        "root_slug": "turkmenistan-dasoguz",
        "verification_status": "verification_required"
      },
      "geometry": {
        "type": "Point",
        "coordinates": [
          58.57955799999999869,
          42.35818600000000345
        ]
      }
    },
    {
      "type": "Feature",
      "properties": {
        "slug": "turkmenistan-dasoguz-saparmyrat-turkmenbasy-saparmyrat-turkmenbasy-uctam-obasy",
        "name_tm": "Üçtam obasy",
        "name_en": "Üçtam obasy",
        "name_ru": "Учтам обасы",
        "type": "village",
        "parent_slug": "turkmenistan-dasoguz-saparmyrat-turkmenbasy-saparmyrat-turkmenbasy",
        "root_slug": "turkmenistan-dasoguz",
        "verification_status": "verification_required"
      },
      "geometry": {
        "type": "Point",
        "coordinates": [
          58.57847639999999956,
          42.3588793999999993
        ]
      }
    },
    {
      "type": "Feature",
      "properties": {
        "slug": "turkmenistan-dasoguz-saparmyrat-turkmenbasy-saparmyrat-turkmenbasy-yalkym-akyap",
        "name_tm": "Akýap",
        "name_en": "Akýap",
        "name_ru": "Акяп",
        "type": "village",
        "parent_slug": "turkmenistan-dasoguz-saparmyrat-turkmenbasy-saparmyrat-turkmenbasy-yalkym",
        "root_slug": "turkmenistan-dasoguz",
        "verification_status": "verification_required"
      },
      "geometry": {
        "type": "Point",
        "coordinates": [
          58.95014749999999993,
          42.30594349999999793
        ]
      }
    },
    {
      "type": "Feature",
      "properties": {
        "slug": "turkmenistan-dasoguz-saparmyrat-turkmenbasy-saparmyrat-turkmenbasy-yalkym-annaoy",
        "name_tm": "Annaoý",
        "name_en": "Annaoý",
        "name_ru": "Аннаой",
        "type": "village",
        "parent_slug": "turkmenistan-dasoguz-saparmyrat-turkmenbasy-saparmyrat-turkmenbasy-yalkym",
        "root_slug": "turkmenistan-dasoguz",
        "verification_status": "verification_required"
      },
      "geometry": {
        "type": "Point",
        "coordinates": [
          58.8399805000000029,
          42.31414540000000101
        ]
      }
    },
    {
      "type": "Feature",
      "properties": {
        "slug": "turkmenistan-dasoguz-saparmyrat-turkmenbasy-saparmyrat-turkmenbasy-yalkym-badasuw",
        "name_tm": "Badasuw",
        "name_en": "Badasuw",
        "name_ru": "Бадасув",
        "type": "village",
        "parent_slug": "turkmenistan-dasoguz-saparmyrat-turkmenbasy-saparmyrat-turkmenbasy-yalkym",
        "root_slug": "turkmenistan-dasoguz",
        "verification_status": "verification_required"
      },
      "geometry": {
        "type": "Point",
        "coordinates": [
          58.93876860000000306,
          42.2750848000000019
        ]
      }
    },
    {
      "type": "Feature",
      "properties": {
        "slug": "turkmenistan-dasoguz-saparmyrat-turkmenbasy-saparmyrat-turkmenbasy-yalkym-gusbegi",
        "name_tm": "Guşbegi",
        "name_en": "Guşbegi",
        "name_ru": "Гушбеги",
        "type": "village",
        "parent_slug": "turkmenistan-dasoguz-saparmyrat-turkmenbasy-saparmyrat-turkmenbasy-yalkym",
        "root_slug": "turkmenistan-dasoguz",
        "verification_status": "verification_required"
      },
      "geometry": {
        "type": "Point",
        "coordinates": [
          58.98035990000000339,
          42.29883370000000298
        ]
      }
    },
    {
      "type": "Feature",
      "properties": {
        "slug": "turkmenistan-dasoguz-saparmyrat-turkmenbasy-saparmyrat-turkmenbasy-yalkym-torannyly",
        "name_tm": "Toraňňyly",
        "name_en": "Toraňňyly",
        "name_ru": "Тораннылы",
        "type": "village",
        "parent_slug": "turkmenistan-dasoguz-saparmyrat-turkmenbasy-saparmyrat-turkmenbasy-yalkym",
        "root_slug": "turkmenistan-dasoguz",
        "verification_status": "verification_required"
      },
      "geometry": {
        "type": "Point",
        "coordinates": [
          58.89384259999999927,
          42.2948974999999976
        ]
      }
    },
    {
      "type": "Feature",
      "properties": {
        "slug": "turkmenistan-dasoguz-saparmyrat-turkmenbasy-saparmyrat-turkmenbasy-yalkym-uzynsuw",
        "name_tm": "Uzynsuw",
        "name_en": "Uzynsuw",
        "name_ru": "Узынсув",
        "type": "village",
        "parent_slug": "turkmenistan-dasoguz-saparmyrat-turkmenbasy-saparmyrat-turkmenbasy-yalkym",
        "root_slug": "turkmenistan-dasoguz",
        "verification_status": "verification_required"
      },
      "geometry": {
        "type": "Point",
        "coordinates": [
          58.87903250000000099,
          42.27548670000000186
        ]
      }
    },
    {
      "type": "Feature",
      "properties": {
        "slug": "turkmenistan-dasoguz-saparmyrat-turkmenbasy-saparmyrat-turkmenbasy-yekesowut",
        "name_tm": "Ýekesöwüt",
        "name_en": "Ýekesöwüt",
        "name_ru": "Екесовут",
        "type": "village",
        "parent_slug": "turkmenistan-dasoguz-saparmyrat-turkmenbasy-saparmyrat-turkmenbasy",
        "root_slug": "turkmenistan-dasoguz",
        "verification_status": "verification_required"
      },
      "geometry": {
        "type": "Point",
        "coordinates": [
          59.27938340000000039,
          41.99885009999999852
        ]
      }
    },
    {
      "type": "Feature",
      "properties": {
        "slug": "turkmenistan-dasoguz-saparmyrat-turkmenbasy-saparmyrat-turkmenbasy-yenis-nefereoy",
        "name_tm": "Nefereoý",
        "name_en": "Nefereoý",
        "name_ru": "Нефереой",
        "type": "village",
        "parent_slug": "turkmenistan-dasoguz-saparmyrat-turkmenbasy-saparmyrat-turkmenbasy-yenis",
        "root_slug": "turkmenistan-dasoguz",
        "verification_status": "verification_required"
      },
      "geometry": {
        "type": "Point",
        "coordinates": [
          58.49733940000000131,
          42.42248949999999752
        ]
      }
    },
    {
      "type": "Feature",
      "properties": {
        "slug": "turkmenistan-dasoguz-saparmyrat-turkmenbasy-saparmyrat-turkmenbasy-yenis-obasy",
        "name_tm": "Yeňiş obasy",
        "name_en": "Yeňiş obasy",
        "name_ru": "Ыениш обасы",
        "type": "village",
        "parent_slug": "turkmenistan-dasoguz-saparmyrat-turkmenbasy-saparmyrat-turkmenbasy",
        "root_slug": "turkmenistan-dasoguz",
        "verification_status": "verification_required"
      },
      "geometry": {
        "type": "Point",
        "coordinates": [
          58.55807440000000241,
          42.41504979999999847
        ]
      }
    },
    {
      "type": "Feature",
      "properties": {
        "slug": "turkmenistan-dasoguz-saparmyrat-turkmenbasy-saparmyrat-turkmenbasy-yenis-yenis",
        "name_tm": "Yeňiş",
        "name_en": "Yeňiş",
        "name_ru": "Ыениш",
        "type": "village",
        "parent_slug": "turkmenistan-dasoguz-saparmyrat-turkmenbasy-saparmyrat-turkmenbasy-yenis",
        "root_slug": "turkmenistan-dasoguz",
        "verification_status": "verification_required"
      },
      "geometry": {
        "type": "Point",
        "coordinates": [
          58.54663010000000156,
          42.41279540000000025
        ]
      }
    },
    {
      "type": "Feature",
      "properties": {
        "slug": "turkmenistan-dasoguz-saparmyrat-turkmenbasy-satlyk-obasy",
        "name_tm": "Şatlyk obasy",
        "name_en": "Şatlyk obasy",
        "name_ru": "Шатлык обасы",
        "type": "village",
        "parent_slug": "turkmenistan-dasoguz-saparmyrat-turkmenbasy",
        "root_slug": "turkmenistan-dasoguz",
        "verification_status": "verification_required"
      },
      "geometry": {
        "type": "Point",
        "coordinates": [
          59.83934949999999731,
          41.77176039999999802
        ]
      }
    },
    {
      "type": "Feature",
      "properties": {
        "slug": "turkmenistan-dasoguz-saparmyrat-turkmenbasy-syhgala",
        "name_tm": "Şyhgala",
        "name_en": "Şyhgala",
        "name_ru": "Шыхгала",
        "type": "village",
        "parent_slug": "turkmenistan-dasoguz-saparmyrat-turkmenbasy",
        "root_slug": "turkmenistan-dasoguz",
        "verification_status": "verification_required"
      },
      "geometry": {
        "type": "Point",
        "coordinates": [
          60.0842201999999972,
          41.87039790000000039
        ]
      }
    },
    {
      "type": "Feature",
      "properties": {
        "slug": "turkmenistan-dayhanbent",
        "name_tm": "Daýhanbent",
        "name_en": "Daýhanbent",
        "name_ru": "Дайханбент",
        "type": "village",
        "parent_slug": "turkmenistan",
        "root_slug": null,
        "verification_status": "verification_required"
      },
      "geometry": {
        "type": "Point",
        "coordinates": [
          62.45835569999999848,
          37.17685819999999808
        ]
      }
    },
    {
      "type": "Feature",
      "properties": {
        "slug": "turkmenistan-deryalyk",
        "name_tm": "Derýalyk",
        "name_en": "Derýalyk",
        "name_ru": "Дерялык",
        "type": "village",
        "parent_slug": "turkmenistan",
        "root_slug": null,
        "verification_status": "verification_required"
      },
      "geometry": {
        "type": "Point",
        "coordinates": [
          59.66129930000000314,
          41.82095919999999722
        ]
      }
    },
    {
      "type": "Feature",
      "properties": {
        "slug": "turkmenistan-dostluk",
        "name_tm": "Dostluk",
        "name_en": "Dostluk",
        "name_ru": "Достлук",
        "type": "village",
        "parent_slug": "turkmenistan",
        "root_slug": null,
        "verification_status": "verification_required"
      },
      "geometry": {
        "type": "Point",
        "coordinates": [
          63.7888698000000005,
          38.93520769999999943
        ]
      }
    },
    {
      "type": "Feature",
      "properties": {
        "slug": "turkmenistan-duryap",
        "name_tm": "Dürýap",
        "name_en": "Dürýap",
        "name_ru": "Дуряп",
        "type": "village",
        "parent_slug": "turkmenistan",
        "root_slug": null,
        "verification_status": "verification_required"
      },
      "geometry": {
        "type": "Point",
        "coordinates": [
          63.0808694999999986,
          39.30031050000000192
        ]
      }
    },
    {
      "type": "Feature",
      "properties": {
        "slug": "turkmenistan-esli",
        "name_tm": "Esli",
        "name_en": "Esli",
        "name_ru": "Если",
        "type": "village",
        "parent_slug": "turkmenistan",
        "root_slug": null,
        "verification_status": "verification_required"
      },
      "geometry": {
        "type": "Point",
        "coordinates": [
          63.8937412000000009,
          38.81032900000000297
        ]
      }
    },
    {
      "type": "Feature",
      "properties": {
        "slug": "turkmenistan-gabsal",
        "name_tm": "Gabşal",
        "name_en": "Gabşal",
        "name_ru": "Габшал",
        "type": "village",
        "parent_slug": "turkmenistan",
        "root_slug": null,
        "verification_status": "verification_required"
      },
      "geometry": {
        "type": "Point",
        "coordinates": [
          65.09708750000000065,
          37.92450099999999936
        ]
      }
    },
    {
      "type": "Feature",
      "properties": {
        "slug": "turkmenistan-gallacy",
        "name_tm": "Gallaçy",
        "name_en": "Gallaçy",
        "name_ru": "Галлачы",
        "type": "village",
        "parent_slug": "turkmenistan",
        "root_slug": null,
        "verification_status": "verification_required"
      },
      "geometry": {
        "type": "Point",
        "coordinates": [
          58.87100389999999806,
          42.53838139999999868
        ]
      }
    },
    {
      "type": "Feature",
      "properties": {
        "slug": "turkmenistan-garaagac",
        "name_tm": "Garaagaç",
        "name_en": "Garaagaç",
        "name_ru": "Кара-Агач",
        "type": "village",
        "parent_slug": "turkmenistan",
        "root_slug": null,
        "verification_status": "verification_required"
      },
      "geometry": {
        "type": "Point",
        "coordinates": [
          55.34274229999999762,
          38.0937813000000034
        ]
      }
    },
    {
      "type": "Feature",
      "properties": {
        "slug": "turkmenistan-garaayman",
        "name_tm": "Garaaýman",
        "name_en": "Garaaýman",
        "name_ru": "Гараайман",
        "type": "village",
        "parent_slug": "turkmenistan",
        "root_slug": null,
        "verification_status": "verification_required"
      },
      "geometry": {
        "type": "Point",
        "coordinates": [
          55.99495780000000166,
          40.74621400000000193
        ]
      }
    },
    {
      "type": "Feature",
      "properties": {
        "slug": "turkmenistan-garagol",
        "name_tm": "Garagöl",
        "name_en": "Garagöl",
        "name_ru": "Каракол;Карагель",
        "type": "village",
        "parent_slug": "turkmenistan",
        "root_slug": null,
        "verification_status": "verification_required"
      },
      "geometry": {
        "type": "Point",
        "coordinates": [
          53.17149330000000162,
          39.38132389999999817
        ]
      }
    },
    {
      "type": "Feature",
      "properties": {
        "slug": "turkmenistan-garagol-obasy",
        "name_tm": "Garagöl obasy",
        "name_en": "Garagöl obasy",
        "name_ru": "Гарагол обасы",
        "type": "village",
        "parent_slug": "turkmenistan",
        "root_slug": null,
        "verification_status": "verification_required"
      },
      "geometry": {
        "type": "Point",
        "coordinates": [
          53.17276069999999777,
          39.37894150000000338
        ]
      }
    },
    {
      "type": "Feature",
      "properties": {
        "slug": "turkmenistan-gokyap",
        "name_tm": "Gökýap",
        "name_en": "Gökýap",
        "name_ru": "Гокяп",
        "type": "village",
        "parent_slug": "turkmenistan",
        "root_slug": null,
        "verification_status": "verification_required"
      },
      "geometry": {
        "type": "Point",
        "coordinates": [
          59.8194804999999974,
          42.11056709999999725
        ]
      }
    },
    {
      "type": "Feature",
      "properties": {
        "slug": "turkmenistan-gorelde",
        "name_tm": "Görelde",
        "name_en": "Görelde",
        "name_ru": "Горелде",
        "type": "village",
        "parent_slug": "turkmenistan",
        "root_slug": null,
        "verification_status": "verification_required"
      },
      "geometry": {
        "type": "Point",
        "coordinates": [
          63.67227780000000336,
          38.94663659999999795
        ]
      }
    },
    {
      "type": "Feature",
      "properties": {
        "slug": "turkmenistan-gosdepe",
        "name_tm": "Goşdepe",
        "name_en": "Goşdepe",
        "name_ru": "Гошдепе",
        "type": "village",
        "parent_slug": "turkmenistan",
        "root_slug": null,
        "verification_status": "verification_required"
      },
      "geometry": {
        "type": "Point",
        "coordinates": [
          63.74560470000000123,
          38.88892820000000227
        ]
      }
    },
    {
      "type": "Feature",
      "properties": {
        "slug": "turkmenistan-gulangyrlan",
        "name_tm": "Gulangyrlan",
        "name_en": "Gulangyrlan",
        "name_ru": "Гулангырлан",
        "type": "village",
        "parent_slug": "turkmenistan",
        "root_slug": null,
        "verification_status": "verification_required"
      },
      "geometry": {
        "type": "Point",
        "coordinates": [
          58.90776710000000093,
          37.93251060000000052
        ]
      }
    },
    {
      "type": "Feature",
      "properties": {
        "slug": "turkmenistan-gulegenje",
        "name_tm": "Gülegenje",
        "name_en": "Gülegenje",
        "name_ru": "Куляганджи",
        "type": "village",
        "parent_slug": "turkmenistan",
        "root_slug": null,
        "verification_status": "verification_required"
      },
      "geometry": {
        "type": "Point",
        "coordinates": [
          64.57973839999999655,
          38.1762063999999981
        ]
      }
    },
    {
      "type": "Feature",
      "properties": {
        "slug": "turkmenistan-gutjuly",
        "name_tm": "Gutjuly",
        "name_en": "Gutjuly",
        "name_ru": "Гутжулы",
        "type": "village",
        "parent_slug": "turkmenistan",
        "root_slug": null,
        "verification_status": "verification_required"
      },
      "geometry": {
        "type": "Point",
        "coordinates": [
          63.77887789999999769,
          38.9604050000000015
        ]
      }
    },
    {
      "type": "Feature",
      "properties": {
        "slug": "turkmenistan-hakyyet-dayhan-birlesigi",
        "name_tm": "Hakyyet dayhan birlesigi",
        "name_en": "Hakykat dayhan birlesigi",
        "name_ru": "Хакыыет даыхан бирлесиги",
        "type": "village",
        "parent_slug": "turkmenistan",
        "root_slug": null,
        "verification_status": "verification_required"
      },
      "geometry": {
        "type": "Point",
        "coordinates": [
          61.93599280000000106,
          37.60743560000000229
        ]
      }
    },
    {
      "type": "Feature",
      "properties": {
        "slug": "turkmenistan-handekli",
        "name_tm": "Händekli",
        "name_en": "Händekli",
        "name_ru": "Хандекли",
        "type": "village",
        "parent_slug": "turkmenistan",
        "root_slug": null,
        "verification_status": "verification_required"
      },
      "geometry": {
        "type": "Point",
        "coordinates": [
          63.30466030000000188,
          39.18262219999999729
        ]
      }
    },
    {
      "type": "Feature",
      "properties": {
        "slug": "turkmenistan-ikinjibent",
        "name_tm": "Ikinjibent",
        "name_en": "Ikinjibent",
        "name_ru": "Икинжибент",
        "type": "village",
        "parent_slug": "turkmenistan",
        "root_slug": null,
        "verification_status": "verification_required"
      },
      "geometry": {
        "type": "Point",
        "coordinates": [
          62.30135070000000041,
          37.39654089999999798
        ]
      }
    },
    {
      "type": "Feature",
      "properties": {
        "slug": "turkmenistan-ilic-obasy",
        "name_tm": "Iliç obasy",
        "name_en": "Iliç obasy",
        "name_ru": "Илич обасы",
        "type": "village",
        "parent_slug": "turkmenistan",
        "root_slug": null,
        "verification_status": "verification_required"
      },
      "geometry": {
        "type": "Point",
        "coordinates": [
          63.54843979999999704,
          39.03641319999999837
        ]
      }
    },
    {
      "type": "Feature",
      "properties": {
        "slug": "turkmenistan-isbaz",
        "name_tm": "Isbaz",
        "name_en": "Isbaz",
        "name_ru": "Исбаз",
        "type": "village",
        "parent_slug": "turkmenistan",
        "root_slug": null,
        "verification_status": "verification_required"
      },
      "geometry": {
        "type": "Point",
        "coordinates": [
          62.90254310000000259,
          39.55888860000000307
        ]
      }
    },
    {
      "type": "Feature",
      "properties": {
        "slug": "turkmenistan-kepele",
        "name_tm": "Kepele",
        "name_en": "Kepele",
        "name_ru": "Кепеле",
        "type": "village",
        "parent_slug": "turkmenistan",
        "root_slug": null,
        "verification_status": "verification_required"
      },
      "geometry": {
        "type": "Point",
        "coordinates": [
          58.41363499999999931,
          38.16183670000000205
        ]
      }
    },
    {
      "type": "Feature",
      "properties": {
        "slug": "turkmenistan-kesler",
        "name_tm": "Keşler",
        "name_en": "Keşler",
        "name_ru": "Кешлер",
        "type": "village",
        "parent_slug": "turkmenistan",
        "root_slug": null,
        "verification_status": "verification_required"
      },
      "geometry": {
        "type": "Point",
        "coordinates": [
          59.71170140000000259,
          41.90508750000000048
        ]
      }
    },
    {
      "type": "Feature",
      "properties": {
        "slug": "turkmenistan-kesler-village",
        "name_tm": "Keşler",
        "name_en": "Keşler",
        "name_ru": "Кешлер",
        "type": "village",
        "parent_slug": "turkmenistan",
        "root_slug": null,
        "verification_status": "verification_required"
      },
      "geometry": {
        "type": "Point",
        "coordinates": [
          59.71056229999999943,
          41.90451920000000286
        ]
      }
    },
    {
      "type": "Feature",
      "properties": {
        "slug": "turkmenistan-kicikalce",
        "name_tm": "Kiçikälçe",
        "name_en": "Kiçikälçe",
        "name_ru": "Кичикалче",
        "type": "village",
        "parent_slug": "turkmenistan",
        "root_slug": null,
        "verification_status": "verification_required"
      },
      "geometry": {
        "type": "Point",
        "coordinates": [
          62.48547479999999866,
          37.69106320000000209
        ]
      }
    },
    {
      "type": "Feature",
      "properties": {
        "slug": "turkmenistan-kyrac",
        "name_tm": "Kyraç",
        "name_en": "Kyraç",
        "name_ru": "Кырач",
        "type": "village",
        "parent_slug": "turkmenistan",
        "root_slug": null,
        "verification_status": "verification_required"
      },
      "geometry": {
        "type": "Point",
        "coordinates": [
          63.40436929999999905,
          39.28775310000000332
        ]
      }
    },
    {
      "type": "Feature",
      "properties": {
        "slug": "turkmenistan-kyrancoba",
        "name_tm": "Kyrançoba",
        "name_en": "Kyrançoba",
        "name_ru": "Кыранчоба",
        "type": "village",
        "parent_slug": "turkmenistan",
        "root_slug": null,
        "verification_status": "verification_required"
      },
      "geometry": {
        "type": "Point",
        "coordinates": [
          62.26728849999999938,
          40.43122009999999733
        ]
      }
    },
    {
      "type": "Feature",
      "properties": {
        "slug": "turkmenistan-kyrkalan",
        "name_tm": "Kyrkalaň",
        "name_en": "Kyrkalaň",
        "name_ru": "Кыркалан",
        "type": "village",
        "parent_slug": "turkmenistan",
        "root_slug": null,
        "verification_status": "verification_required"
      },
      "geometry": {
        "type": "Point",
        "coordinates": [
          62.39809329999999932,
          37.31660209999999722
        ]
      }
    },
    {
      "type": "Feature",
      "properties": {
        "slug": "turkmenistan-lebap-carjew-acyl-murzayew",
        "name_tm": "Açyl Mürzäýew",
        "name_en": "Açyl Mürzäýew",
        "name_ru": "Ачыл мурзайев",
        "type": "village",
        "parent_slug": "turkmenistan-lebap-carjew",
        "root_slug": "turkmenistan-lebap",
        "verification_status": "verification_required"
      },
      "geometry": {
        "type": "Point",
        "coordinates": [
          63.46899499999999961,
          39.14709640000000234
        ]
      }
    },
    {
      "type": "Feature",
      "properties": {
        "slug": "turkmenistan-lebap-carjew-alagoz-obasy",
        "name_tm": "Alagöz obasy",
        "name_en": "Alagöz obasy",
        "name_ru": "Алагоз обасы",
        "type": "village",
        "parent_slug": "turkmenistan-lebap-carjew",
        "root_slug": "turkmenistan-lebap",
        "verification_status": "verification_required"
      },
      "geometry": {
        "type": "Point",
        "coordinates": [
          63.52301419999999866,
          39.0234780999999984
        ]
      }
    },
    {
      "type": "Feature",
      "properties": {
        "slug": "turkmenistan-lebap-carjew-amyderya-tazeoba",
        "name_tm": "Täzeoba",
        "name_en": "Täzeoba",
        "name_ru": "Тезеоба",
        "type": "village",
        "parent_slug": "turkmenistan-lebap-carjew-amyderya",
        "root_slug": "turkmenistan-lebap",
        "verification_status": "verification_required"
      },
      "geometry": {
        "type": "Point",
        "coordinates": [
          63.41117880000000184,
          39.11288869999999918
        ]
      }
    },
    {
      "type": "Feature",
      "properties": {
        "slug": "turkmenistan-lebap-carjew-amyderya-zahmetkes",
        "name_tm": "Zähmetkeş",
        "name_en": "Zähmetkeş",
        "name_ru": "Захметкеш",
        "type": "village",
        "parent_slug": "turkmenistan-lebap-carjew-amyderya",
        "root_slug": "turkmenistan-lebap",
        "verification_status": "verification_required"
      },
      "geometry": {
        "type": "Point",
        "coordinates": [
          63.33970070000000163,
          39.1295845
        ]
      }
    },
    {
      "type": "Feature",
      "properties": {
        "slug": "turkmenistan-lebap-carjew-amyderya-zarpcy",
        "name_tm": "Zarpçy",
        "name_en": "Zarpçy",
        "name_ru": "Зарпчи",
        "type": "village",
        "parent_slug": "turkmenistan-lebap-carjew-amyderya",
        "root_slug": "turkmenistan-lebap",
        "verification_status": "verification_required"
      },
      "geometry": {
        "type": "Point",
        "coordinates": [
          63.33041860000000156,
          39.13933049999999981
        ]
      }
    },
    {
      "type": "Feature",
      "properties": {
        "slug": "turkmenistan-lebap-carjew-bagtyyarlyk",
        "name_tm": "Bagtyýarlyk",
        "name_en": "Bagtyýarlyk",
        "name_ru": "Багтыярлык",
        "type": "village",
        "parent_slug": "turkmenistan-lebap-carjew",
        "root_slug": "turkmenistan-lebap",
        "verification_status": "verification_required"
      },
      "geometry": {
        "type": "Point",
        "coordinates": [
          63.52937060000000002,
          39.10837529999999874
        ]
      }
    },
    {
      "type": "Feature",
      "properties": {
        "slug": "turkmenistan-lebap-carjew-balta-myradow",
        "name_tm": "Balta Myradow",
        "name_en": "Balta Myradow",
        "name_ru": "Балта мырадов",
        "type": "village",
        "parent_slug": "turkmenistan-lebap-carjew",
        "root_slug": "turkmenistan-lebap",
        "verification_status": "verification_required"
      },
      "geometry": {
        "type": "Point",
        "coordinates": [
          63.44945450000000164,
          39.16743009999999713
        ]
      }
    },
    {
      "type": "Feature",
      "properties": {
        "slug": "turkmenistan-lebap-carjew-balta-myradow-adyndaky-bayatlar",
        "name_tm": "Baýatlar",
        "name_en": "Baýatlar",
        "name_ru": "Баятлар",
        "type": "village",
        "parent_slug": "turkmenistan-lebap-carjew-balta-myradow-adyndaky",
        "root_slug": "turkmenistan-lebap",
        "verification_status": "verification_required"
      },
      "geometry": {
        "type": "Point",
        "coordinates": [
          63.44301550000000133,
          39.14632720000000176
        ]
      }
    },
    {
      "type": "Feature",
      "properties": {
        "slug": "turkmenistan-lebap-carjew-balta-myradow-adyndaky-bereketli",
        "name_tm": "Bereketli",
        "name_en": "Bereketli",
        "name_ru": "Берекетли",
        "type": "village",
        "parent_slug": "turkmenistan-lebap-carjew-balta-myradow-adyndaky",
        "root_slug": "turkmenistan-lebap",
        "verification_status": "verification_required"
      },
      "geometry": {
        "type": "Point",
        "coordinates": [
          63.473906300000003,
          39.1249559999999974
        ]
      }
    },
    {
      "type": "Feature",
      "properties": {
        "slug": "turkmenistan-lebap-carjew-balta-myradow-adyndaky-birlesik",
        "name_tm": "Birleşik",
        "name_en": "Birleşik",
        "name_ru": "Бирлешик",
        "type": "village",
        "parent_slug": "turkmenistan-lebap-carjew-balta-myradow-adyndaky",
        "root_slug": "turkmenistan-lebap",
        "verification_status": "verification_required"
      },
      "geometry": {
        "type": "Point",
        "coordinates": [
          63.43336359999999985,
          39.15855690000000066
        ]
      }
    },
    {
      "type": "Feature",
      "properties": {
        "slug": "turkmenistan-lebap-carjew-balta-myradow-adyndaky-hojamekan",
        "name_tm": "Hojamekan",
        "name_en": "Hojamekan",
        "name_ru": "Хожамекан",
        "type": "village",
        "parent_slug": "turkmenistan-lebap-carjew-balta-myradow-adyndaky",
        "root_slug": "turkmenistan-lebap",
        "verification_status": "verification_required"
      },
      "geometry": {
        "type": "Point",
        "coordinates": [
          63.47562539999999843,
          39.16060509999999795
        ]
      }
    },
    {
      "type": "Feature",
      "properties": {
        "slug": "turkmenistan-lebap-carjew-balta-myradow-adyndaky-ulycarlak",
        "name_tm": "Ulyçarlak",
        "name_en": "Ulyçarlak",
        "name_ru": "Улычарлак",
        "type": "village",
        "parent_slug": "turkmenistan-lebap-carjew-balta-myradow-adyndaky",
        "root_slug": "turkmenistan-lebap",
        "verification_status": "verification_required"
      },
      "geometry": {
        "type": "Point",
        "coordinates": [
          63.45251929999999874,
          39.11597379999999902
        ]
      }
    },
    {
      "type": "Feature",
      "properties": {
        "slug": "turkmenistan-lebap-carjew-bereket-gayybayat",
        "name_tm": "Gaýybaýat",
        "name_en": "Gaýybaýat",
        "name_ru": "Гайыбаят",
        "type": "village",
        "parent_slug": "turkmenistan-lebap-carjew-bereket",
        "root_slug": "turkmenistan-lebap",
        "verification_status": "verification_required"
      },
      "geometry": {
        "type": "Point",
        "coordinates": [
          63.4190090999999967,
          39.07062679999999944
        ]
      }
    },
    {
      "type": "Feature",
      "properties": {
        "slug": "turkmenistan-lebap-carjew-bereket-tazeay",
        "name_tm": "Täzeaý",
        "name_en": "Täzeaý",
        "name_ru": "Тазеай",
        "type": "village",
        "parent_slug": "turkmenistan-lebap-carjew-bereket",
        "root_slug": "turkmenistan-lebap",
        "verification_status": "verification_required"
      },
      "geometry": {
        "type": "Point",
        "coordinates": [
          63.3878263000000004,
          39.10322759999999675
        ]
      }
    },
    {
      "type": "Feature",
      "properties": {
        "slug": "turkmenistan-lebap-carjew-bereket-yasydepe",
        "name_tm": "Ýasydepe",
        "name_en": "Ýasydepe",
        "name_ru": "Ясыдепе",
        "type": "village",
        "parent_slug": "turkmenistan-lebap-carjew-bereket",
        "root_slug": "turkmenistan-lebap",
        "verification_status": "verification_required"
      },
      "geometry": {
        "type": "Point",
        "coordinates": [
          63.38581820000000277,
          39.08219170000000276
        ]
      }
    },
    {
      "type": "Feature",
      "properties": {
        "slug": "turkmenistan-lebap-carjew-boyrabap-baydakcy",
        "name_tm": "Baýdakçy",
        "name_en": "Baýdakçy",
        "name_ru": "Байдакчы",
        "type": "village",
        "parent_slug": "turkmenistan-lebap-carjew-boyrabap",
        "root_slug": "turkmenistan-lebap",
        "verification_status": "verification_required"
      },
      "geometry": {
        "type": "Point",
        "coordinates": [
          63.64063790000000153,
          39.05873739999999828
        ]
      }
    },
    {
      "type": "Feature",
      "properties": {
        "slug": "turkmenistan-lebap-carjew-boyrabap-boyrabap",
        "name_tm": "Boýrabap",
        "name_en": "Boýrabap",
        "name_ru": "Бойрабап",
        "type": "village",
        "parent_slug": "turkmenistan-lebap-carjew-boyrabap",
        "root_slug": "turkmenistan-lebap",
        "verification_status": "verification_required"
      },
      "geometry": {
        "type": "Point",
        "coordinates": [
          63.65102799999999661,
          39.06916869999999876
        ]
      }
    },
    {
      "type": "Feature",
      "properties": {
        "slug": "turkmenistan-lebap-carjew-boyrabap-gaymakcy",
        "name_tm": "Gaýmakçy",
        "name_en": "Gaýmakçy",
        "name_ru": "Гаймакчы",
        "type": "village",
        "parent_slug": "turkmenistan-lebap-carjew-boyrabap",
        "root_slug": "turkmenistan-lebap",
        "verification_status": "verification_required"
      },
      "geometry": {
        "type": "Point",
        "coordinates": [
          63.6113453999999976,
          39.05396549999999677
        ]
      }
    },
    {
      "type": "Feature",
      "properties": {
        "slug": "turkmenistan-lebap-carjew-boyrabap-hojamiresen",
        "name_tm": "Hojamiresen",
        "name_en": "Hojamiresen",
        "name_ru": "Хожамиресен",
        "type": "village",
        "parent_slug": "turkmenistan-lebap-carjew-boyrabap",
        "root_slug": "turkmenistan-lebap",
        "verification_status": "verification_required"
      },
      "geometry": {
        "type": "Point",
        "coordinates": [
          63.60050220000000109,
          39.0664944000000034
        ]
      }
    },
    {
      "type": "Feature",
      "properties": {
        "slug": "turkmenistan-lebap-carjew-dowletli-obasy",
        "name_tm": "Döwletli obasy",
        "name_en": "Döwletli obasy",
        "name_ru": "Довлетли обасы",
        "type": "village",
        "parent_slug": "turkmenistan-lebap-carjew",
        "root_slug": "turkmenistan-lebap",
        "verification_status": "verification_required"
      },
      "geometry": {
        "type": "Point",
        "coordinates": [
          63.38037369999999982,
          39.16674460000000124
        ]
      }
    },
    {
      "type": "Feature",
      "properties": {
        "slug": "turkmenistan-lebap-carjew-guscular-darganly",
        "name_tm": "Darganly",
        "name_en": "Darganly",
        "name_ru": "Дарганлы",
        "type": "village",
        "parent_slug": "turkmenistan-lebap-carjew-guscular",
        "root_slug": "turkmenistan-lebap",
        "verification_status": "verification_required"
      },
      "geometry": {
        "type": "Point",
        "coordinates": [
          63.54764180000000095,
          39.06613149999999734
        ]
      }
    },
    {
      "type": "Feature",
      "properties": {
        "slug": "turkmenistan-lebap-carjew-guscular-markus",
        "name_tm": "Marküş",
        "name_en": "Marküş",
        "name_ru": "Маркуш",
        "type": "village",
        "parent_slug": "turkmenistan-lebap-carjew-guscular",
        "root_slug": "turkmenistan-lebap",
        "verification_status": "verification_required"
      },
      "geometry": {
        "type": "Point",
        "coordinates": [
          63.5091206000000028,
          39.10311449999999666
        ]
      }
    },
    {
      "type": "Feature",
      "properties": {
        "slug": "turkmenistan-lebap-carjew-guscular-orazaly",
        "name_tm": "Orazaly",
        "name_en": "Orazaly",
        "name_ru": "Оразалы",
        "type": "village",
        "parent_slug": "turkmenistan-lebap-carjew-guscular",
        "root_slug": "turkmenistan-lebap",
        "verification_status": "verification_required"
      },
      "geometry": {
        "type": "Point",
        "coordinates": [
          63.52588360000000022,
          39.05879099999999938
        ]
      }
    },
    {
      "type": "Feature",
      "properties": {
        "slug": "turkmenistan-lebap-carjew-guscular-ulywahym",
        "name_tm": "Ulywahym",
        "name_en": "Ulywahym",
        "name_ru": "Улывахым",
        "type": "village",
        "parent_slug": "turkmenistan-lebap-carjew-guscular",
        "root_slug": "turkmenistan-lebap",
        "verification_status": "verification_required"
      },
      "geometry": {
        "type": "Point",
        "coordinates": [
          63.51196120000000178,
          39.08117219999999748
        ]
      }
    },
    {
      "type": "Feature",
      "properties": {
        "slug": "turkmenistan-lebap-carjew-guscular-yanyaryk",
        "name_tm": "Ýaňyaryk",
        "name_en": "Ýaňyaryk",
        "name_ru": "Яныарык",
        "type": "village",
        "parent_slug": "turkmenistan-lebap-carjew-guscular",
        "root_slug": "turkmenistan-lebap",
        "verification_status": "verification_required"
      },
      "geometry": {
        "type": "Point",
        "coordinates": [
          63.52710350000000261,
          39.08919670000000223
        ]
      }
    },
    {
      "type": "Feature",
      "properties": {
        "slug": "turkmenistan-lebap-carjew-hojaili-babadayhan",
        "name_tm": "Babadaýhan",
        "name_en": "Babadaýhan",
        "name_ru": "Бабадайхан",
        "type": "village",
        "parent_slug": "turkmenistan-lebap-carjew-hojaili",
        "root_slug": "turkmenistan-lebap",
        "verification_status": "verification_required"
      },
      "geometry": {
        "type": "Point",
        "coordinates": [
          63.6376413999999997,
          39.01645140000000111
        ]
      }
    },
    {
      "type": "Feature",
      "properties": {
        "slug": "turkmenistan-lebap-carjew-hojaili-bekaryk",
        "name_tm": "Bekaryk",
        "name_en": "Bekaryk",
        "name_ru": "Бекарык",
        "type": "village",
        "parent_slug": "turkmenistan-lebap-carjew-hojaili",
        "root_slug": "turkmenistan-lebap",
        "verification_status": "verification_required"
      },
      "geometry": {
        "type": "Point",
        "coordinates": [
          63.64984799999999865,
          38.99635570000000228
        ]
      }
    },
    {
      "type": "Feature",
      "properties": {
        "slug": "turkmenistan-lebap-carjew-hojaili-duryyap",
        "name_tm": "Duryýap",
        "name_en": "Duryýap",
        "name_ru": "Дурыяп",
        "type": "village",
        "parent_slug": "turkmenistan-lebap-carjew-hojaili",
        "root_slug": "turkmenistan-lebap",
        "verification_status": "verification_required"
      },
      "geometry": {
        "type": "Point",
        "coordinates": [
          63.6678487000000004,
          39.01261449999999798
        ]
      }
    },
    {
      "type": "Feature",
      "properties": {
        "slug": "turkmenistan-lebap-carjew-hojaili-hojaaryk",
        "name_tm": "Hojaaryk",
        "name_en": "Hojaaryk",
        "name_ru": "Хожаарык",
        "type": "village",
        "parent_slug": "turkmenistan-lebap-carjew-hojaili",
        "root_slug": "turkmenistan-lebap",
        "verification_status": "verification_required"
      },
      "geometry": {
        "type": "Point",
        "coordinates": [
          63.61212019999999968,
          38.99075779999999724
        ]
      }
    },
    {
      "type": "Feature",
      "properties": {
        "slug": "turkmenistan-lebap-carjew-hojaili-hojaili",
        "name_tm": "Hojaili",
        "name_en": "Hojaili",
        "name_ru": "Хожаили",
        "type": "village",
        "parent_slug": "turkmenistan-lebap-carjew-hojaili",
        "root_slug": "turkmenistan-lebap",
        "verification_status": "verification_required"
      },
      "geometry": {
        "type": "Point",
        "coordinates": [
          63.62493779999999788,
          39.00366300000000309
        ]
      }
    },
    {
      "type": "Feature",
      "properties": {
        "slug": "turkmenistan-lebap-carjew-hojaili-pagtacy",
        "name_tm": "Pagtaçy",
        "name_en": "Pagtaçy",
        "name_ru": "Пагтачы",
        "type": "village",
        "parent_slug": "turkmenistan-lebap-carjew-hojaili",
        "root_slug": "turkmenistan-lebap",
        "verification_status": "verification_required"
      },
      "geometry": {
        "type": "Point",
        "coordinates": [
          63.6045675000000017,
          39.02480330000000208
        ]
      }
    },
    {
      "type": "Feature",
      "properties": {
        "slug": "turkmenistan-lebap-carjew-hojaili-peselioba",
        "name_tm": "Peşelioba",
        "name_en": "Peşelioba",
        "name_ru": "Пешелиоба",
        "type": "village",
        "parent_slug": "turkmenistan-lebap-carjew-hojaili",
        "root_slug": "turkmenistan-lebap",
        "verification_status": "verification_required"
      },
      "geometry": {
        "type": "Point",
        "coordinates": [
          63.66564439999999792,
          39.00194210000000083
        ]
      }
    },
    {
      "type": "Feature",
      "properties": {
        "slug": "turkmenistan-lebap-carjew-hojaili-sahyjan",
        "name_tm": "Sahyjan",
        "name_en": "Sahyjan",
        "name_ru": "Сахыжан",
        "type": "village",
        "parent_slug": "turkmenistan-lebap-carjew-hojaili",
        "root_slug": "turkmenistan-lebap",
        "verification_status": "verification_required"
      },
      "geometry": {
        "type": "Point",
        "coordinates": [
          63.61059149999999818,
          39.01357130000000239
        ]
      }
    },
    {
      "type": "Feature",
      "properties": {
        "slug": "turkmenistan-lebap-carjew-hojaili-yenis",
        "name_tm": "Ýeňiş",
        "name_en": "Ýeňiş",
        "name_ru": "Йениш",
        "type": "village",
        "parent_slug": "turkmenistan-lebap-carjew-hojaili",
        "root_slug": "turkmenistan-lebap",
        "verification_status": "verification_required"
      },
      "geometry": {
        "type": "Point",
        "coordinates": [
          63.61095720000000142,
          38.96486019999999683
        ]
      }
    },
    {
      "type": "Feature",
      "properties": {
        "slug": "turkmenistan-lebap-carjew-kolaryk-araplar",
        "name_tm": "Araplar",
        "name_en": "Araplar",
        "name_ru": "Араплар",
        "type": "village",
        "parent_slug": "turkmenistan-lebap-carjew-kolaryk",
        "root_slug": "turkmenistan-lebap",
        "verification_status": "verification_required"
      },
      "geometry": {
        "type": "Point",
        "coordinates": [
          63.69693319999999659,
          39.0256139000000033
        ]
      }
    },
    {
      "type": "Feature",
      "properties": {
        "slug": "turkmenistan-lebap-carjew-kolaryk-asudalyk",
        "name_tm": "Asudalyk",
        "name_en": "Asudalyk",
        "name_ru": "Асудалык",
        "type": "village",
        "parent_slug": "turkmenistan-lebap-carjew-kolaryk",
        "root_slug": "turkmenistan-lebap",
        "verification_status": "verification_required"
      },
      "geometry": {
        "type": "Point",
        "coordinates": [
          63.64975479999999664,
          39.03333649999999721
        ]
      }
    },
    {
      "type": "Feature",
      "properties": {
        "slug": "turkmenistan-lebap-carjew-kolaryk-balykcy",
        "name_tm": "Balykçy",
        "name_en": "Balykçy",
        "name_ru": "Балыкчы",
        "type": "village",
        "parent_slug": "turkmenistan-lebap-carjew-kolaryk",
        "root_slug": "turkmenistan-lebap",
        "verification_status": "verification_required"
      },
      "geometry": {
        "type": "Point",
        "coordinates": [
          63.67181599999999975,
          39.03718510000000208
        ]
      }
    },
    {
      "type": "Feature",
      "properties": {
        "slug": "turkmenistan-lebap-carjew-kolaryk-jorayew",
        "name_tm": "Joraýew",
        "name_en": "Joraýew",
        "name_ru": "Жорайев",
        "type": "village",
        "parent_slug": "turkmenistan-lebap-carjew-kolaryk",
        "root_slug": "turkmenistan-lebap",
        "verification_status": "verification_required"
      },
      "geometry": {
        "type": "Point",
        "coordinates": [
          63.6407073999999966,
          39.0288929999999965
        ]
      }
    },
    {
      "type": "Feature",
      "properties": {
        "slug": "turkmenistan-lebap-carjew-kolaryk-kolaryk",
        "name_tm": "Kölaryk",
        "name_en": "Kölaryk",
        "name_ru": "Кёларык",
        "type": "village",
        "parent_slug": "turkmenistan-lebap-carjew-kolaryk",
        "root_slug": "turkmenistan-lebap",
        "verification_status": "verification_required"
      },
      "geometry": {
        "type": "Point",
        "coordinates": [
          63.64209269999999919,
          39.04632629999999693
        ]
      }
    },
    {
      "type": "Feature",
      "properties": {
        "slug": "turkmenistan-lebap-carjew-kolaryk-konegulancy",
        "name_tm": "Könegulançy",
        "name_en": "Könegulançy",
        "name_ru": "Конегуланчы",
        "type": "village",
        "parent_slug": "turkmenistan-lebap-carjew-kolaryk",
        "root_slug": "turkmenistan-lebap",
        "verification_status": "verification_required"
      },
      "geometry": {
        "type": "Point",
        "coordinates": [
          63.61334070000000195,
          39.04657910000000242
        ]
      }
    },
    {
      "type": "Feature",
      "properties": {
        "slug": "turkmenistan-lebap-carjew-kolaryk-ucbas",
        "name_tm": "Üçbaş",
        "name_en": "Üçbaş",
        "name_ru": "Учбаш",
        "type": "village",
        "parent_slug": "turkmenistan-lebap-carjew-kolaryk",
        "root_slug": "turkmenistan-lebap",
        "verification_status": "verification_required"
      },
      "geometry": {
        "type": "Point",
        "coordinates": [
          63.72951750000000004,
          39.00154179999999827
        ]
      }
    },
    {
      "type": "Feature",
      "properties": {
        "slug": "turkmenistan-lebap-carjew-miras",
        "name_tm": "Miras",
        "name_en": "Miras",
        "name_ru": "Мирас",
        "type": "village",
        "parent_slug": "turkmenistan-lebap-carjew",
        "root_slug": "turkmenistan-lebap",
        "verification_status": "verification_required"
      },
      "geometry": {
        "type": "Point",
        "coordinates": [
          63.51431350000000009,
          39.11976680000000072
        ]
      }
    },
    {
      "type": "Feature",
      "properties": {
        "slug": "turkmenistan-lebap-carjew-nobat-gutlyyew",
        "name_tm": "Nobat Gutlyýew",
        "name_en": "Nobat Gutlyýew",
        "name_ru": "Нобат гутлыйев",
        "type": "village",
        "parent_slug": "turkmenistan-lebap-carjew",
        "root_slug": "turkmenistan-lebap",
        "verification_status": "verification_required"
      },
      "geometry": {
        "type": "Point",
        "coordinates": [
          63.46552510000000069,
          39.06359570000000047
        ]
      }
    },
    {
      "type": "Feature",
      "properties": {
        "slug": "turkmenistan-lebap-carjew-nobat-gutlyyew-adyndaky-copligarawul",
        "name_tm": "Çöpligarawul",
        "name_en": "Çöpligarawul",
        "name_ru": "Чоплигаравул",
        "type": "village",
        "parent_slug": "turkmenistan-lebap-carjew-nobat-gutlyyew-adyndaky",
        "root_slug": "turkmenistan-lebap",
        "verification_status": "verification_required"
      },
      "geometry": {
        "type": "Point",
        "coordinates": [
          63.48331939999999918,
          39.03780030000000067
        ]
      }
    },
    {
      "type": "Feature",
      "properties": {
        "slug": "turkmenistan-lebap-carjew-nobat-gutlyyew-adyndaky-konearyk",
        "name_tm": "Könearyk",
        "name_en": "Könearyk",
        "name_ru": "Конеарык",
        "type": "village",
        "parent_slug": "turkmenistan-lebap-carjew-nobat-gutlyyew-adyndaky",
        "root_slug": "turkmenistan-lebap",
        "verification_status": "verification_required"
      },
      "geometry": {
        "type": "Point",
        "coordinates": [
          63.48863529999999856,
          39.05530999999999864
        ]
      }
    },
    {
      "type": "Feature",
      "properties": {
        "slug": "turkmenistan-lebap-carjew-nobat-gutlyyew-adyndaky-owlakdepe",
        "name_tm": "Owlakdepe",
        "name_en": "Owlakdepe",
        "name_ru": "Овлакдепе",
        "type": "village",
        "parent_slug": "turkmenistan-lebap-carjew-nobat-gutlyyew-adyndaky",
        "root_slug": "turkmenistan-lebap",
        "verification_status": "verification_required"
      },
      "geometry": {
        "type": "Point",
        "coordinates": [
          63.49945340000000015,
          39.0465445000000031
        ]
      }
    },
    {
      "type": "Feature",
      "properties": {
        "slug": "turkmenistan-lebap-carjew-nobat-gutlyyew-adyndaky-sayatly",
        "name_tm": "Saýatly",
        "name_en": "Saýatly",
        "name_ru": "Саятлы",
        "type": "village",
        "parent_slug": "turkmenistan-lebap-carjew-nobat-gutlyyew-adyndaky",
        "root_slug": "turkmenistan-lebap",
        "verification_status": "verification_required"
      },
      "geometry": {
        "type": "Point",
        "coordinates": [
          63.43981780000000014,
          39.08860880000000293
        ]
      }
    },
    {
      "type": "Feature",
      "properties": {
        "slug": "turkmenistan-lebap-carjew-nobat-gutlyyew-adyndaky-sayatlyoba",
        "name_tm": "Saýatlyoba",
        "name_en": "Saýatlyoba",
        "name_ru": "Саятлыоба",
        "type": "village",
        "parent_slug": "turkmenistan-lebap-carjew-nobat-gutlyyew-adyndaky",
        "root_slug": "turkmenistan-lebap",
        "verification_status": "verification_required"
      },
      "geometry": {
        "type": "Point",
        "coordinates": [
          63.43355050000000261,
          39.10512200000000149
        ]
      }
    },
    {
      "type": "Feature",
      "properties": {
        "slug": "turkmenistan-lebap-carjew-nobat-gutlyyew-adyndaky-yaslar",
        "name_tm": "Ýaşlar",
        "name_en": "Ýaşlar",
        "name_ru": "Яшлар",
        "type": "village",
        "parent_slug": "turkmenistan-lebap-carjew-nobat-gutlyyew-adyndaky",
        "root_slug": "turkmenistan-lebap",
        "verification_status": "verification_required"
      },
      "geometry": {
        "type": "Point",
        "coordinates": [
          63.47082650000000114,
          39.02910059999999959
        ]
      }
    },
    {
      "type": "Feature",
      "properties": {
        "slug": "turkmenistan-lebap-carjew-nobat-gutlyyew-adyndaky-yokaryaryk",
        "name_tm": "Ýokaryaryk",
        "name_en": "Ýokaryaryk",
        "name_ru": "Ёкарыарык",
        "type": "village",
        "parent_slug": "turkmenistan-lebap-carjew-nobat-gutlyyew-adyndaky",
        "root_slug": "turkmenistan-lebap",
        "verification_status": "verification_required"
      },
      "geometry": {
        "type": "Point",
        "coordinates": [
          63.487840300000002,
          39.06327809999999801
        ]
      }
    },
    {
      "type": "Feature",
      "properties": {
        "slug": "turkmenistan-lebap-carjew-parahatcylyk",
        "name_tm": "Parahatçylyk",
        "name_en": "Parahatçylyk",
        "name_ru": "Парахатчылык",
        "type": "village",
        "parent_slug": "turkmenistan-lebap-carjew",
        "root_slug": "turkmenistan-lebap",
        "verification_status": "verification_required"
      },
      "geometry": {
        "type": "Point",
        "coordinates": [
          63.55131920000000178,
          39.08095999999999748
        ]
      }
    },
    {
      "type": "Feature",
      "properties": {
        "slug": "turkmenistan-lebap-carjew-sarykbala-agalan",
        "name_tm": "Agalaň",
        "name_en": "Agalaň",
        "name_ru": "Агалан",
        "type": "village",
        "parent_slug": "turkmenistan-lebap-carjew-sarykbala",
        "root_slug": "turkmenistan-lebap",
        "verification_status": "verification_required"
      },
      "geometry": {
        "type": "Point",
        "coordinates": [
          63.36118030000000089,
          39.16125490000000298
        ]
      }
    },
    {
      "type": "Feature",
      "properties": {
        "slug": "turkmenistan-lebap-carjew-sarykbala-dogryyol",
        "name_tm": "Dogryýol",
        "name_en": "Dogryýol",
        "name_ru": "Догрыёл",
        "type": "village",
        "parent_slug": "turkmenistan-lebap-carjew-sarykbala",
        "root_slug": "turkmenistan-lebap",
        "verification_status": "verification_required"
      },
      "geometry": {
        "type": "Point",
        "coordinates": [
          63.35761779999999988,
          39.14915369999999939
        ]
      }
    },
    {
      "type": "Feature",
      "properties": {
        "slug": "turkmenistan-lebap-carjew-sarykbala-dowletli",
        "name_tm": "Döwletli",
        "name_en": "Döwletli",
        "name_ru": "Довлетли",
        "type": "village",
        "parent_slug": "turkmenistan-lebap-carjew-sarykbala",
        "root_slug": "turkmenistan-lebap",
        "verification_status": "verification_required"
      },
      "geometry": {
        "type": "Point",
        "coordinates": [
          63.37985710000000239,
          39.16684029999999694
        ]
      }
    },
    {
      "type": "Feature",
      "properties": {
        "slug": "turkmenistan-lebap-carjew-sarykbala-gagarin",
        "name_tm": "Gagarin",
        "name_en": "Gagarin",
        "name_ru": "Гагарин",
        "type": "village",
        "parent_slug": "turkmenistan-lebap-carjew-sarykbala",
        "root_slug": "turkmenistan-lebap",
        "verification_status": "verification_required"
      },
      "geometry": {
        "type": "Point",
        "coordinates": [
          63.41707079999999764,
          39.15168059999999884
        ]
      }
    },
    {
      "type": "Feature",
      "properties": {
        "slug": "turkmenistan-lebap-carjew-sarykbala-guyyaryk",
        "name_tm": "Guýyaryk",
        "name_en": "Guýyaryk",
        "name_ru": "Гуйыарык",
        "type": "village",
        "parent_slug": "turkmenistan-lebap-carjew-sarykbala",
        "root_slug": "turkmenistan-lebap",
        "verification_status": "verification_required"
      },
      "geometry": {
        "type": "Point",
        "coordinates": [
          63.40997260000000323,
          39.15774410000000216
        ]
      }
    },
    {
      "type": "Feature",
      "properties": {
        "slug": "turkmenistan-lebap-carjew-sarykbala-sarykbala",
        "name_tm": "Sarykbala",
        "name_en": "Sarykbala",
        "name_ru": "Сарыкбала",
        "type": "village",
        "parent_slug": "turkmenistan-lebap-carjew-sarykbala",
        "root_slug": "turkmenistan-lebap",
        "verification_status": "verification_required"
      },
      "geometry": {
        "type": "Point",
        "coordinates": [
          63.40232170000000166,
          39.16389809999999727
        ]
      }
    },
    {
      "type": "Feature",
      "properties": {
        "slug": "turkmenistan-lebap-carjew-ussacy",
        "name_tm": "Ussaçy",
        "name_en": "Ussaçy",
        "name_ru": "Уссачы",
        "type": "village",
        "parent_slug": "turkmenistan-lebap-carjew",
        "root_slug": "turkmenistan-lebap",
        "verification_status": "verification_required"
      },
      "geometry": {
        "type": "Point",
        "coordinates": [
          63.53901210000000077,
          39.07391799999999905
        ]
      }
    },
    {
      "type": "Feature",
      "properties": {
        "slug": "turkmenistan-lebap-carjew-zergar-alagoz",
        "name_tm": "Alagöz",
        "name_en": "Alagöz",
        "name_ru": "Алагоз",
        "type": "village",
        "parent_slug": "turkmenistan-lebap-carjew-zergar",
        "root_slug": "turkmenistan-lebap",
        "verification_status": "verification_required"
      },
      "geometry": {
        "type": "Point",
        "coordinates": [
          63.52320180000000249,
          39.02353980000000177
        ]
      }
    },
    {
      "type": "Feature",
      "properties": {
        "slug": "turkmenistan-lebap-carjew-zergar-arap",
        "name_tm": "Arap",
        "name_en": "Arap",
        "name_ru": "Арап",
        "type": "village",
        "parent_slug": "turkmenistan-lebap-carjew-zergar",
        "root_slug": "turkmenistan-lebap",
        "verification_status": "verification_required"
      },
      "geometry": {
        "type": "Point",
        "coordinates": [
          63.50255039999999696,
          39.03432939999999717
        ]
      }
    },
    {
      "type": "Feature",
      "properties": {
        "slug": "turkmenistan-lebap-carjew-zergar-duyeci",
        "name_tm": "Düýeçi",
        "name_en": "Düýeçi",
        "name_ru": "Дуйечи",
        "type": "village",
        "parent_slug": "turkmenistan-lebap-carjew-zergar",
        "root_slug": "turkmenistan-lebap",
        "verification_status": "verification_required"
      },
      "geometry": {
        "type": "Point",
        "coordinates": [
          63.52117290000000338,
          39.04210030000000131
        ]
      }
    },
    {
      "type": "Feature",
      "properties": {
        "slug": "turkmenistan-lebap-carjew-zergar-gyzylyap",
        "name_tm": "Gyzylýap",
        "name_en": "Gyzylýap",
        "name_ru": "Гызыляп",
        "type": "village",
        "parent_slug": "turkmenistan-lebap-carjew-zergar",
        "root_slug": "turkmenistan-lebap",
        "verification_status": "verification_required"
      },
      "geometry": {
        "type": "Point",
        "coordinates": [
          63.54853680000000082,
          39.03628559999999937
        ]
      }
    },
    {
      "type": "Feature",
      "properties": {
        "slug": "turkmenistan-lebap-carjew-zergar-hojamasat",
        "name_tm": "Hojamaşat",
        "name_en": "Hojamaşat",
        "name_ru": "Хожамашат",
        "type": "village",
        "parent_slug": "turkmenistan-lebap-carjew-zergar",
        "root_slug": "turkmenistan-lebap",
        "verification_status": "verification_required"
      },
      "geometry": {
        "type": "Point",
        "coordinates": [
          63.56528610000000156,
          39.02705660000000165
        ]
      }
    },
    {
      "type": "Feature",
      "properties": {
        "slug": "turkmenistan-lebap-danew-danew-ak-altyn",
        "name_tm": "Ak altyn",
        "name_en": "Ak altyn",
        "name_ru": "Ак алтын",
        "type": "village",
        "parent_slug": "turkmenistan-lebap-danew-danew",
        "root_slug": "turkmenistan-lebap",
        "verification_status": "verification_required"
      },
      "geometry": {
        "type": "Point",
        "coordinates": [
          63.25539489999999888,
          39.17661269999999974
        ]
      }
    },
    {
      "type": "Feature",
      "properties": {
        "slug": "turkmenistan-lebap-danew-danew-asgabat-asgabat",
        "name_tm": "Aşgabat",
        "name_en": "Aşgabat",
        "name_ru": "Ашгабат",
        "type": "village",
        "parent_slug": "turkmenistan-lebap-danew-danew-asgabat",
        "root_slug": "turkmenistan-lebap",
        "verification_status": "verification_required"
      },
      "geometry": {
        "type": "Point",
        "coordinates": [
          63.29670970000000096,
          39.21674639999999812
        ]
      }
    },
    {
      "type": "Feature",
      "properties": {
        "slug": "turkmenistan-lebap-danew-danew-azatlyk-ataoba",
        "name_tm": "Ataoba",
        "name_en": "Ataoba",
        "name_ru": "Атаоба",
        "type": "village",
        "parent_slug": "turkmenistan-lebap-danew-danew-azatlyk",
        "root_slug": "turkmenistan-lebap",
        "verification_status": "verification_required"
      },
      "geometry": {
        "type": "Point",
        "coordinates": [
          63.12026230000000026,
          39.25330309999999656
        ]
      }
    },
    {
      "type": "Feature",
      "properties": {
        "slug": "turkmenistan-lebap-danew-danew-azatlyk-azatlyk",
        "name_tm": "Azatlyk",
        "name_en": "Azatlyk",
        "name_ru": "Азатлык",
        "type": "village",
        "parent_slug": "turkmenistan-lebap-danew-danew-azatlyk",
        "root_slug": "turkmenistan-lebap",
        "verification_status": "verification_required"
      },
      "geometry": {
        "type": "Point",
        "coordinates": [
          63.1347643000000005,
          39.24301320000000004
        ]
      }
    },
    {
      "type": "Feature",
      "properties": {
        "slug": "turkmenistan-lebap-danew-danew-berzen-deryabas",
        "name_tm": "Derýabaş",
        "name_en": "Derýabaş",
        "name_ru": "Дерябаш",
        "type": "village",
        "parent_slug": "turkmenistan-lebap-danew-danew-berzen",
        "root_slug": "turkmenistan-lebap",
        "verification_status": "verification_required"
      },
      "geometry": {
        "type": "Point",
        "coordinates": [
          63.44067749999999962,
          39.18180699999999917
        ]
      }
    },
    {
      "type": "Feature",
      "properties": {
        "slug": "turkmenistan-lebap-danew-danew-boynyuzyn-boynyuzyn",
        "name_tm": "Boýnyuzyn",
        "name_en": "Boýnyuzyn",
        "name_ru": "Бойныузын",
        "type": "village",
        "parent_slug": "turkmenistan-lebap-danew-danew-boynyuzyn",
        "root_slug": "turkmenistan-lebap",
        "verification_status": "verification_required"
      },
      "geometry": {
        "type": "Point",
        "coordinates": [
          63.2606080999999989,
          39.25909999999999655
        ]
      }
    },
    {
      "type": "Feature",
      "properties": {
        "slug": "turkmenistan-lebap-danew-danew-boynyuzyn-traktorcy",
        "name_tm": "Traktorçy",
        "name_en": "Traktorçy",
        "name_ru": "Тракторчы",
        "type": "village",
        "parent_slug": "turkmenistan-lebap-danew-danew-boynyuzyn",
        "root_slug": "turkmenistan-lebap",
        "verification_status": "verification_required"
      },
      "geometry": {
        "type": "Point",
        "coordinates": [
          63.28283700000000067,
          39.25706339999999984
        ]
      }
    },
    {
      "type": "Feature",
      "properties": {
        "slug": "turkmenistan-lebap-danew-danew-boynyuzyn-yazaryk",
        "name_tm": "Ýazaryk",
        "name_en": "Ýazaryk",
        "name_ru": "Язарык",
        "type": "village",
        "parent_slug": "turkmenistan-lebap-danew-danew-boynyuzyn",
        "root_slug": "turkmenistan-lebap",
        "verification_status": "verification_required"
      },
      "geometry": {
        "type": "Point",
        "coordinates": [
          63.26475419999999872,
          39.24182919999999797
        ]
      }
    },
    {
      "type": "Feature",
      "properties": {
        "slug": "turkmenistan-lebap-danew-danew-candyroba",
        "name_tm": "Çandyroba",
        "name_en": "Çandyroba",
        "name_ru": "Чандыроба",
        "type": "village",
        "parent_slug": "turkmenistan-lebap-danew-danew",
        "root_slug": "turkmenistan-lebap",
        "verification_status": "verification_required"
      },
      "geometry": {
        "type": "Point",
        "coordinates": [
          63.31524960000000135,
          39.20538020000000045
        ]
      }
    },
    {
      "type": "Feature",
      "properties": {
        "slug": "turkmenistan-lebap-danew-danew-dowletabat-puskin",
        "name_tm": "Puşkin",
        "name_en": "Puşkin",
        "name_ru": "Пушкин",
        "type": "village",
        "parent_slug": "turkmenistan-lebap-danew-danew-dowletabat",
        "root_slug": "turkmenistan-lebap",
        "verification_status": "verification_required"
      },
      "geometry": {
        "type": "Point",
        "coordinates": [
          63.21157230000000026,
          39.26038150000000115
        ]
      }
    },
    {
      "type": "Feature",
      "properties": {
        "slug": "turkmenistan-lebap-danew-danew-dowletabat-sohrat",
        "name_tm": "Şöhrat",
        "name_en": "Şöhrat",
        "name_ru": "Шохрат",
        "type": "village",
        "parent_slug": "turkmenistan-lebap-danew-danew-dowletabat",
        "root_slug": "turkmenistan-lebap",
        "verification_status": "verification_required"
      },
      "geometry": {
        "type": "Point",
        "coordinates": [
          63.15314080000000274,
          39.27184299999999694
        ]
      }
    },
    {
      "type": "Feature",
      "properties": {
        "slug": "turkmenistan-lebap-danew-danew-dowletabat-watan",
        "name_tm": "Watan",
        "name_en": "Watan",
        "name_ru": "Ватан",
        "type": "village",
        "parent_slug": "turkmenistan-lebap-danew-danew-dowletabat",
        "root_slug": "turkmenistan-lebap",
        "verification_status": "verification_required"
      },
      "geometry": {
        "type": "Point",
        "coordinates": [
          63.196801200000003,
          39.28230539999999849
        ]
      }
    },
    {
      "type": "Feature",
      "properties": {
        "slug": "turkmenistan-lebap-danew-danew-dowletabat-yaslyk",
        "name_tm": "Ýaşlyk",
        "name_en": "Ýaşlyk",
        "name_ru": "Яшлык",
        "type": "village",
        "parent_slug": "turkmenistan-lebap-danew-danew-dowletabat",
        "root_slug": "turkmenistan-lebap",
        "verification_status": "verification_required"
      },
      "geometry": {
        "type": "Point",
        "coordinates": [
          63.16670859999999977,
          39.28383730000000184
        ]
      }
    },
    {
      "type": "Feature",
      "properties": {
        "slug": "turkmenistan-lebap-danew-danew-dowletabat-zergomen",
        "name_tm": "Zergömen",
        "name_en": "Zergömen",
        "name_ru": "Зергомен",
        "type": "village",
        "parent_slug": "turkmenistan-lebap-danew-danew-dowletabat",
        "root_slug": "turkmenistan-lebap",
        "verification_status": "verification_required"
      },
      "geometry": {
        "type": "Point",
        "coordinates": [
          63.22771809999999704,
          39.27298150000000021
        ]
      }
    },
    {
      "type": "Feature",
      "properties": {
        "slug": "turkmenistan-lebap-danew-danew-gabakly-village",
        "name_tm": "Gabakly",
        "name_en": "Gabakly",
        "name_ru": "Кабаклы",
        "type": "village",
        "parent_slug": "turkmenistan-lebap-danew-danew",
        "root_slug": "turkmenistan-lebap",
        "verification_status": "verification_required"
      },
      "geometry": {
        "type": "Point",
        "coordinates": [
          62.54618119999999948,
          39.77290169999999848
        ]
      }
    },
    {
      "type": "Feature",
      "properties": {
        "slug": "turkmenistan-lebap-danew-danew-goynuk-gosakopri",
        "name_tm": "Goşaköpri",
        "name_en": "Goşaköpri",
        "name_ru": "Гошакопри",
        "type": "village",
        "parent_slug": "turkmenistan-lebap-danew-danew-goynuk",
        "root_slug": "turkmenistan-lebap",
        "verification_status": "verification_required"
      },
      "geometry": {
        "type": "Point",
        "coordinates": [
          62.96634970000000208,
          39.3044688000000022
        ]
      }
    },
    {
      "type": "Feature",
      "properties": {
        "slug": "turkmenistan-lebap-danew-danew-goynuk-goynuk",
        "name_tm": "Göýnük",
        "name_en": "Göýnük",
        "name_ru": "Гойнук",
        "type": "village",
        "parent_slug": "turkmenistan-lebap-danew-danew-goynuk",
        "root_slug": "turkmenistan-lebap",
        "verification_status": "verification_required"
      },
      "geometry": {
        "type": "Point",
        "coordinates": [
          63.00985430000000064,
          39.30982869999999707
        ]
      }
    },
    {
      "type": "Feature",
      "properties": {
        "slug": "turkmenistan-lebap-danew-danew-goynuk-nogay",
        "name_tm": "Nogaý",
        "name_en": "Nogaý",
        "name_ru": "Ногай",
        "type": "village",
        "parent_slug": "turkmenistan-lebap-danew-danew-goynuk",
        "root_slug": "turkmenistan-lebap",
        "verification_status": "verification_required"
      },
      "geometry": {
        "type": "Point",
        "coordinates": [
          62.95360620000000295,
          39.34128220000000197
        ]
      }
    },
    {
      "type": "Feature",
      "properties": {
        "slug": "turkmenistan-lebap-danew-danew-goynuk-senbebazar",
        "name_tm": "Şenbebazar",
        "name_en": "Şenbebazar",
        "name_ru": "Шенбебазар",
        "type": "village",
        "parent_slug": "turkmenistan-lebap-danew-danew-goynuk",
        "root_slug": "turkmenistan-lebap",
        "verification_status": "verification_required"
      },
      "geometry": {
        "type": "Point",
        "coordinates": [
          63.04498840000000114,
          39.29825340000000011
        ]
      }
    },
    {
      "type": "Feature",
      "properties": {
        "slug": "turkmenistan-lebap-danew-danew-halkabat",
        "name_tm": "Halkabat",
        "name_en": "Halkabat",
        "name_ru": "Халкабат",
        "type": "village",
        "parent_slug": "turkmenistan-lebap-danew-danew",
        "root_slug": "turkmenistan-lebap",
        "verification_status": "verification_required"
      },
      "geometry": {
        "type": "Point",
        "coordinates": [
          62.37354200000000048,
          40.07864339999999714
        ]
      }
    },
    {
      "type": "Feature",
      "properties": {
        "slug": "turkmenistan-lebap-danew-danew-isbaz-isbaz",
        "name_tm": "Isbaz",
        "name_en": "Isbaz",
        "name_ru": "Исбаз",
        "type": "village",
        "parent_slug": "turkmenistan-lebap-danew-danew-isbaz",
        "root_slug": "turkmenistan-lebap",
        "verification_status": "verification_required"
      },
      "geometry": {
        "type": "Point",
        "coordinates": [
          62.90391189999999711,
          39.55890310000000198
        ]
      }
    },
    {
      "type": "Feature",
      "properties": {
        "slug": "turkmenistan-lebap-danew-danew-kerpic-zawodynyn-saherjigi",
        "name_tm": "Kerpiç zawodynyň şäherjigi",
        "name_en": "Kerpiç zawodynyň şäherjigi",
        "name_ru": "Керпич заводынын шахержиги",
        "type": "village",
        "parent_slug": "turkmenistan-lebap-danew-danew",
        "root_slug": "turkmenistan-lebap",
        "verification_status": "verification_required"
      },
      "geometry": {
        "type": "Point",
        "coordinates": [
          63.12418149999999884,
          39.27232670000000069
        ]
      }
    },
    {
      "type": "Feature",
      "properties": {
        "slug": "turkmenistan-lebap-danew-danew-kulyyewa",
        "name_tm": "Kulyýewa",
        "name_en": "Kulyýewa",
        "name_ru": "имени Кулыевой",
        "type": "village",
        "parent_slug": "turkmenistan-lebap-danew-danew",
        "root_slug": "turkmenistan-lebap",
        "verification_status": "verification_required"
      },
      "geometry": {
        "type": "Point",
        "coordinates": [
          62.94014669999999967,
          39.36127379999999932
        ]
      }
    },
    {
      "type": "Feature",
      "properties": {
        "slug": "turkmenistan-lebap-danew-danew-may-araphana",
        "name_tm": "Araphana",
        "name_en": "Araphana",
        "name_ru": "Арапхана",
        "type": "village",
        "parent_slug": "turkmenistan-lebap-danew-danew-may",
        "root_slug": "turkmenistan-lebap",
        "verification_status": "verification_required"
      },
      "geometry": {
        "type": "Point",
        "coordinates": [
          63.08385210000000142,
          39.250700700000003
        ]
      }
    },
    {
      "type": "Feature",
      "properties": {
        "slug": "turkmenistan-lebap-danew-danew-may-bilal",
        "name_tm": "Bilal",
        "name_en": "Bilal",
        "name_ru": "Билал",
        "type": "village",
        "parent_slug": "turkmenistan-lebap-danew-danew-may",
        "root_slug": "turkmenistan-lebap",
        "verification_status": "verification_required"
      },
      "geometry": {
        "type": "Point",
        "coordinates": [
          63.06062649999999792,
          39.27351819999999805
        ]
      }
    },
    {
      "type": "Feature",
      "properties": {
        "slug": "turkmenistan-lebap-danew-danew-may-genesligi",
        "name_tm": "Maý geňeşligi",
        "name_en": "Maý geňeşligi",
        "name_ru": "Май генешлиги",
        "type": "village",
        "parent_slug": "turkmenistan-lebap-danew-danew",
        "root_slug": "turkmenistan-lebap",
        "verification_status": "verification_required"
      },
      "geometry": {
        "type": "Point",
        "coordinates": [
          63.11230869999999982,
          39.28717530000000124
        ]
      }
    },
    {
      "type": "Feature",
      "properties": {
        "slug": "turkmenistan-lebap-danew-danew-may-obasy",
        "name_tm": "Maý obasy",
        "name_en": "Maý obasy",
        "name_ru": "Май обасы",
        "type": "village",
        "parent_slug": "turkmenistan-lebap-danew-danew",
        "root_slug": "turkmenistan-lebap",
        "verification_status": "verification_required"
      },
      "geometry": {
        "type": "Point",
        "coordinates": [
          63.11911580000000299,
          39.28778199999999999
        ]
      }
    },
    {
      "type": "Feature",
      "properties": {
        "slug": "turkmenistan-lebap-danew-danew-odey-belme",
        "name_tm": "Belme",
        "name_en": "Belme",
        "name_ru": "Белме",
        "type": "village",
        "parent_slug": "turkmenistan-lebap-danew-danew-odey",
        "root_slug": "turkmenistan-lebap",
        "verification_status": "verification_required"
      },
      "geometry": {
        "type": "Point",
        "coordinates": [
          63.21783659999999828,
          39.18243869999999874
        ]
      }
    },
    {
      "type": "Feature",
      "properties": {
        "slug": "turkmenistan-lebap-danew-danew-odey-ceges",
        "name_tm": "Çeges",
        "name_en": "Çeges",
        "name_ru": "Чегес",
        "type": "village",
        "parent_slug": "turkmenistan-lebap-danew-danew-odey",
        "root_slug": "turkmenistan-lebap",
        "verification_status": "verification_required"
      },
      "geometry": {
        "type": "Point",
        "coordinates": [
          63.26104569999999683,
          39.18933340000000242
        ]
      }
    },
    {
      "type": "Feature",
      "properties": {
        "slug": "turkmenistan-lebap-danew-danew-odey-garagum",
        "name_tm": "Garagum",
        "name_en": "Garagum",
        "name_ru": "Гарагум",
        "type": "village",
        "parent_slug": "turkmenistan-lebap-danew-danew-odey",
        "root_slug": "turkmenistan-lebap",
        "verification_status": "verification_required"
      },
      "geometry": {
        "type": "Point",
        "coordinates": [
          63.22228479999999707,
          39.16773409999999699
        ]
      }
    },
    {
      "type": "Feature",
      "properties": {
        "slug": "turkmenistan-lebap-danew-danew-odey-odey",
        "name_tm": "Ödeý",
        "name_en": "Ödeý",
        "name_ru": "Одей",
        "type": "village",
        "parent_slug": "turkmenistan-lebap-danew-danew-odey",
        "root_slug": "turkmenistan-lebap",
        "verification_status": "verification_required"
      },
      "geometry": {
        "type": "Point",
        "coordinates": [
          63.23589880000000107,
          39.18374649999999804
        ]
      }
    },
    {
      "type": "Feature",
      "properties": {
        "slug": "turkmenistan-lebap-danew-danew-parahat-dostluk",
        "name_tm": "Dostluk",
        "name_en": "Dostluk",
        "name_ru": "Достлук",
        "type": "village",
        "parent_slug": "turkmenistan-lebap-danew-danew-parahat",
        "root_slug": "turkmenistan-lebap",
        "verification_status": "verification_required"
      },
      "geometry": {
        "type": "Point",
        "coordinates": [
          63.17036029999999869,
          39.24078910000000064
        ]
      }
    },
    {
      "type": "Feature",
      "properties": {
        "slug": "turkmenistan-lebap-danew-danew-parahat-obasy",
        "name_tm": "Parahat obasy",
        "name_en": "Parahat obasy",
        "name_ru": "Парахат обасы",
        "type": "village",
        "parent_slug": "turkmenistan-lebap-danew-danew",
        "root_slug": "turkmenistan-lebap",
        "verification_status": "verification_required"
      },
      "geometry": {
        "type": "Point",
        "coordinates": [
          63.19863260000000337,
          39.23777499999999919
        ]
      }
    },
    {
      "type": "Feature",
      "properties": {
        "slug": "turkmenistan-lebap-danew-danew-parahat-parahat",
        "name_tm": "Parahat",
        "name_en": "Parahat",
        "name_ru": "Парахат",
        "type": "village",
        "parent_slug": "turkmenistan-lebap-danew-danew-parahat",
        "root_slug": "turkmenistan-lebap",
        "verification_status": "verification_required"
      },
      "geometry": {
        "type": "Point",
        "coordinates": [
          63.19945870000000098,
          39.23843440000000272
        ]
      }
    },
    {
      "type": "Feature",
      "properties": {
        "slug": "turkmenistan-lebap-danew-danew-tazeyurt",
        "name_tm": "Täzeýurt",
        "name_en": "Täzeýurt",
        "name_ru": "Тазеюрт",
        "type": "village",
        "parent_slug": "turkmenistan-lebap-danew-danew",
        "root_slug": "turkmenistan-lebap",
        "verification_status": "verification_required"
      },
      "geometry": {
        "type": "Point",
        "coordinates": [
          62.87001649999999842,
          39.61752030000000246
        ]
      }
    },
    {
      "type": "Feature",
      "properties": {
        "slug": "turkmenistan-lebap-danew-danew-uckersen",
        "name_tm": "Üçkersen",
        "name_en": "Üçkersen",
        "name_ru": "Учкырсен",
        "type": "village",
        "parent_slug": "turkmenistan-lebap-danew-danew",
        "root_slug": "turkmenistan-lebap",
        "verification_status": "verification_required"
      },
      "geometry": {
        "type": "Point",
        "coordinates": [
          62.4942945000000023,
          39.88971250000000168
        ]
      }
    },
    {
      "type": "Feature",
      "properties": {
        "slug": "turkmenistan-lebap-danew-danew-yyldyz-handekli",
        "name_tm": "Händekli",
        "name_en": "Händekli",
        "name_ru": "Хандекли",
        "type": "village",
        "parent_slug": "turkmenistan-lebap-danew-danew-yyldyz",
        "root_slug": "turkmenistan-lebap",
        "verification_status": "verification_required"
      },
      "geometry": {
        "type": "Point",
        "coordinates": [
          63.30437200000000075,
          39.18211209999999767
        ]
      }
    },
    {
      "type": "Feature",
      "properties": {
        "slug": "turkmenistan-lebap-danew-danew-yyldyz-sazaklyk",
        "name_tm": "Sazaklyk",
        "name_en": "Sazaklyk",
        "name_ru": "Сазаклык",
        "type": "village",
        "parent_slug": "turkmenistan-lebap-danew-danew-yyldyz",
        "root_slug": "turkmenistan-lebap",
        "verification_status": "verification_required"
      },
      "geometry": {
        "type": "Point",
        "coordinates": [
          63.32802769999999982,
          39.18609339999999718
        ]
      }
    },
    {
      "type": "Feature",
      "properties": {
        "slug": "turkmenistan-lebap-danew-danew-yyldyz-wahym",
        "name_tm": "Wahym",
        "name_en": "Wahym",
        "name_ru": "Вахым",
        "type": "village",
        "parent_slug": "turkmenistan-lebap-danew-danew-yyldyz",
        "root_slug": "turkmenistan-lebap",
        "verification_status": "verification_required"
      },
      "geometry": {
        "type": "Point",
        "coordinates": [
          63.33637099999999976,
          39.17483889999999747
        ]
      }
    },
    {
      "type": "Feature",
      "properties": {
        "slug": "turkmenistan-lebap-danew-danew-yyldyz-yyldyz",
        "name_tm": "Ýyldyz",
        "name_en": "Ýyldyz",
        "name_ru": "Йылдыз",
        "type": "village",
        "parent_slug": "turkmenistan-lebap-danew-danew-yyldyz",
        "root_slug": "turkmenistan-lebap",
        "verification_status": "verification_required"
      },
      "geometry": {
        "type": "Point",
        "coordinates": [
          63.30568780000000117,
          39.17251430000000312
        ]
      }
    },
    {
      "type": "Feature",
      "properties": {
        "slug": "turkmenistan-lebap-darganata-darganata-carwadar-carwadar",
        "name_tm": "Çarwadar",
        "name_en": "Çarwadar",
        "name_ru": "Чарвадар",
        "type": "village",
        "parent_slug": "turkmenistan-lebap-darganata-darganata-carwadar",
        "root_slug": "turkmenistan-lebap",
        "verification_status": "verification_required"
      },
      "geometry": {
        "type": "Point",
        "coordinates": [
          61.97788500000000055,
          40.85291169999999994
        ]
      }
    },
    {
      "type": "Feature",
      "properties": {
        "slug": "turkmenistan-lebap-darganata-darganata-carwadar-obasy",
        "name_tm": "Çarwadar obasy",
        "name_en": "Çarwadar obasy",
        "name_ru": "Чарвадар",
        "type": "village",
        "parent_slug": "turkmenistan-lebap-darganata-darganata",
        "root_slug": "turkmenistan-lebap",
        "verification_status": "verification_required"
      },
      "geometry": {
        "type": "Point",
        "coordinates": [
          61.97394400000000302,
          40.85633390000000276
        ]
      }
    },
    {
      "type": "Feature",
      "properties": {
        "slug": "turkmenistan-lebap-darganata-darganata-hojalyk-candyr",
        "name_tm": "Çandyr",
        "name_en": "Çandyr",
        "name_ru": "Чандыр",
        "type": "village",
        "parent_slug": "turkmenistan-lebap-darganata-darganata-hojalyk",
        "root_slug": "turkmenistan-lebap",
        "verification_status": "verification_required"
      },
      "geometry": {
        "type": "Point",
        "coordinates": [
          62.18078020000000094,
          40.47449379999999764
        ]
      }
    },
    {
      "type": "Feature",
      "properties": {
        "slug": "turkmenistan-lebap-darganata-darganata-hojalyk-hojalyk",
        "name_tm": "Hojalyk",
        "name_en": "Hojalyk",
        "name_ru": "Хожалык",
        "type": "village",
        "parent_slug": "turkmenistan-lebap-darganata-darganata-hojalyk",
        "root_slug": "turkmenistan-lebap",
        "verification_status": "verification_required"
      },
      "geometry": {
        "type": "Point",
        "coordinates": [
          62.21064559999999944,
          40.46445570000000202
        ]
      }
    },
    {
      "type": "Feature",
      "properties": {
        "slug": "turkmenistan-lebap-darganata-darganata-kyrancoba",
        "name_tm": "Kyrançoba",
        "name_en": "Kyrançoba",
        "name_ru": "Кранчоба",
        "type": "village",
        "parent_slug": "turkmenistan-lebap-darganata-darganata",
        "root_slug": "turkmenistan-lebap",
        "verification_status": "verification_required"
      },
      "geometry": {
        "type": "Point",
        "coordinates": [
          62.26839189999999747,
          40.43227999999999867
        ]
      }
    },
    {
      "type": "Feature",
      "properties": {
        "slug": "turkmenistan-lebap-darganata-darganata-lebap-sakararyk",
        "name_tm": "Sakararyk",
        "name_en": "Sakararyk",
        "name_ru": "Сакарарык",
        "type": "village",
        "parent_slug": "turkmenistan-lebap-darganata-darganata-lebap",
        "root_slug": "turkmenistan-lebap",
        "verification_status": "verification_required"
      },
      "geometry": {
        "type": "Point",
        "coordinates": [
          62.23484729999999843,
          40.4407174999999981
        ]
      }
    },
    {
      "type": "Feature",
      "properties": {
        "slug": "turkmenistan-lebap-darganata-darganata-magtymguly-ataoba",
        "name_tm": "Ataoba",
        "name_en": "Ataoba",
        "name_ru": "Атаоба",
        "type": "village",
        "parent_slug": "turkmenistan-lebap-darganata-darganata-magtymguly",
        "root_slug": "turkmenistan-lebap",
        "verification_status": "verification_required"
      },
      "geometry": {
        "type": "Point",
        "coordinates": [
          62.14640200000000191,
          40.5021708000000018
        ]
      }
    },
    {
      "type": "Feature",
      "properties": {
        "slug": "turkmenistan-lebap-darganata-darganata-magtymguly-magtymguly",
        "name_tm": "Magtymguly",
        "name_en": "Magtymguly",
        "name_ru": "Магтымгулы",
        "type": "village",
        "parent_slug": "turkmenistan-lebap-darganata-darganata-magtymguly",
        "root_slug": "turkmenistan-lebap",
        "verification_status": "verification_required"
      },
      "geometry": {
        "type": "Point",
        "coordinates": [
          62.14797769999999844,
          40.48803269999999799
        ]
      }
    },
    {
      "type": "Feature",
      "properties": {
        "slug": "turkmenistan-lebap-darganata-darganata-sazakly",
        "name_tm": "Sazakly",
        "name_en": "Sazakly",
        "name_ru": "Сазаклы",
        "type": "village",
        "parent_slug": "turkmenistan-lebap-darganata-darganata",
        "root_slug": "turkmenistan-lebap",
        "verification_status": "verification_required"
      },
      "geometry": {
        "type": "Point",
        "coordinates": [
          61.74427610000000044,
          41.11248429999999843
        ]
      }
    },
    {
      "type": "Feature",
      "properties": {
        "slug": "turkmenistan-lebap-darganata-darganata-sazakly-obasy",
        "name_tm": "Sazakly obasy",
        "name_en": "Sazakly obasy",
        "name_ru": "Сазаклы обасы",
        "type": "village",
        "parent_slug": "turkmenistan-lebap-darganata-darganata",
        "root_slug": "turkmenistan-lebap",
        "verification_status": "verification_required"
      },
      "geometry": {
        "type": "Point",
        "coordinates": [
          61.7440302999999986,
          41.11183280000000195
        ]
      }
    },
    {
      "type": "Feature",
      "properties": {
        "slug": "turkmenistan-lebap-darganata-darganata-sediwer-sediwer",
        "name_tm": "Sediwer",
        "name_en": "Sediwer",
        "name_ru": "Седивер",
        "type": "village",
        "parent_slug": "turkmenistan-lebap-darganata-darganata-sediwer",
        "root_slug": "turkmenistan-lebap",
        "verification_status": "verification_required"
      },
      "geometry": {
        "type": "Point",
        "coordinates": [
          62.01700689999999839,
          40.68342049999999687
        ]
      }
    },
    {
      "type": "Feature",
      "properties": {
        "slug": "turkmenistan-lebap-dowletli-ak-altyn",
        "name_tm": "Ak altyn",
        "name_en": "Ak altyn",
        "name_ru": "Ак алтын",
        "type": "village",
        "parent_slug": "turkmenistan-lebap-dowletli",
        "root_slug": "turkmenistan-lebap",
        "verification_status": "verification_required"
      },
      "geometry": {
        "type": "Point",
        "coordinates": [
          65.31409440000000188,
          38.0404812000000021
        ]
      }
    },
    {
      "type": "Feature",
      "properties": {
        "slug": "turkmenistan-lebap-dowletli-asgabat",
        "name_tm": "Aşgabat",
        "name_en": "Ashgabat",
        "name_ru": "Ашгабат",
        "type": "village",
        "parent_slug": "turkmenistan-lebap-dowletli",
        "root_slug": "turkmenistan-lebap",
        "verification_status": "verification_required"
      },
      "geometry": {
        "type": "Point",
        "coordinates": [
          65.58876060000000052,
          37.98220090000000226
        ]
      }
    },
    {
      "type": "Feature",
      "properties": {
        "slug": "turkmenistan-lebap-dowletli-asgabat-obasy",
        "name_tm": "Aşgabat obasy",
        "name_en": "Ashgabat village",
        "name_ru": "Ашгабат обасы",
        "type": "village",
        "parent_slug": "turkmenistan-lebap-dowletli",
        "root_slug": "turkmenistan-lebap",
        "verification_status": "verification_required"
      },
      "geometry": {
        "type": "Point",
        "coordinates": [
          65.58846619999999917,
          37.98035500000000298
        ]
      }
    },
    {
      "type": "Feature",
      "properties": {
        "slug": "turkmenistan-lebap-dowletli-berkararlyk-berkararlyk",
        "name_tm": "Berkararlyk",
        "name_en": "Berkararlyk",
        "name_ru": "Беркарарлык",
        "type": "village",
        "parent_slug": "turkmenistan-lebap-dowletli-berkararlyk",
        "root_slug": "turkmenistan-lebap",
        "verification_status": "verification_required"
      },
      "geometry": {
        "type": "Point",
        "coordinates": [
          65.37045449999999391,
          38.01588470000000086
        ]
      }
    },
    {
      "type": "Feature",
      "properties": {
        "slug": "turkmenistan-lebap-dowletli-berkararlyk-magtymguly",
        "name_tm": "Magtymguly",
        "name_en": "Magtymguly",
        "name_ru": "Магтымгулы",
        "type": "village",
        "parent_slug": "turkmenistan-lebap-dowletli-berkararlyk",
        "root_slug": "turkmenistan-lebap",
        "verification_status": "verification_required"
      },
      "geometry": {
        "type": "Point",
        "coordinates": [
          65.39028229999999554,
          38.02104570000000194
        ]
      }
    },
    {
      "type": "Feature",
      "properties": {
        "slug": "turkmenistan-lebap-dowletli-burgucy-canakcy",
        "name_tm": "Çanakçy",
        "name_en": "Çanakçy",
        "name_ru": "Чанакчы",
        "type": "village",
        "parent_slug": "turkmenistan-lebap-dowletli-burgucy",
        "root_slug": "turkmenistan-lebap",
        "verification_status": "verification_required"
      },
      "geometry": {
        "type": "Point",
        "coordinates": [
          65.52888950000000535,
          37.70420119999999998
        ]
      }
    },
    {
      "type": "Feature",
      "properties": {
        "slug": "turkmenistan-lebap-dowletli-burgucy-dayhan",
        "name_tm": "Daýhan",
        "name_en": "Daýhan",
        "name_ru": "Дайхан",
        "type": "village",
        "parent_slug": "turkmenistan-lebap-dowletli-burgucy",
        "root_slug": "turkmenistan-lebap",
        "verification_status": "verification_required"
      },
      "geometry": {
        "type": "Point",
        "coordinates": [
          65.42669920000000161,
          37.72722120000000245
        ]
      }
    },
    {
      "type": "Feature",
      "properties": {
        "slug": "turkmenistan-lebap-dowletli-burgucy-hatap",
        "name_tm": "Hatap",
        "name_en": "Hatap",
        "name_ru": "Хатаб",
        "type": "village",
        "parent_slug": "turkmenistan-lebap-dowletli-burgucy",
        "root_slug": "turkmenistan-lebap",
        "verification_status": "verification_required"
      },
      "geometry": {
        "type": "Point",
        "coordinates": [
          65.48410499999999957,
          37.72195560000000114
        ]
      }
    },
    {
      "type": "Feature",
      "properties": {
        "slug": "turkmenistan-lebap-dowletli-burgucy-olamsurhy",
        "name_tm": "Olamsurhy",
        "name_en": "Olamsurhy",
        "name_ru": "Оламсурхы",
        "type": "village",
        "parent_slug": "turkmenistan-lebap-dowletli-burgucy",
        "root_slug": "turkmenistan-lebap",
        "verification_status": "verification_required"
      },
      "geometry": {
        "type": "Point",
        "coordinates": [
          65.39159809999999596,
          37.73044459999999845
        ]
      }
    },
    {
      "type": "Feature",
      "properties": {
        "slug": "turkmenistan-lebap-dowletli-dasrabat-dasrabat",
        "name_tm": "Daşrabat",
        "name_en": "Daşrabat",
        "name_ru": "Дашрабат",
        "type": "village",
        "parent_slug": "turkmenistan-lebap-dowletli-dasrabat",
        "root_slug": "turkmenistan-lebap",
        "verification_status": "verification_required"
      },
      "geometry": {
        "type": "Point",
        "coordinates": [
          65.60554369999999836,
          37.66725809999999797
        ]
      }
    },
    {
      "type": "Feature",
      "properties": {
        "slug": "turkmenistan-lebap-dowletli-dasrabat-sarymeydan",
        "name_tm": "Sarymeýdan",
        "name_en": "Sarymeýdan",
        "name_ru": "Сарымейдан",
        "type": "village",
        "parent_slug": "turkmenistan-lebap-dowletli-dasrabat",
        "root_slug": "turkmenistan-lebap",
        "verification_status": "verification_required"
      },
      "geometry": {
        "type": "Point",
        "coordinates": [
          65.63982090000000368,
          37.6368988999999985
        ]
      }
    },
    {
      "type": "Feature",
      "properties": {
        "slug": "turkmenistan-lebap-dowletli-demiryolcy",
        "name_tm": "Demirýolçy",
        "name_en": "Demirýolçy",
        "name_ru": "Демирёлчы",
        "type": "village",
        "parent_slug": "turkmenistan-lebap-dowletli",
        "root_slug": "turkmenistan-lebap",
        "verification_status": "verification_required"
      },
      "geometry": {
        "type": "Point",
        "coordinates": [
          65.55764580000000307,
          38.27720699999999709
        ]
      }
    },
    {
      "type": "Feature",
      "properties": {
        "slug": "turkmenistan-lebap-dowletli-dostluk-village",
        "name_tm": "Dostluk",
        "name_en": "Dostluk",
        "name_ru": "Достлук",
        "type": "village",
        "parent_slug": "turkmenistan-lebap-dowletli",
        "root_slug": "turkmenistan-lebap",
        "verification_status": "verification_required"
      },
      "geometry": {
        "type": "Point",
        "coordinates": [
          65.57178659999999582,
          37.84384390000000309
        ]
      }
    },
    {
      "type": "Feature",
      "properties": {
        "slug": "turkmenistan-lebap-dowletli-garagum",
        "name_tm": "Garagum",
        "name_en": "Garagum",
        "name_ru": "Гарагум",
        "type": "village",
        "parent_slug": "turkmenistan-lebap-dowletli",
        "root_slug": "turkmenistan-lebap",
        "verification_status": "verification_required"
      },
      "geometry": {
        "type": "Point",
        "coordinates": [
          65.44535070000000588,
          37.96258009999999671
        ]
      }
    },
    {
      "type": "Feature",
      "properties": {
        "slug": "turkmenistan-lebap-dowletli-garassyzlyk",
        "name_tm": "Garaşsyzlyk",
        "name_en": "Garaşsyzlyk",
        "name_ru": "Гарашсызлык",
        "type": "village",
        "parent_slug": "turkmenistan-lebap-dowletli",
        "root_slug": "turkmenistan-lebap",
        "verification_status": "verification_required"
      },
      "geometry": {
        "type": "Point",
        "coordinates": [
          65.58492819999999312,
          37.77017359999999969
        ]
      }
    },
    {
      "type": "Feature",
      "properties": {
        "slug": "turkmenistan-lebap-dowletli-hojahayran-gyzguyy",
        "name_tm": "Gyzguýy",
        "name_en": "Gyzguýy",
        "name_ru": "Гызгуйы",
        "type": "village",
        "parent_slug": "turkmenistan-lebap-dowletli-hojahayran",
        "root_slug": "turkmenistan-lebap",
        "verification_status": "verification_required"
      },
      "geometry": {
        "type": "Point",
        "coordinates": [
          65.91840000000000544,
          38.16010059999999982
        ]
      }
    },
    {
      "type": "Feature",
      "properties": {
        "slug": "turkmenistan-lebap-dowletli-hojahayran-hojagurluk",
        "name_tm": "Hojagürlük",
        "name_en": "Hojagürlük",
        "name_ru": "Хожагурлук",
        "type": "village",
        "parent_slug": "turkmenistan-lebap-dowletli-hojahayran",
        "root_slug": "turkmenistan-lebap",
        "verification_status": "verification_required"
      },
      "geometry": {
        "type": "Point",
        "coordinates": [
          65.69122710000000609,
          38.06411130000000042
        ]
      }
    },
    {
      "type": "Feature",
      "properties": {
        "slug": "turkmenistan-lebap-dowletli-hojahayran-hojahayran",
        "name_tm": "Hojahaýran",
        "name_en": "Hojahaýran",
        "name_ru": "Хожахайран",
        "type": "village",
        "parent_slug": "turkmenistan-lebap-dowletli-hojahayran",
        "root_slug": "turkmenistan-lebap",
        "verification_status": "verification_required"
      },
      "geometry": {
        "type": "Point",
        "coordinates": [
          65.6450653999999929,
          38.01072210000000239
        ]
      }
    },
    {
      "type": "Feature",
      "properties": {
        "slug": "turkmenistan-lebap-dowletli-hojahayran-hojatutly",
        "name_tm": "Hojatutly",
        "name_en": "Hojatutly",
        "name_ru": "Хожатутлы",
        "type": "village",
        "parent_slug": "turkmenistan-lebap-dowletli-hojahayran",
        "root_slug": "turkmenistan-lebap",
        "verification_status": "verification_required"
      },
      "geometry": {
        "type": "Point",
        "coordinates": [
          65.99017639999999574,
          38.10283900000000302
        ]
      }
    },
    {
      "type": "Feature",
      "properties": {
        "slug": "turkmenistan-lebap-dowletli-hojahayran-korkak",
        "name_tm": "Körkak",
        "name_en": "Körkak",
        "name_ru": "Коркак",
        "type": "village",
        "parent_slug": "turkmenistan-lebap-dowletli-hojahayran",
        "root_slug": "turkmenistan-lebap",
        "verification_status": "verification_required"
      },
      "geometry": {
        "type": "Point",
        "coordinates": [
          65.71685100000000546,
          38.01682610000000296
        ]
      }
    },
    {
      "type": "Feature",
      "properties": {
        "slug": "turkmenistan-lebap-dowletli-jeyhun-obasy",
        "name_tm": "Jeýhun obasy",
        "name_en": "Jeýhun obasy",
        "name_ru": "Жейхун обасы",
        "type": "village",
        "parent_slug": "turkmenistan-lebap-dowletli",
        "root_slug": "turkmenistan-lebap",
        "verification_status": "verification_required"
      },
      "geometry": {
        "type": "Point",
        "coordinates": [
          65.16055520000000456,
          37.99707159999999818
        ]
      }
    },
    {
      "type": "Feature",
      "properties": {
        "slug": "turkmenistan-lebap-dowletli-pagtacy-jeyhun",
        "name_tm": "Jeýhun",
        "name_en": "Jeýhun",
        "name_ru": "Жейхун",
        "type": "village",
        "parent_slug": "turkmenistan-lebap-dowletli-pagtacy",
        "root_slug": "turkmenistan-lebap",
        "verification_status": "verification_required"
      },
      "geometry": {
        "type": "Point",
        "coordinates": [
          65.16145389999999793,
          37.99607429999999652
        ]
      }
    },
    {
      "type": "Feature",
      "properties": {
        "slug": "turkmenistan-lebap-dowletli-pagtacy-nowruz",
        "name_tm": "Nowruz",
        "name_en": "Novruz",
        "name_ru": "Новруз",
        "type": "village",
        "parent_slug": "turkmenistan-lebap-dowletli-pagtacy",
        "root_slug": "turkmenistan-lebap",
        "verification_status": "verification_required"
      },
      "geometry": {
        "type": "Point",
        "coordinates": [
          65.22043290000000582,
          37.92679979999999774
        ]
      }
    },
    {
      "type": "Feature",
      "properties": {
        "slug": "turkmenistan-lebap-dowletli-pagtacy-pagtacy",
        "name_tm": "Pagtaçy",
        "name_en": "Pagtaçy",
        "name_ru": "Пагтачы",
        "type": "village",
        "parent_slug": "turkmenistan-lebap-dowletli-pagtacy",
        "root_slug": "turkmenistan-lebap",
        "verification_status": "verification_required"
      },
      "geometry": {
        "type": "Point",
        "coordinates": [
          65.18638620000000116,
          37.97555289999999672
        ]
      }
    },
    {
      "type": "Feature",
      "properties": {
        "slug": "turkmenistan-lebap-dowletli-sardaba",
        "name_tm": "Sardaba",
        "name_en": "Sardaba",
        "name_ru": "Сардаба",
        "type": "village",
        "parent_slug": "turkmenistan-lebap-dowletli",
        "root_slug": "turkmenistan-lebap",
        "verification_status": "verification_required"
      },
      "geometry": {
        "type": "Point",
        "coordinates": [
          65.5316124000000002,
          38.16414950000000061
        ]
      }
    },
    {
      "type": "Feature",
      "properties": {
        "slug": "turkmenistan-lebap-dowletli-serdar",
        "name_tm": "Serdar",
        "name_en": "Serdar",
        "name_ru": "Сердар",
        "type": "village",
        "parent_slug": "turkmenistan-lebap-dowletli",
        "root_slug": "turkmenistan-lebap",
        "verification_status": "verification_required"
      },
      "geometry": {
        "type": "Point",
        "coordinates": [
          65.57826339999999732,
          37.86929740000000066
        ]
      }
    },
    {
      "type": "Feature",
      "properties": {
        "slug": "turkmenistan-lebap-dowletli-tallymerjen-tallymerjen",
        "name_tm": "Tallymerjen",
        "name_en": "Tallymerjen",
        "name_ru": "Таллымержен",
        "type": "village",
        "parent_slug": "turkmenistan-lebap-dowletli-tallymerjen",
        "root_slug": "turkmenistan-lebap",
        "verification_status": "verification_required"
      },
      "geometry": {
        "type": "Point",
        "coordinates": [
          65.50085459999999671,
          38.15789629999999732
        ]
      }
    },
    {
      "type": "Feature",
      "properties": {
        "slug": "turkmenistan-lebap-dowletli-tazedurmus-lebap",
        "name_tm": "Lebap",
        "name_en": "Lebap",
        "name_ru": "Лебап",
        "type": "village",
        "parent_slug": "turkmenistan-lebap-dowletli-tazedurmus",
        "root_slug": "turkmenistan-lebap",
        "verification_status": "verification_required"
      },
      "geometry": {
        "type": "Point",
        "coordinates": [
          65.55206110000000307,
          38.13389240000000057
        ]
      }
    },
    {
      "type": "Feature",
      "properties": {
        "slug": "turkmenistan-lebap-dowletli-tazedurmus-tazedurmus",
        "name_tm": "Täzedurmuş",
        "name_en": "Täzedurmuş",
        "name_ru": "Тазедурмуш",
        "type": "village",
        "parent_slug": "turkmenistan-lebap-dowletli-tazedurmus",
        "root_slug": "turkmenistan-lebap",
        "verification_status": "verification_required"
      },
      "geometry": {
        "type": "Point",
        "coordinates": [
          65.52016879999999332,
          38.14384100000000188
        ]
      }
    },
    {
      "type": "Feature",
      "properties": {
        "slug": "turkmenistan-lebap-dowletli-tazeguyc",
        "name_tm": "Täzegüýç",
        "name_en": "Täzegüýç",
        "name_ru": "Тазегуйч",
        "type": "village",
        "parent_slug": "turkmenistan-lebap-dowletli",
        "root_slug": "turkmenistan-lebap",
        "verification_status": "verification_required"
      },
      "geometry": {
        "type": "Point",
        "coordinates": [
          65.63104900000000441,
          37.86704550000000325
        ]
      }
    },
    {
      "type": "Feature",
      "properties": {
        "slug": "turkmenistan-lebap-dowletli-turkmenistan-arpasay",
        "name_tm": "Arpasaý",
        "name_en": "Arpasaý",
        "name_ru": "Арпасай",
        "type": "village",
        "parent_slug": "turkmenistan-lebap-dowletli-turkmenistan",
        "root_slug": "turkmenistan-lebap",
        "verification_status": "verification_required"
      },
      "geometry": {
        "type": "Point",
        "coordinates": [
          65.59302440000000444,
          37.80904890000000051
        ]
      }
    },
    {
      "type": "Feature",
      "properties": {
        "slug": "turkmenistan-lebap-dowletli-turkmenistan-obasy",
        "name_tm": "Türkmenistan obasy",
        "name_en": "Türkmenistan obasy",
        "name_ru": "Туркменистан обасы",
        "type": "village",
        "parent_slug": "turkmenistan-lebap-dowletli",
        "root_slug": "turkmenistan-lebap",
        "verification_status": "verification_required"
      },
      "geometry": {
        "type": "Point",
        "coordinates": [
          65.30915579999999921,
          37.78364160000000283
        ]
      }
    },
    {
      "type": "Feature",
      "properties": {
        "slug": "turkmenistan-lebap-dowletli-watan",
        "name_tm": "Watan",
        "name_en": "Watan",
        "name_ru": "Ватан",
        "type": "village",
        "parent_slug": "turkmenistan-lebap-dowletli",
        "root_slug": "turkmenistan-lebap",
        "verification_status": "verification_required"
      },
      "geometry": {
        "type": "Point",
        "coordinates": [
          65.58250549999999635,
          38.1089751000000021
        ]
      }
    },
    {
      "type": "Feature",
      "properties": {
        "slug": "turkmenistan-lebap-dowletli-yalkym-surhy",
        "name_tm": "Surhy",
        "name_en": "Surhy",
        "name_ru": "Сурхы",
        "type": "village",
        "parent_slug": "turkmenistan-lebap-dowletli-yalkym",
        "root_slug": "turkmenistan-lebap",
        "verification_status": "verification_required"
      },
      "geometry": {
        "type": "Point",
        "coordinates": [
          65.29973359999999616,
          37.80965969999999742
        ]
      }
    },
    {
      "type": "Feature",
      "properties": {
        "slug": "turkmenistan-lebap-dowletli-yalkym-turkmenistan",
        "name_tm": "Türkmenistan",
        "name_en": "Türkmenistan",
        "name_ru": "Туркменистан",
        "type": "village",
        "parent_slug": "turkmenistan-lebap-dowletli-yalkym",
        "root_slug": "turkmenistan-lebap",
        "verification_status": "verification_required"
      },
      "geometry": {
        "type": "Point",
        "coordinates": [
          65.30904339999999308,
          37.78458320000000014
        ]
      }
    },
    {
      "type": "Feature",
      "properties": {
        "slug": "turkmenistan-lebap-dowletli-yaslyk",
        "name_tm": "Ýaşlyk",
        "name_en": "Ýaşlyk",
        "name_ru": "Яшлык",
        "type": "village",
        "parent_slug": "turkmenistan-lebap-dowletli",
        "root_slug": "turkmenistan-lebap",
        "verification_status": "verification_required"
      },
      "geometry": {
        "type": "Point",
        "coordinates": [
          65.58067730000000494,
          37.81038379999999676
        ]
      }
    },
    {
      "type": "Feature",
      "properties": {
        "slug": "turkmenistan-lebap-farap-farap-bitik-genesligi",
        "name_tm": "Bitik geňeşligi",
        "name_en": "Bitik geňeşligi",
        "name_ru": "Битик генешлиги",
        "type": "village",
        "parent_slug": "turkmenistan-lebap-farap-farap",
        "root_slug": "turkmenistan-lebap",
        "verification_status": "verification_required"
      },
      "geometry": {
        "type": "Point",
        "coordinates": [
          63.5998773999999969,
          39.17392079999999766
        ]
      }
    },
    {
      "type": "Feature",
      "properties": {
        "slug": "turkmenistan-lebap-farap-farap-bitik-obasy",
        "name_tm": "Bitik obasy",
        "name_en": "Bitik obasy",
        "name_ru": "Битик обасы",
        "type": "village",
        "parent_slug": "turkmenistan-lebap-farap-farap",
        "root_slug": "turkmenistan-lebap",
        "verification_status": "verification_required"
      },
      "geometry": {
        "type": "Point",
        "coordinates": [
          63.59019959999999828,
          39.18588849999999723
        ]
      }
    },
    {
      "type": "Feature",
      "properties": {
        "slug": "turkmenistan-lebap-farap-farap-bitik-tazeyol",
        "name_tm": "Täzeýol",
        "name_en": "Täzeýol",
        "name_ru": "Тезеёл",
        "type": "village",
        "parent_slug": "turkmenistan-lebap-farap-farap-bitik",
        "root_slug": "turkmenistan-lebap",
        "verification_status": "verification_required"
      },
      "geometry": {
        "type": "Point",
        "coordinates": [
          63.60305389999999904,
          39.21193819999999875
        ]
      }
    },
    {
      "type": "Feature",
      "properties": {
        "slug": "turkmenistan-lebap-farap-farap-garamys-alemdar",
        "name_tm": "Älemdar",
        "name_en": "Älemdar",
        "name_ru": "Алемдар",
        "type": "village",
        "parent_slug": "turkmenistan-lebap-farap-farap-garamys",
        "root_slug": "turkmenistan-lebap",
        "verification_status": "verification_required"
      },
      "geometry": {
        "type": "Point",
        "coordinates": [
          63.5686686000000023,
          39.22824059999999947
        ]
      }
    },
    {
      "type": "Feature",
      "properties": {
        "slug": "turkmenistan-lebap-farap-farap-garamys-bozarykly",
        "name_tm": "Bozarykly",
        "name_en": "Bozarykly",
        "name_ru": "Бозарыклы",
        "type": "village",
        "parent_slug": "turkmenistan-lebap-farap-farap-garamys",
        "root_slug": "turkmenistan-lebap",
        "verification_status": "verification_required"
      },
      "geometry": {
        "type": "Point",
        "coordinates": [
          63.56552349999999763,
          39.2009836000000007
        ]
      }
    },
    {
      "type": "Feature",
      "properties": {
        "slug": "turkmenistan-lebap-farap-farap-garamys-obasy",
        "name_tm": "Garamyş obasy",
        "name_en": "Garamyş obasy",
        "name_ru": "Гарамыш обасы",
        "type": "village",
        "parent_slug": "turkmenistan-lebap-farap-farap",
        "root_slug": "turkmenistan-lebap",
        "verification_status": "verification_required"
      },
      "geometry": {
        "type": "Point",
        "coordinates": [
          63.54733379999999699,
          39.21945259999999677
        ]
      }
    },
    {
      "type": "Feature",
      "properties": {
        "slug": "turkmenistan-lebap-farap-farap-garamys-yolbascy",
        "name_tm": "Ýolbaşçy",
        "name_en": "Ýolbaşçy",
        "name_ru": "Ёлбашчи",
        "type": "village",
        "parent_slug": "turkmenistan-lebap-farap-farap-garamys",
        "root_slug": "turkmenistan-lebap",
        "verification_status": "verification_required"
      },
      "geometry": {
        "type": "Point",
        "coordinates": [
          63.55367679999999809,
          39.20121739999999732
        ]
      }
    },
    {
      "type": "Feature",
      "properties": {
        "slug": "turkmenistan-lebap-farap-farap-hanoba-goygala",
        "name_tm": "Goýgala",
        "name_en": "Goýgala",
        "name_ru": "Гойгала",
        "type": "village",
        "parent_slug": "turkmenistan-lebap-farap-farap-hanoba",
        "root_slug": "turkmenistan-lebap",
        "verification_status": "verification_required"
      },
      "geometry": {
        "type": "Point",
        "coordinates": [
          63.51944929999999801,
          39.23837199999999826
        ]
      }
    },
    {
      "type": "Feature",
      "properties": {
        "slug": "turkmenistan-lebap-farap-farap-hanoba-handek",
        "name_tm": "Händek",
        "name_en": "Händek",
        "name_ru": "Хандек",
        "type": "village",
        "parent_slug": "turkmenistan-lebap-farap-farap-hanoba",
        "root_slug": "turkmenistan-lebap",
        "verification_status": "verification_required"
      },
      "geometry": {
        "type": "Point",
        "coordinates": [
          63.46411489999999845,
          39.257447599999999
        ]
      }
    },
    {
      "type": "Feature",
      "properties": {
        "slug": "turkmenistan-lebap-farap-farap-hanoba-parahat",
        "name_tm": "Parahat",
        "name_en": "Parahat",
        "name_ru": "Парахат",
        "type": "village",
        "parent_slug": "turkmenistan-lebap-farap-farap-hanoba",
        "root_slug": "turkmenistan-lebap",
        "verification_status": "verification_required"
      },
      "geometry": {
        "type": "Point",
        "coordinates": [
          63.52417770000000274,
          39.22147799999999763
        ]
      }
    },
    {
      "type": "Feature",
      "properties": {
        "slug": "turkmenistan-lebap-farap-farap-hanoba-tuygun",
        "name_tm": "Tuýgun",
        "name_en": "Tuýgun",
        "name_ru": "Туйгун",
        "type": "village",
        "parent_slug": "turkmenistan-lebap-farap-farap-hanoba",
        "root_slug": "turkmenistan-lebap",
        "verification_status": "verification_required"
      },
      "geometry": {
        "type": "Point",
        "coordinates": [
          63.50782170000000093,
          39.22895989999999955
        ]
      }
    },
    {
      "type": "Feature",
      "properties": {
        "slug": "turkmenistan-lebap-farap-farap-hojakenepsi-akrabat",
        "name_tm": "Akrabat",
        "name_en": "Akrabat",
        "name_ru": "Акрабат",
        "type": "village",
        "parent_slug": "turkmenistan-lebap-farap-farap-hojakenepsi",
        "root_slug": "turkmenistan-lebap",
        "verification_status": "verification_required"
      },
      "geometry": {
        "type": "Point",
        "coordinates": [
          62.99493269999999968,
          39.5324397999999988
        ]
      }
    },
    {
      "type": "Feature",
      "properties": {
        "slug": "turkmenistan-lebap-farap-farap-hojakenepsi-eljik",
        "name_tm": "Eljik",
        "name_en": "Eljik",
        "name_ru": "Эльджик",
        "type": "village",
        "parent_slug": "turkmenistan-lebap-farap-farap-hojakenepsi",
        "root_slug": "turkmenistan-lebap",
        "verification_status": "verification_required"
      },
      "geometry": {
        "type": "Point",
        "coordinates": [
          62.98632440000000087,
          39.41498870000000209
        ]
      }
    },
    {
      "type": "Feature",
      "properties": {
        "slug": "turkmenistan-lebap-farap-farap-hojakenepsi-hojakenepsi",
        "name_tm": "Hojakenepsi",
        "name_en": "Hojakenepsi",
        "name_ru": "Хожакенепси",
        "type": "village",
        "parent_slug": "turkmenistan-lebap-farap-farap-hojakenepsi",
        "root_slug": "turkmenistan-lebap",
        "verification_status": "verification_required"
      },
      "geometry": {
        "type": "Point",
        "coordinates": [
          63.05515799999999871,
          39.39505590000000268
        ]
      }
    },
    {
      "type": "Feature",
      "properties": {
        "slug": "turkmenistan-lebap-farap-farap-jendi-bassaka",
        "name_tm": "Başsaka",
        "name_en": "Başsaka",
        "name_ru": "Башсака",
        "type": "village",
        "parent_slug": "turkmenistan-lebap-farap-farap-jendi",
        "root_slug": "turkmenistan-lebap",
        "verification_status": "verification_required"
      },
      "geometry": {
        "type": "Point",
        "coordinates": [
          63.69882779999999656,
          39.12740120000000132
        ]
      }
    },
    {
      "type": "Feature",
      "properties": {
        "slug": "turkmenistan-lebap-farap-farap-jendi-gosaaryk",
        "name_tm": "Goşaaryk",
        "name_en": "Goşaaryk",
        "name_ru": "Гошаарык",
        "type": "village",
        "parent_slug": "turkmenistan-lebap-farap-farap-jendi",
        "root_slug": "turkmenistan-lebap",
        "verification_status": "verification_required"
      },
      "geometry": {
        "type": "Point",
        "coordinates": [
          63.68659360000000191,
          39.12488160000000192
        ]
      }
    },
    {
      "type": "Feature",
      "properties": {
        "slug": "turkmenistan-lebap-farap-farap-jendi-jendi",
        "name_tm": "Jendi",
        "name_en": "Jendi",
        "name_ru": "Женди",
        "type": "village",
        "parent_slug": "turkmenistan-lebap-farap-farap-jendi",
        "root_slug": "turkmenistan-lebap",
        "verification_status": "verification_required"
      },
      "geometry": {
        "type": "Point",
        "coordinates": [
          63.62647830000000226,
          39.14710589999999968
        ]
      }
    },
    {
      "type": "Feature",
      "properties": {
        "slug": "turkmenistan-lebap-farap-farap-jendi-kundearyk",
        "name_tm": "Kündearyk",
        "name_en": "Kündearyk",
        "name_ru": "Кундеарык",
        "type": "village",
        "parent_slug": "turkmenistan-lebap-farap-farap-jendi",
        "root_slug": "turkmenistan-lebap",
        "verification_status": "verification_required"
      },
      "geometry": {
        "type": "Point",
        "coordinates": [
          63.65982890000000082,
          39.14580320000000314
        ]
      }
    },
    {
      "type": "Feature",
      "properties": {
        "slug": "turkmenistan-lebap-farap-farap-jendi-sandykly",
        "name_tm": "Sandykly",
        "name_en": "Sandykly",
        "name_ru": "Сандыклы",
        "type": "village",
        "parent_slug": "turkmenistan-lebap-farap-farap-jendi",
        "root_slug": "turkmenistan-lebap",
        "verification_status": "verification_required"
      },
      "geometry": {
        "type": "Point",
        "coordinates": [
          63.65971640000000064,
          39.14940500000000156
        ]
      }
    },
    {
      "type": "Feature",
      "properties": {
        "slug": "turkmenistan-lebap-farap-farap-jendi-yalkym",
        "name_tm": "Ýalkym",
        "name_en": "Ýalkym",
        "name_ru": "Ялкым",
        "type": "village",
        "parent_slug": "turkmenistan-lebap-farap-farap-jendi",
        "root_slug": "turkmenistan-lebap",
        "verification_status": "verification_required"
      },
      "geometry": {
        "type": "Point",
        "coordinates": [
          63.67918170000000088,
          39.14344390000000117
        ]
      }
    },
    {
      "type": "Feature",
      "properties": {
        "slug": "turkmenistan-lebap-farap-farap-kyrac-kyrac",
        "name_tm": "Kyraç",
        "name_en": "Kyraç",
        "name_ru": "Кырач",
        "type": "village",
        "parent_slug": "turkmenistan-lebap-farap-farap-kyrac",
        "root_slug": "turkmenistan-lebap",
        "verification_status": "verification_required"
      },
      "geometry": {
        "type": "Point",
        "coordinates": [
          63.40661709999999829,
          39.28933419999999899
        ]
      }
    },
    {
      "type": "Feature",
      "properties": {
        "slug": "turkmenistan-lebap-farap-farap-kyrac-mergenli",
        "name_tm": "Mergenli",
        "name_en": "Mergenli",
        "name_ru": "Мергенли",
        "type": "village",
        "parent_slug": "turkmenistan-lebap-farap-farap-kyrac",
        "root_slug": "turkmenistan-lebap",
        "verification_status": "verification_required"
      },
      "geometry": {
        "type": "Point",
        "coordinates": [
          63.37849409999999751,
          39.29892920000000345
        ]
      }
    },
    {
      "type": "Feature",
      "properties": {
        "slug": "turkmenistan-lebap-farap-farap-kyrac-yaslyk",
        "name_tm": "Ýaşlyk",
        "name_en": "Ýaşlyk",
        "name_ru": "Яшлык",
        "type": "village",
        "parent_slug": "turkmenistan-lebap-farap-farap-kyrac",
        "root_slug": "turkmenistan-lebap",
        "verification_status": "verification_required"
      },
      "geometry": {
        "type": "Point",
        "coordinates": [
          63.34453719999999777,
          39.30793580000000276
        ]
      }
    },
    {
      "type": "Feature",
      "properties": {
        "slug": "turkmenistan-lebap-farap-farap-magtymguly-obasy",
        "name_tm": "Magtymguly obasy",
        "name_en": "Magtymguly obasy",
        "name_ru": "Магтымгулы обасы",
        "type": "village",
        "parent_slug": "turkmenistan-lebap-farap-farap",
        "root_slug": "turkmenistan-lebap",
        "verification_status": "verification_required"
      },
      "geometry": {
        "type": "Point",
        "coordinates": [
          63.60232239999999849,
          39.17267760000000009
        ]
      }
    },
    {
      "type": "Feature",
      "properties": {
        "slug": "turkmenistan-lebap-farap-farap-osty-gadyn",
        "name_tm": "Gadyn",
        "name_en": "Gadyn",
        "name_ru": "Гадын",
        "type": "village",
        "parent_slug": "turkmenistan-lebap-farap-farap-osty",
        "root_slug": "turkmenistan-lebap",
        "verification_status": "verification_required"
      },
      "geometry": {
        "type": "Point",
        "coordinates": [
          63.29990020000000328,
          39.32159999999999655
        ]
      }
    },
    {
      "type": "Feature",
      "properties": {
        "slug": "turkmenistan-lebap-farap-farap-osty-osty",
        "name_tm": "Osty",
        "name_en": "Osty",
        "name_ru": "Осты",
        "type": "village",
        "parent_slug": "turkmenistan-lebap-farap-farap-osty",
        "root_slug": "turkmenistan-lebap",
        "verification_status": "verification_required"
      },
      "geometry": {
        "type": "Point",
        "coordinates": [
          63.24416699999999736,
          39.34583299999999895
        ]
      }
    },
    {
      "type": "Feature",
      "properties": {
        "slug": "turkmenistan-lebap-farap-farap-yylmangaya",
        "name_tm": "Ýylmangaýa",
        "name_en": "Ýylmangaýa",
        "name_ru": "Йылмангая",
        "type": "village",
        "parent_slug": "turkmenistan-lebap-farap-farap",
        "root_slug": "turkmenistan-lebap",
        "verification_status": "verification_required"
      },
      "geometry": {
        "type": "Point",
        "coordinates": [
          63.01662009999999726,
          39.38789140000000088
        ]
      }
    },
    {
      "type": "Feature",
      "properties": {
        "slug": "turkmenistan-lebap-garabekewul-garabekewul-akgala-akgala",
        "name_tm": "Akgala",
        "name_en": "Akgala",
        "name_ru": "Акгала",
        "type": "village",
        "parent_slug": "turkmenistan-lebap-garabekewul-garabekewul-akgala",
        "root_slug": "turkmenistan-lebap",
        "verification_status": "verification_required"
      },
      "geometry": {
        "type": "Point",
        "coordinates": [
          64.05318780000000344,
          38.51522769999999695
        ]
      }
    },
    {
      "type": "Feature",
      "properties": {
        "slug": "turkmenistan-lebap-garabekewul-garabekewul-akgala-gutnamgala",
        "name_tm": "Gutnamgala",
        "name_en": "Gutnamgala",
        "name_ru": "Гутнамгала",
        "type": "village",
        "parent_slug": "turkmenistan-lebap-garabekewul-garabekewul-akgala",
        "root_slug": "turkmenistan-lebap",
        "verification_status": "verification_required"
      },
      "geometry": {
        "type": "Point",
        "coordinates": [
          64.06564509999999757,
          38.53139889999999924
        ]
      }
    },
    {
      "type": "Feature",
      "properties": {
        "slug": "turkmenistan-lebap-garabekewul-garabekewul-akgala-hasyl",
        "name_tm": "Hasyl",
        "name_en": "Hasyl",
        "name_ru": "Хасыл",
        "type": "village",
        "parent_slug": "turkmenistan-lebap-garabekewul-garabekewul-akgala",
        "root_slug": "turkmenistan-lebap",
        "verification_status": "verification_required"
      },
      "geometry": {
        "type": "Point",
        "coordinates": [
          64.05223970000000122,
          38.54632629999999693
        ]
      }
    },
    {
      "type": "Feature",
      "properties": {
        "slug": "turkmenistan-lebap-garabekewul-garabekewul-akgala-salyk",
        "name_tm": "Şalyk",
        "name_en": "Şalyk",
        "name_ru": "Шалык",
        "type": "village",
        "parent_slug": "turkmenistan-lebap-garabekewul-garabekewul-akgala",
        "root_slug": "turkmenistan-lebap",
        "verification_status": "verification_required"
      },
      "geometry": {
        "type": "Point",
        "coordinates": [
          64.07384890000000154,
          38.49988530000000253
        ]
      }
    },
    {
      "type": "Feature",
      "properties": {
        "slug": "turkmenistan-lebap-garabekewul-garabekewul-arsarybaba-asgaly",
        "name_tm": "Aşgaly",
        "name_en": "Aşgaly",
        "name_ru": "Ашгалы",
        "type": "village",
        "parent_slug": "turkmenistan-lebap-garabekewul-garabekewul-arsarybaba",
        "root_slug": "turkmenistan-lebap",
        "verification_status": "verification_required"
      },
      "geometry": {
        "type": "Point",
        "coordinates": [
          64.13055009999999356,
          38.46813319999999691
        ]
      }
    },
    {
      "type": "Feature",
      "properties": {
        "slug": "turkmenistan-lebap-garabekewul-garabekewul-arsarybaba-haryn",
        "name_tm": "Haryn",
        "name_en": "Haryn",
        "name_ru": "Харын",
        "type": "village",
        "parent_slug": "turkmenistan-lebap-garabekewul-garabekewul-arsarybaba",
        "root_slug": "turkmenistan-lebap",
        "verification_status": "verification_required"
      },
      "geometry": {
        "type": "Point",
        "coordinates": [
          64.12774550000000317,
          38.48433550000000025
        ]
      }
    },
    {
      "type": "Feature",
      "properties": {
        "slug": "turkmenistan-lebap-garabekewul-garabekewul-arsarybaba-ogem",
        "name_tm": "Ögem",
        "name_en": "Ögem",
        "name_ru": "Огем",
        "type": "village",
        "parent_slug": "turkmenistan-lebap-garabekewul-garabekewul-arsarybaba",
        "root_slug": "turkmenistan-lebap",
        "verification_status": "verification_required"
      },
      "geometry": {
        "type": "Point",
        "coordinates": [
          64.1046651000000054,
          38.49175730000000329
        ]
      }
    },
    {
      "type": "Feature",
      "properties": {
        "slug": "turkmenistan-lebap-garabekewul-garabekewul-bay-bay",
        "name_tm": "Baý",
        "name_en": "Baý",
        "name_ru": "Бай",
        "type": "village",
        "parent_slug": "turkmenistan-lebap-garabekewul-garabekewul-bay",
        "root_slug": "turkmenistan-lebap",
        "verification_status": "verification_required"
      },
      "geometry": {
        "type": "Point",
        "coordinates": [
          64.23149960000000647,
          38.42556350000000265
        ]
      }
    },
    {
      "type": "Feature",
      "properties": {
        "slug": "turkmenistan-lebap-garabekewul-garabekewul-bay-obasy",
        "name_tm": "Baý obasy",
        "name_en": "Baý obasy",
        "name_ru": "Бай обасы",
        "type": "village",
        "parent_slug": "turkmenistan-lebap-garabekewul-garabekewul",
        "root_slug": "turkmenistan-lebap",
        "verification_status": "verification_required"
      },
      "geometry": {
        "type": "Point",
        "coordinates": [
          64.23663279999999532,
          38.43094339999999675
        ]
      }
    },
    {
      "type": "Feature",
      "properties": {
        "slug": "turkmenistan-lebap-garabekewul-garabekewul-bay-saglar",
        "name_tm": "Şaglar",
        "name_en": "Şaglar",
        "name_ru": "Шаглар",
        "type": "village",
        "parent_slug": "turkmenistan-lebap-garabekewul-garabekewul-bay",
        "root_slug": "turkmenistan-lebap",
        "verification_status": "verification_required"
      },
      "geometry": {
        "type": "Point",
        "coordinates": [
          64.20569779999999583,
          38.45433249999999959
        ]
      }
    },
    {
      "type": "Feature",
      "properties": {
        "slug": "turkmenistan-lebap-garabekewul-garabekewul-dostluk-abdallar",
        "name_tm": "Abdallar",
        "name_en": "Abdallar",
        "name_ru": "Абдаллар",
        "type": "village",
        "parent_slug": "turkmenistan-lebap-garabekewul-garabekewul-dostluk",
        "root_slug": "turkmenistan-lebap",
        "verification_status": "verification_required"
      },
      "geometry": {
        "type": "Point",
        "coordinates": [
          64.05533710000000269,
          38.61047740000000061
        ]
      }
    },
    {
      "type": "Feature",
      "properties": {
        "slug": "turkmenistan-lebap-garabekewul-garabekewul-dostluk-batasjennel",
        "name_tm": "Bataşjeňňel",
        "name_en": "Bataşjeňňel",
        "name_ru": "Баташженнел",
        "type": "village",
        "parent_slug": "turkmenistan-lebap-garabekewul-garabekewul-dostluk",
        "root_slug": "turkmenistan-lebap",
        "verification_status": "verification_required"
      },
      "geometry": {
        "type": "Point",
        "coordinates": [
          64.07857760000000268,
          38.59759830000000135
        ]
      }
    },
    {
      "type": "Feature",
      "properties": {
        "slug": "turkmenistan-lebap-garabekewul-garabekewul-dostluk-bozaryk",
        "name_tm": "Bozaryk",
        "name_en": "Bozaryk",
        "name_ru": "Бозарык",
        "type": "village",
        "parent_slug": "turkmenistan-lebap-garabekewul-garabekewul-dostluk",
        "root_slug": "turkmenistan-lebap",
        "verification_status": "verification_required"
      },
      "geometry": {
        "type": "Point",
        "coordinates": [
          64.04824610000000006,
          38.60087349999999873
        ]
      }
    },
    {
      "type": "Feature",
      "properties": {
        "slug": "turkmenistan-lebap-garabekewul-garabekewul-gokdepe-obasy",
        "name_tm": "Gökdepe obasy",
        "name_en": "Gökdepe obasy",
        "name_ru": "Гокдепе обасы",
        "type": "village",
        "parent_slug": "turkmenistan-lebap-garabekewul-garabekewul",
        "root_slug": "turkmenistan-lebap",
        "verification_status": "verification_required"
      },
      "geometry": {
        "type": "Point",
        "coordinates": [
          64.38313809999999649,
          38.2952918000000011
        ]
      }
    },
    {
      "type": "Feature",
      "properties": {
        "slug": "turkmenistan-lebap-garabekewul-garabekewul-hojagunduz",
        "name_tm": "Hojagunduz",
        "name_en": "Hojagunduz",
        "name_ru": "Хожагундуз",
        "type": "village",
        "parent_slug": "turkmenistan-lebap-garabekewul-garabekewul",
        "root_slug": "turkmenistan-lebap",
        "verification_status": "verification_required"
      },
      "geometry": {
        "type": "Point",
        "coordinates": [
          64.22422930000000462,
          38.44073660000000103
        ]
      }
    },
    {
      "type": "Feature",
      "properties": {
        "slug": "turkmenistan-lebap-garabekewul-garabekewul-lamma-cakmak",
        "name_tm": "Çakmak",
        "name_en": "Çakmak",
        "name_ru": "Чакмак",
        "type": "village",
        "parent_slug": "turkmenistan-lebap-garabekewul-garabekewul-lamma",
        "root_slug": "turkmenistan-lebap",
        "verification_status": "verification_required"
      },
      "geometry": {
        "type": "Point",
        "coordinates": [
          64.0087132999999966,
          38.56935870000000221
        ]
      }
    },
    {
      "type": "Feature",
      "properties": {
        "slug": "turkmenistan-lebap-garabekewul-garabekewul-rahmancage-rahmancage",
        "name_tm": "Rahmançäge",
        "name_en": "Rahmançäge",
        "name_ru": "Рахманчаге",
        "type": "village",
        "parent_slug": "turkmenistan-lebap-garabekewul-garabekewul-rahmancage",
        "root_slug": "turkmenistan-lebap",
        "verification_status": "verification_required"
      },
      "geometry": {
        "type": "Point",
        "coordinates": [
          64.07859550000000582,
          38.48069399999999974
        ]
      }
    },
    {
      "type": "Feature",
      "properties": {
        "slug": "turkmenistan-lebap-garabekewul-garabekewul-seydi-akdepe",
        "name_tm": "Akdepe",
        "name_en": "Akdepe",
        "name_ru": "Акдепе",
        "type": "village",
        "parent_slug": "turkmenistan-lebap-garabekewul-garabekewul-seydi",
        "root_slug": "turkmenistan-lebap",
        "verification_status": "verification_required"
      },
      "geometry": {
        "type": "Point",
        "coordinates": [
          63.9851713999999987,
          38.63084659999999815
        ]
      }
    },
    {
      "type": "Feature",
      "properties": {
        "slug": "turkmenistan-lebap-garabekewul-garabekewul-seydi-burgut",
        "name_tm": "Bürgüt",
        "name_en": "Bürgüt",
        "name_ru": "Бургут",
        "type": "village",
        "parent_slug": "turkmenistan-lebap-garabekewul-garabekewul-seydi",
        "root_slug": "turkmenistan-lebap",
        "verification_status": "verification_required"
      },
      "geometry": {
        "type": "Point",
        "coordinates": [
          64.0539571000000052,
          38.56908169999999814
        ]
      }
    },
    {
      "type": "Feature",
      "properties": {
        "slug": "turkmenistan-lebap-garabekewul-garabekewul-seydi-garaltay",
        "name_tm": "Garaltaý",
        "name_en": "Garaltaý",
        "name_ru": "Гаралтай",
        "type": "village",
        "parent_slug": "turkmenistan-lebap-garabekewul-garabekewul-seydi",
        "root_slug": "turkmenistan-lebap",
        "verification_status": "verification_required"
      },
      "geometry": {
        "type": "Point",
        "coordinates": [
          64.0421625999999975,
          38.59117909999999796
        ]
      }
    },
    {
      "type": "Feature",
      "properties": {
        "slug": "turkmenistan-lebap-garabekewul-garabekewul-seydi-saltyk",
        "name_tm": "Saltyk",
        "name_en": "Saltyk",
        "name_ru": "Салтык",
        "type": "village",
        "parent_slug": "turkmenistan-lebap-garabekewul-garabekewul-seydi",
        "root_slug": "turkmenistan-lebap",
        "verification_status": "verification_required"
      },
      "geometry": {
        "type": "Point",
        "coordinates": [
          64.01025959999999771,
          38.60679340000000081
        ]
      }
    },
    {
      "type": "Feature",
      "properties": {
        "slug": "turkmenistan-lebap-garabekewul-garabekewul-seydi-seydi",
        "name_tm": "Seýdi",
        "name_en": "Seýdi",
        "name_ru": "Сейди",
        "type": "village",
        "parent_slug": "turkmenistan-lebap-garabekewul-garabekewul-seydi",
        "root_slug": "turkmenistan-lebap",
        "verification_status": "verification_required"
      },
      "geometry": {
        "type": "Point",
        "coordinates": [
          64.03056479999999339,
          38.57989119999999872
        ]
      }
    },
    {
      "type": "Feature",
      "properties": {
        "slug": "turkmenistan-lebap-garabekewul-garabekewul-seydi-sorly",
        "name_tm": "Şorly",
        "name_en": "Şorly",
        "name_ru": "Шорлы",
        "type": "village",
        "parent_slug": "turkmenistan-lebap-garabekewul-garabekewul-seydi",
        "root_slug": "turkmenistan-lebap",
        "verification_status": "verification_required"
      },
      "geometry": {
        "type": "Point",
        "coordinates": [
          64.01174039999999365,
          38.62745780000000195
        ]
      }
    },
    {
      "type": "Feature",
      "properties": {
        "slug": "turkmenistan-lebap-garabekewul-garabekewul-soltanjennel",
        "name_tm": "Soltanjeňňel",
        "name_en": "Soltanjeňňel",
        "name_ru": "Солтанженнел",
        "type": "village",
        "parent_slug": "turkmenistan-lebap-garabekewul-garabekewul",
        "root_slug": "turkmenistan-lebap",
        "verification_status": "verification_required"
      },
      "geometry": {
        "type": "Point",
        "coordinates": [
          64.303297900000004,
          38.40587500000000176
        ]
      }
    },
    {
      "type": "Feature",
      "properties": {
        "slug": "turkmenistan-lebap-garabekewul-garabekewul-soltanyazgala-soltanyazgala",
        "name_tm": "Soltanýazgala",
        "name_en": "Soltanýazgala",
        "name_ru": "Солтанязгала",
        "type": "village",
        "parent_slug": "turkmenistan-lebap-garabekewul-garabekewul-soltanyazgala",
        "root_slug": "turkmenistan-lebap",
        "verification_status": "verification_required"
      },
      "geometry": {
        "type": "Point",
        "coordinates": [
          63.99259140000000201,
          38.65223379999999765
        ]
      }
    },
    {
      "type": "Feature",
      "properties": {
        "slug": "turkmenistan-lebap-garabekewul-garabekewul-zelili-adyndaky-berkarar-zaman",
        "name_tm": "Berkarar Zaman",
        "name_en": "Berkarar Zaman",
        "name_ru": "Беркарар заман",
        "type": "village",
        "parent_slug": "turkmenistan-lebap-garabekewul-garabekewul-zelili-adyndaky",
        "root_slug": "turkmenistan-lebap",
        "verification_status": "verification_required"
      },
      "geometry": {
        "type": "Point",
        "coordinates": [
          64.3610192000000012,
          38.29558500000000266
        ]
      }
    },
    {
      "type": "Feature",
      "properties": {
        "slug": "turkmenistan-lebap-garabekewul-garabekewul-zelili-adyndaky-gokdepe",
        "name_tm": "Gökdepe",
        "name_en": "Gökdepe",
        "name_ru": "Гокдепе",
        "type": "village",
        "parent_slug": "turkmenistan-lebap-garabekewul-garabekewul-zelili-adyndaky",
        "root_slug": "turkmenistan-lebap",
        "verification_status": "verification_required"
      },
      "geometry": {
        "type": "Point",
        "coordinates": [
          64.38238669999999786,
          38.29594339999999875
        ]
      }
    },
    {
      "type": "Feature",
      "properties": {
        "slug": "turkmenistan-lebap-halac-halac-altyn-asyr-arygayak",
        "name_tm": "Arygaýak",
        "name_en": "Arygaýak",
        "name_ru": "Арыгаяк",
        "type": "village",
        "parent_slug": "turkmenistan-lebap-halac-halac-altyn-asyr",
        "root_slug": "turkmenistan-lebap",
        "verification_status": "verification_required"
      },
      "geometry": {
        "type": "Point",
        "coordinates": [
          64.9618454000000014,
          38.02034460000000137
        ]
      }
    },
    {
      "type": "Feature",
      "properties": {
        "slug": "turkmenistan-lebap-halac-halac-altyn-asyr-bayhalky",
        "name_tm": "Baýhalky",
        "name_en": "Baýhalky",
        "name_ru": "Байхалкы",
        "type": "village",
        "parent_slug": "turkmenistan-lebap-halac-halac-altyn-asyr",
        "root_slug": "turkmenistan-lebap",
        "verification_status": "verification_required"
      },
      "geometry": {
        "type": "Point",
        "coordinates": [
          64.98563439999999503,
          38.00215349999999859
        ]
      }
    },
    {
      "type": "Feature",
      "properties": {
        "slug": "turkmenistan-lebap-halac-halac-altyn-asyr-kazyaryk",
        "name_tm": "Kazyaryk",
        "name_en": "Kazyaryk",
        "name_ru": "Казыарык",
        "type": "village",
        "parent_slug": "turkmenistan-lebap-halac-halac-altyn-asyr",
        "root_slug": "turkmenistan-lebap",
        "verification_status": "verification_required"
      },
      "geometry": {
        "type": "Point",
        "coordinates": [
          65.00500909999999522,
          38.006348899999999
        ]
      }
    },
    {
      "type": "Feature",
      "properties": {
        "slug": "turkmenistan-lebap-halac-halac-altyn-asyr-maspaya",
        "name_tm": "Mäşpaýa",
        "name_en": "Mäşpaýa",
        "name_ru": "Машпая",
        "type": "village",
        "parent_slug": "turkmenistan-lebap-halac-halac-altyn-asyr",
        "root_slug": "turkmenistan-lebap",
        "verification_status": "verification_required"
      },
      "geometry": {
        "type": "Point",
        "coordinates": [
          65.00739609999999402,
          37.98351219999999984
        ]
      }
    },
    {
      "type": "Feature",
      "properties": {
        "slug": "turkmenistan-lebap-halac-halac-altyn-asyr-pesti",
        "name_tm": "Pesti",
        "name_en": "Pesti",
        "name_ru": "Пести",
        "type": "village",
        "parent_slug": "turkmenistan-lebap-halac-halac-altyn-asyr",
        "root_slug": "turkmenistan-lebap",
        "verification_status": "verification_required"
      },
      "geometry": {
        "type": "Point",
        "coordinates": [
          64.98933560000000397,
          38.0186040000000034
        ]
      }
    },
    {
      "type": "Feature",
      "properties": {
        "slug": "turkmenistan-lebap-halac-halac-azady-obasy",
        "name_tm": "Azady obasy",
        "name_en": "Azady obasy",
        "name_ru": "Азады обасы",
        "type": "village",
        "parent_slug": "turkmenistan-lebap-halac-halac",
        "root_slug": "turkmenistan-lebap",
        "verification_status": "verification_required"
      },
      "geometry": {
        "type": "Point",
        "coordinates": [
          64.83721819999999525,
          38.07856710000000077
        ]
      }
    },
    {
      "type": "Feature",
      "properties": {
        "slug": "turkmenistan-lebap-halac-halac-cylan",
        "name_tm": "Çylan",
        "name_en": "Çylan",
        "name_ru": "Чылан",
        "type": "village",
        "parent_slug": "turkmenistan-lebap-halac-halac",
        "root_slug": "turkmenistan-lebap",
        "verification_status": "verification_required"
      },
      "geometry": {
        "type": "Point",
        "coordinates": [
          64.99774809999999548,
          37.99454930000000275
        ]
      }
    },
    {
      "type": "Feature",
      "properties": {
        "slug": "turkmenistan-lebap-halac-halac-cylan-obasy",
        "name_tm": "Çylan obasy",
        "name_en": "Çylan obasy",
        "name_ru": "Чылан обасы",
        "type": "village",
        "parent_slug": "turkmenistan-lebap-halac-halac",
        "root_slug": "turkmenistan-lebap",
        "verification_status": "verification_required"
      },
      "geometry": {
        "type": "Point",
        "coordinates": [
          64.99800749999999994,
          37.99372449999999902
        ]
      }
    },
    {
      "type": "Feature",
      "properties": {
        "slug": "turkmenistan-lebap-halac-halac-esenmenli-esenmenli",
        "name_tm": "Esenmeňli",
        "name_en": "Esenmeňli",
        "name_ru": "Эсенменгли",
        "type": "village",
        "parent_slug": "turkmenistan-lebap-halac-halac-esenmenli",
        "root_slug": "turkmenistan-lebap",
        "verification_status": "verification_required"
      },
      "geometry": {
        "type": "Point",
        "coordinates": [
          64.71966510000000027,
          38.12992729999999853
        ]
      }
    },
    {
      "type": "Feature",
      "properties": {
        "slug": "turkmenistan-lebap-halac-halac-esenmenli-magtymguly-adyndaky",
        "name_tm": "Magtymguly adyndaky",
        "name_en": "Magtymguly adyndaky",
        "name_ru": "Магтымгулы адындакы",
        "type": "village",
        "parent_slug": "turkmenistan-lebap-halac-halac-esenmenli",
        "root_slug": "turkmenistan-lebap",
        "verification_status": "verification_required"
      },
      "geometry": {
        "type": "Point",
        "coordinates": [
          64.79083199999999465,
          38.11379949999999895
        ]
      }
    },
    {
      "type": "Feature",
      "properties": {
        "slug": "turkmenistan-lebap-halac-halac-esenmenli-zynhary",
        "name_tm": "Zynhary",
        "name_en": "Zynhary",
        "name_ru": "Зынхары",
        "type": "village",
        "parent_slug": "turkmenistan-lebap-halac-halac-esenmenli",
        "root_slug": "turkmenistan-lebap",
        "verification_status": "verification_required"
      },
      "geometry": {
        "type": "Point",
        "coordinates": [
          64.74375879999999483,
          38.1085281000000009
        ]
      }
    },
    {
      "type": "Feature",
      "properties": {
        "slug": "turkmenistan-lebap-halac-halac-gumakly",
        "name_tm": "Gumakly",
        "name_en": "Gumakly",
        "name_ru": "Гумаклы",
        "type": "village",
        "parent_slug": "turkmenistan-lebap-halac-halac",
        "root_slug": "turkmenistan-lebap",
        "verification_status": "verification_required"
      },
      "geometry": {
        "type": "Point",
        "coordinates": [
          64.33276929999999539,
          38.3487247999999994
        ]
      }
    },
    {
      "type": "Feature",
      "properties": {
        "slug": "turkmenistan-lebap-halac-halac-gumakly-obasy",
        "name_tm": "Gumakly obasy",
        "name_en": "Gumakly obasy",
        "name_ru": "Гумаклы обасы",
        "type": "village",
        "parent_slug": "turkmenistan-lebap-halac-halac",
        "root_slug": "turkmenistan-lebap",
        "verification_status": "verification_required"
      },
      "geometry": {
        "type": "Point",
        "coordinates": [
          64.32767440000000648,
          38.35255149999999702
        ]
      }
    },
    {
      "type": "Feature",
      "properties": {
        "slug": "turkmenistan-lebap-halac-halac-guneslik-guneslik",
        "name_tm": "Güneşlik",
        "name_en": "Güneşlik",
        "name_ru": "Гунешлик",
        "type": "village",
        "parent_slug": "turkmenistan-lebap-halac-halac-guneslik",
        "root_slug": "turkmenistan-lebap",
        "verification_status": "verification_required"
      },
      "geometry": {
        "type": "Point",
        "coordinates": [
          64.95013910000000123,
          38.07460749999999905
        ]
      }
    },
    {
      "type": "Feature",
      "properties": {
        "slug": "turkmenistan-lebap-halac-halac-guycbirlesik-azatlyk",
        "name_tm": "Azatlyk",
        "name_en": "Azatlyk",
        "name_ru": "Азатлык",
        "type": "village",
        "parent_slug": "turkmenistan-lebap-halac-halac-guycbirlesik",
        "root_slug": "turkmenistan-lebap",
        "verification_status": "verification_required"
      },
      "geometry": {
        "type": "Point",
        "coordinates": [
          64.61278299999999319,
          38.1642210999999989
        ]
      }
    },
    {
      "type": "Feature",
      "properties": {
        "slug": "turkmenistan-lebap-halac-halac-guycbirlesik-guycbirlesik",
        "name_tm": "Güýçbirleşik",
        "name_en": "Güýçbirleşik",
        "name_ru": "Гуйчбирлешик",
        "type": "village",
        "parent_slug": "turkmenistan-lebap-halac-halac-guycbirlesik",
        "root_slug": "turkmenistan-lebap",
        "verification_status": "verification_required"
      },
      "geometry": {
        "type": "Point",
        "coordinates": [
          64.65781859999999881,
          38.14539849999999888
        ]
      }
    },
    {
      "type": "Feature",
      "properties": {
        "slug": "turkmenistan-lebap-halac-halac-halac-ajy",
        "name_tm": "Ajy",
        "name_en": "Ajy",
        "name_ru": "Аджиоба",
        "type": "village",
        "parent_slug": "turkmenistan-lebap-halac-halac-halac",
        "root_slug": "turkmenistan-lebap",
        "verification_status": "verification_required"
      },
      "geometry": {
        "type": "Point",
        "coordinates": [
          64.86391989999999908,
          38.09432590000000118
        ]
      }
    },
    {
      "type": "Feature",
      "properties": {
        "slug": "turkmenistan-lebap-halac-halac-halac-azady",
        "name_tm": "Azady",
        "name_en": "Azady",
        "name_ru": "Азады",
        "type": "village",
        "parent_slug": "turkmenistan-lebap-halac-halac-halac",
        "root_slug": "turkmenistan-lebap",
        "verification_status": "verification_required"
      },
      "geometry": {
        "type": "Point",
        "coordinates": [
          64.83723249999999894,
          38.07886239999999845
        ]
      }
    },
    {
      "type": "Feature",
      "properties": {
        "slug": "turkmenistan-lebap-halac-halac-halac-babadayhan",
        "name_tm": "Babadaýhan",
        "name_en": "Babadaýhan",
        "name_ru": "Бабадайхан",
        "type": "village",
        "parent_slug": "turkmenistan-lebap-halac-halac-halac",
        "root_slug": "turkmenistan-lebap",
        "verification_status": "verification_required"
      },
      "geometry": {
        "type": "Point",
        "coordinates": [
          64.80847489999999311,
          38.07724120000000312
        ]
      }
    },
    {
      "type": "Feature",
      "properties": {
        "slug": "turkmenistan-lebap-halac-halac-halac-garagac",
        "name_tm": "Garagaç",
        "name_en": "Garagaç",
        "name_ru": "Гарагач",
        "type": "village",
        "parent_slug": "turkmenistan-lebap-halac-halac-halac",
        "root_slug": "turkmenistan-lebap",
        "verification_status": "verification_required"
      },
      "geometry": {
        "type": "Point",
        "coordinates": [
          64.84420190000000161,
          38.07271599999999979
        ]
      }
    },
    {
      "type": "Feature",
      "properties": {
        "slug": "turkmenistan-lebap-halac-halac-halac-jeyhun",
        "name_tm": "Jeýhun",
        "name_en": "Jeýhun",
        "name_ru": "Жейхун",
        "type": "village",
        "parent_slug": "turkmenistan-lebap-halac-halac-halac",
        "root_slug": "turkmenistan-lebap",
        "verification_status": "verification_required"
      },
      "geometry": {
        "type": "Point",
        "coordinates": [
          64.90543909999999528,
          38.09165269999999736
        ]
      }
    },
    {
      "type": "Feature",
      "properties": {
        "slug": "turkmenistan-lebap-halac-halac-jennel",
        "name_tm": "Jeňňel",
        "name_en": "Jeňňel",
        "name_ru": "Женнел",
        "type": "village",
        "parent_slug": "turkmenistan-lebap-halac-halac",
        "root_slug": "turkmenistan-lebap",
        "verification_status": "verification_required"
      },
      "geometry": {
        "type": "Point",
        "coordinates": [
          65.05253779999999609,
          38.00239100000000292
        ]
      }
    },
    {
      "type": "Feature",
      "properties": {
        "slug": "turkmenistan-lebap-halac-halac-magtymguly",
        "name_tm": "Magtymguly",
        "name_en": "Magtymguly",
        "name_ru": "Магтымгулы",
        "type": "village",
        "parent_slug": "turkmenistan-lebap-halac-halac",
        "root_slug": "turkmenistan-lebap",
        "verification_status": "verification_required"
      },
      "geometry": {
        "type": "Point",
        "coordinates": [
          64.79037130000000388,
          38.11464060000000131
        ]
      }
    },
    {
      "type": "Feature",
      "properties": {
        "slug": "turkmenistan-lebap-halac-halac-oguzhan-etbas",
        "name_tm": "Etbaş",
        "name_en": "Etbaş",
        "name_ru": "Этбаши",
        "type": "village",
        "parent_slug": "turkmenistan-lebap-halac-halac-oguzhan",
        "root_slug": "turkmenistan-lebap",
        "verification_status": "verification_required"
      },
      "geometry": {
        "type": "Point",
        "coordinates": [
          64.47341160000000571,
          38.23000489999999729
        ]
      }
    },
    {
      "type": "Feature",
      "properties": {
        "slug": "turkmenistan-lebap-halac-halac-oguzhan-mangyslaly",
        "name_tm": "Maňgyşlaly",
        "name_en": "Maňgyşlaly",
        "name_ru": "Мангышлалы",
        "type": "village",
        "parent_slug": "turkmenistan-lebap-halac-halac-oguzhan",
        "root_slug": "turkmenistan-lebap",
        "verification_status": "verification_required"
      },
      "geometry": {
        "type": "Point",
        "coordinates": [
          64.50420979999999816,
          38.21491830000000078
        ]
      }
    },
    {
      "type": "Feature",
      "properties": {
        "slug": "turkmenistan-lebap-halac-halac-oguzhan-musur",
        "name_tm": "Müsür",
        "name_en": "Müsür",
        "name_ru": "Мусур",
        "type": "village",
        "parent_slug": "turkmenistan-lebap-halac-halac-oguzhan",
        "root_slug": "turkmenistan-lebap",
        "verification_status": "verification_required"
      },
      "geometry": {
        "type": "Point",
        "coordinates": [
          64.44114059999999711,
          38.25277679999999947
        ]
      }
    },
    {
      "type": "Feature",
      "properties": {
        "slug": "turkmenistan-lebap-halac-halac-okcandyr",
        "name_tm": "Okçandyr",
        "name_en": "Okçandyr",
        "name_ru": "Окчандыр",
        "type": "village",
        "parent_slug": "turkmenistan-lebap-halac-halac",
        "root_slug": "turkmenistan-lebap",
        "verification_status": "verification_required"
      },
      "geometry": {
        "type": "Point",
        "coordinates": [
          65.04299620000000459,
          37.97993960000000157
        ]
      }
    },
    {
      "type": "Feature",
      "properties": {
        "slug": "turkmenistan-lebap-halac-halac-pelwert-gulegenje",
        "name_tm": "Gülegenje",
        "name_en": "Gülegenje",
        "name_ru": "Куляганджи",
        "type": "village",
        "parent_slug": "turkmenistan-lebap-halac-halac-pelwert",
        "root_slug": "turkmenistan-lebap",
        "verification_status": "verification_required"
      },
      "geometry": {
        "type": "Point",
        "coordinates": [
          64.57813070000000266,
          38.17636110000000115
        ]
      }
    },
    {
      "type": "Feature",
      "properties": {
        "slug": "turkmenistan-lebap-halac-halac-pelwert-pelwert",
        "name_tm": "Pelwert",
        "name_en": "Pelwert",
        "name_ru": "Пальварт;Palvart",
        "type": "village",
        "parent_slug": "turkmenistan-lebap-halac-halac-pelwert",
        "root_slug": "turkmenistan-lebap",
        "verification_status": "verification_required"
      },
      "geometry": {
        "type": "Point",
        "coordinates": [
          64.55497420000000374,
          38.1869665999999981
        ]
      }
    },
    {
      "type": "Feature",
      "properties": {
        "slug": "turkmenistan-lebap-halac-halac-pelwert-reyimberdili",
        "name_tm": "Reýimberdili",
        "name_en": "Reýimberdili",
        "name_ru": "Рейимбердили",
        "type": "village",
        "parent_slug": "turkmenistan-lebap-halac-halac-pelwert",
        "root_slug": "turkmenistan-lebap",
        "verification_status": "verification_required"
      },
      "geometry": {
        "type": "Point",
        "coordinates": [
          64.53480940000000032,
          38.20062219999999798
        ]
      }
    },
    {
      "type": "Feature",
      "properties": {
        "slug": "turkmenistan-lebap-halac-halac-surh-omargyzylja",
        "name_tm": "Omargyzylja",
        "name_en": "Omargyzylja",
        "name_ru": "Омаргызылжа",
        "type": "village",
        "parent_slug": "turkmenistan-lebap-halac-halac-surh",
        "root_slug": "turkmenistan-lebap",
        "verification_status": "verification_required"
      },
      "geometry": {
        "type": "Point",
        "coordinates": [
          64.92757469999999386,
          38.04808890000000333
        ]
      }
    },
    {
      "type": "Feature",
      "properties": {
        "slug": "turkmenistan-lebap-halac-halac-surh-surh",
        "name_tm": "Surh",
        "name_en": "Surh",
        "name_ru": "Сурх",
        "type": "village",
        "parent_slug": "turkmenistan-lebap-halac-halac-surh",
        "root_slug": "turkmenistan-lebap",
        "verification_status": "verification_required"
      },
      "geometry": {
        "type": "Point",
        "coordinates": [
          64.94944119999999544,
          38.04044509999999946
        ]
      }
    },
    {
      "type": "Feature",
      "properties": {
        "slug": "turkmenistan-lebap-halac-halac-surh-tazemaksat",
        "name_tm": "Täzemaksat",
        "name_en": "Täzemaksat",
        "name_ru": "Таземаксат",
        "type": "village",
        "parent_slug": "turkmenistan-lebap-halac-halac-surh",
        "root_slug": "turkmenistan-lebap",
        "verification_status": "verification_required"
      },
      "geometry": {
        "type": "Point",
        "coordinates": [
          64.95952549999999804,
          38.0307011000000017
        ]
      }
    },
    {
      "type": "Feature",
      "properties": {
        "slug": "turkmenistan-lebap-halac-halac-tazemekan",
        "name_tm": "Täzemekan",
        "name_en": "Täzemekan",
        "name_ru": "Таземекан",
        "type": "village",
        "parent_slug": "turkmenistan-lebap-halac-halac",
        "root_slug": "turkmenistan-lebap",
        "verification_status": "verification_required"
      },
      "geometry": {
        "type": "Point",
        "coordinates": [
          65.07412519999999745,
          37.96818030000000021
        ]
      }
    },
    {
      "type": "Feature",
      "properties": {
        "slug": "turkmenistan-lebap-hojambaz-hojambaz-bekewul-obasy",
        "name_tm": "Bekewül obasy",
        "name_en": "Bekewül obasy",
        "name_ru": "Бекевул обасы",
        "type": "village",
        "parent_slug": "turkmenistan-lebap-hojambaz-hojambaz",
        "root_slug": "turkmenistan-lebap",
        "verification_status": "verification_required"
      },
      "geometry": {
        "type": "Point",
        "coordinates": [
          64.25063889999999845,
          38.52354139999999916
        ]
      }
    },
    {
      "type": "Feature",
      "properties": {
        "slug": "turkmenistan-lebap-hojambaz-hojambaz-borasly",
        "name_tm": "Boraşly",
        "name_en": "Boraşly",
        "name_ru": "Борашлы",
        "type": "village",
        "parent_slug": "turkmenistan-lebap-hojambaz-hojambaz",
        "root_slug": "turkmenistan-lebap",
        "verification_status": "verification_required"
      },
      "geometry": {
        "type": "Point",
        "coordinates": [
          64.70444050000000402,
          38.24009439999999671
        ]
      }
    },
    {
      "type": "Feature",
      "properties": {
        "slug": "turkmenistan-lebap-hojambaz-hojambaz-borosly-obasy",
        "name_tm": "Boroşly obasy",
        "name_en": "Boroşly obasy",
        "name_ru": "Борошлы обасы",
        "type": "village",
        "parent_slug": "turkmenistan-lebap-hojambaz-hojambaz",
        "root_slug": "turkmenistan-lebap",
        "verification_status": "verification_required"
      },
      "geometry": {
        "type": "Point",
        "coordinates": [
          64.70423660000000154,
          38.23914609999999926
        ]
      }
    },
    {
      "type": "Feature",
      "properties": {
        "slug": "turkmenistan-lebap-hojambaz-hojambaz-burdalyk-genesligi",
        "name_tm": "Burdalyk geňeşligi",
        "name_en": "Burdalyk geňeşligi",
        "name_ru": "Бурдалык генешлиги",
        "type": "village",
        "parent_slug": "turkmenistan-lebap-hojambaz-hojambaz",
        "root_slug": "turkmenistan-lebap",
        "verification_status": "verification_required"
      },
      "geometry": {
        "type": "Point",
        "coordinates": [
          64.38043369999999755,
          38.44955509999999777
        ]
      }
    },
    {
      "type": "Feature",
      "properties": {
        "slug": "turkmenistan-lebap-hojambaz-hojambaz-burdalyk-obasy",
        "name_tm": "Burdalyk obasy",
        "name_en": "Burdalyk obasy",
        "name_ru": "Бурдалык обасы",
        "type": "village",
        "parent_slug": "turkmenistan-lebap-hojambaz-hojambaz",
        "root_slug": "turkmenistan-lebap",
        "verification_status": "verification_required"
      },
      "geometry": {
        "type": "Point",
        "coordinates": [
          64.37184580000000266,
          38.45369130000000269
        ]
      }
    },
    {
      "type": "Feature",
      "properties": {
        "slug": "turkmenistan-lebap-hojambaz-hojambaz-cekic-obasy",
        "name_tm": "Çekiç obasy",
        "name_en": "Çekiç obasy",
        "name_ru": "Чекич обасы",
        "type": "village",
        "parent_slug": "turkmenistan-lebap-hojambaz-hojambaz",
        "root_slug": "turkmenistan-lebap",
        "verification_status": "verification_required"
      },
      "geometry": {
        "type": "Point",
        "coordinates": [
          64.40057629999999734,
          38.42629670000000174
        ]
      }
    },
    {
      "type": "Feature",
      "properties": {
        "slug": "turkmenistan-lebap-hojambaz-hojambaz-gabyrdy",
        "name_tm": "Gabyrdy",
        "name_en": "Gabyrdy",
        "name_ru": "Габырды",
        "type": "village",
        "parent_slug": "turkmenistan-lebap-hojambaz-hojambaz",
        "root_slug": "turkmenistan-lebap",
        "verification_status": "verification_required"
      },
      "geometry": {
        "type": "Point",
        "coordinates": [
          64.71817190000000152,
          38.21758539999999726
        ]
      }
    },
    {
      "type": "Feature",
      "properties": {
        "slug": "turkmenistan-lebap-hojambaz-hojambaz-galkynys-babadayhan",
        "name_tm": "Babadaýhan",
        "name_en": "Babadaýhan",
        "name_ru": "Бабадайхан",
        "type": "village",
        "parent_slug": "turkmenistan-lebap-hojambaz-hojambaz-galkynys",
        "root_slug": "turkmenistan-lebap",
        "verification_status": "verification_required"
      },
      "geometry": {
        "type": "Point",
        "coordinates": [
          64.95725210000000516,
          38.13502330000000029
        ]
      }
    },
    {
      "type": "Feature",
      "properties": {
        "slug": "turkmenistan-lebap-hojambaz-hojambaz-galkynys-elec",
        "name_tm": "Eleç",
        "name_en": "Eleç",
        "name_ru": "Елеч",
        "type": "village",
        "parent_slug": "turkmenistan-lebap-hojambaz-hojambaz-galkynys",
        "root_slug": "turkmenistan-lebap",
        "verification_status": "verification_required"
      },
      "geometry": {
        "type": "Point",
        "coordinates": [
          65.04826090000000249,
          38.09159069999999759
        ]
      }
    },
    {
      "type": "Feature",
      "properties": {
        "slug": "turkmenistan-lebap-hojambaz-hojambaz-galkynys-tolekguyy",
        "name_tm": "Tölekguýy",
        "name_en": "Tölekguýy",
        "name_ru": "Толекгуйы",
        "type": "village",
        "parent_slug": "turkmenistan-lebap-hojambaz-hojambaz-galkynys",
        "root_slug": "turkmenistan-lebap",
        "verification_status": "verification_required"
      },
      "geometry": {
        "type": "Point",
        "coordinates": [
          65.23296550000000594,
          38.38745980000000201
        ]
      }
    },
    {
      "type": "Feature",
      "properties": {
        "slug": "turkmenistan-lebap-hojambaz-hojambaz-galkynys-yaslyk",
        "name_tm": "Ýaşlyk",
        "name_en": "Ýaşlyk",
        "name_ru": "Яшлык",
        "type": "village",
        "parent_slug": "turkmenistan-lebap-hojambaz-hojambaz-galkynys",
        "root_slug": "turkmenistan-lebap",
        "verification_status": "verification_required"
      },
      "geometry": {
        "type": "Point",
        "coordinates": [
          64.93960590000000365,
          38.15168990000000093
        ]
      }
    },
    {
      "type": "Feature",
      "properties": {
        "slug": "turkmenistan-lebap-hojambaz-hojambaz-garaja",
        "name_tm": "Garaja",
        "name_en": "Garaja",
        "name_ru": "Гаража",
        "type": "village",
        "parent_slug": "turkmenistan-lebap-hojambaz-hojambaz",
        "root_slug": "turkmenistan-lebap",
        "verification_status": "verification_required"
      },
      "geometry": {
        "type": "Point",
        "coordinates": [
          64.66709860000000276,
          38.2294339999999977
        ]
      }
    },
    {
      "type": "Feature",
      "properties": {
        "slug": "turkmenistan-lebap-hojambaz-hojambaz-gazanaryk-obasy",
        "name_tm": "Gazanaryk obasy",
        "name_en": "Gazanaryk obasy",
        "name_ru": "Газанарык обасы",
        "type": "village",
        "parent_slug": "turkmenistan-lebap-hojambaz-hojambaz",
        "root_slug": "turkmenistan-lebap",
        "verification_status": "verification_required"
      },
      "geometry": {
        "type": "Point",
        "coordinates": [
          64.42619209999999441,
          38.35853809999999697
        ]
      }
    },
    {
      "type": "Feature",
      "properties": {
        "slug": "turkmenistan-lebap-hojambaz-hojambaz-gultak-genesligi",
        "name_tm": "Gultak geňeşligi",
        "name_en": "Gultak geňeşligi",
        "name_ru": "Гултак генешлиги",
        "type": "village",
        "parent_slug": "turkmenistan-lebap-hojambaz-hojambaz",
        "root_slug": "turkmenistan-lebap",
        "verification_status": "verification_required"
      },
      "geometry": {
        "type": "Point",
        "coordinates": [
          64.30728419999999801,
          38.50041389999999808
        ]
      }
    },
    {
      "type": "Feature",
      "properties": {
        "slug": "turkmenistan-lebap-hojambaz-hojambaz-gultak-obasy",
        "name_tm": "Gultak obasy",
        "name_en": "Gultak obasy",
        "name_ru": "Гултак обасы",
        "type": "village",
        "parent_slug": "turkmenistan-lebap-hojambaz-hojambaz",
        "root_slug": "turkmenistan-lebap",
        "verification_status": "verification_required"
      },
      "geometry": {
        "type": "Point",
        "coordinates": [
          64.31003019999999993,
          38.50217469999999765
        ]
      }
    },
    {
      "type": "Feature",
      "properties": {
        "slug": "turkmenistan-lebap-hojambaz-hojambaz-gunes",
        "name_tm": "Güneş",
        "name_en": "Güneş",
        "name_ru": "Гунеш",
        "type": "village",
        "parent_slug": "turkmenistan-lebap-hojambaz-hojambaz",
        "root_slug": "turkmenistan-lebap",
        "verification_status": "verification_required"
      },
      "geometry": {
        "type": "Point",
        "coordinates": [
          64.75398289999999691,
          38.20344380000000228
        ]
      }
    },
    {
      "type": "Feature",
      "properties": {
        "slug": "turkmenistan-lebap-hojambaz-hojambaz-gyzylgum-calyslar",
        "name_tm": "Çalyşlar",
        "name_en": "Çalyşlar",
        "name_ru": "Чалышлар",
        "type": "village",
        "parent_slug": "turkmenistan-lebap-hojambaz-hojambaz-gyzylgum",
        "root_slug": "turkmenistan-lebap",
        "verification_status": "verification_required"
      },
      "geometry": {
        "type": "Point",
        "coordinates": [
          64.41910869999999534,
          38.38341739999999903
        ]
      }
    },
    {
      "type": "Feature",
      "properties": {
        "slug": "turkmenistan-lebap-hojambaz-hojambaz-gyzylgum-cekic",
        "name_tm": "Çekiç",
        "name_en": "Çekiç",
        "name_ru": "Чекич",
        "type": "village",
        "parent_slug": "turkmenistan-lebap-hojambaz-hojambaz-gyzylgum",
        "root_slug": "turkmenistan-lebap",
        "verification_status": "verification_required"
      },
      "geometry": {
        "type": "Point",
        "coordinates": [
          64.40209609999999429,
          38.42706309999999804
        ]
      }
    },
    {
      "type": "Feature",
      "properties": {
        "slug": "turkmenistan-lebap-hojambaz-hojambaz-gyzylgum-gazanaryk",
        "name_tm": "Gazanaryk",
        "name_en": "Gazanaryk",
        "name_ru": "Газанарык",
        "type": "village",
        "parent_slug": "turkmenistan-lebap-hojambaz-hojambaz-gyzylgum",
        "root_slug": "turkmenistan-lebap",
        "verification_status": "verification_required"
      },
      "geometry": {
        "type": "Point",
        "coordinates": [
          64.42715590000000247,
          38.36077130000000324
        ]
      }
    },
    {
      "type": "Feature",
      "properties": {
        "slug": "turkmenistan-lebap-hojambaz-hojambaz-isamly-obasy",
        "name_tm": "Isamly obasy",
        "name_en": "Isamly obasy",
        "name_ru": "Исамлы обасы",
        "type": "village",
        "parent_slug": "turkmenistan-lebap-hojambaz-hojambaz",
        "root_slug": "turkmenistan-lebap",
        "verification_status": "verification_required"
      },
      "geometry": {
        "type": "Point",
        "coordinates": [
          64.32975539999999626,
          38.49045509999999837
        ]
      }
    },
    {
      "type": "Feature",
      "properties": {
        "slug": "turkmenistan-lebap-hojambaz-hojambaz-kyrkoyli-egriyagyr",
        "name_tm": "Egriýagyr",
        "name_en": "Egriýagyr",
        "name_ru": "Егриягыр",
        "type": "village",
        "parent_slug": "turkmenistan-lebap-hojambaz-hojambaz-kyrkoyli",
        "root_slug": "turkmenistan-lebap",
        "verification_status": "verification_required"
      },
      "geometry": {
        "type": "Point",
        "coordinates": [
          65.14579419999999744,
          38.0074922000000015
        ]
      }
    },
    {
      "type": "Feature",
      "properties": {
        "slug": "turkmenistan-lebap-hojambaz-hojambaz-kyrkoyli-gulustan",
        "name_tm": "Gülüstan",
        "name_en": "Gülüstan",
        "name_ru": "Гулустан",
        "type": "village",
        "parent_slug": "turkmenistan-lebap-hojambaz-hojambaz-kyrkoyli",
        "root_slug": "turkmenistan-lebap",
        "verification_status": "verification_required"
      },
      "geometry": {
        "type": "Point",
        "coordinates": [
          65.24578169999999489,
          38.008669900000001
        ]
      }
    },
    {
      "type": "Feature",
      "properties": {
        "slug": "turkmenistan-lebap-hojambaz-hojambaz-kyrkoyli-kyrkoyli",
        "name_tm": "Kyrköýli",
        "name_en": "Kyrköýli",
        "name_ru": "Кыркойли",
        "type": "village",
        "parent_slug": "turkmenistan-lebap-hojambaz-hojambaz-kyrkoyli",
        "root_slug": "turkmenistan-lebap",
        "verification_status": "verification_required"
      },
      "geometry": {
        "type": "Point",
        "coordinates": [
          65.09071559999999579,
          38.0482522000000003
        ]
      }
    },
    {
      "type": "Feature",
      "properties": {
        "slug": "turkmenistan-lebap-hojambaz-hojambaz-mekan-abdal",
        "name_tm": "Abdal",
        "name_en": "Abdal",
        "name_ru": "Абдал",
        "type": "village",
        "parent_slug": "turkmenistan-lebap-hojambaz-hojambaz-mekan",
        "root_slug": "turkmenistan-lebap",
        "verification_status": "verification_required"
      },
      "geometry": {
        "type": "Point",
        "coordinates": [
          64.6105941999999942,
          38.2345595999999972
        ]
      }
    },
    {
      "type": "Feature",
      "properties": {
        "slug": "turkmenistan-lebap-hojambaz-hojambaz-mekan-altynkok",
        "name_tm": "Altynkök",
        "name_en": "Altynkök",
        "name_ru": "Алтынкок",
        "type": "village",
        "parent_slug": "turkmenistan-lebap-hojambaz-hojambaz-mekan",
        "root_slug": "turkmenistan-lebap",
        "verification_status": "verification_required"
      },
      "geometry": {
        "type": "Point",
        "coordinates": [
          64.48770639999999332,
          38.29598870000000232
        ]
      }
    },
    {
      "type": "Feature",
      "properties": {
        "slug": "turkmenistan-lebap-hojambaz-hojambaz-mekan-danajy",
        "name_tm": "Dänajy",
        "name_en": "Dänajy",
        "name_ru": "Данажы",
        "type": "village",
        "parent_slug": "turkmenistan-lebap-hojambaz-hojambaz-mekan",
        "root_slug": "turkmenistan-lebap",
        "verification_status": "verification_required"
      },
      "geometry": {
        "type": "Point",
        "coordinates": [
          64.59901870000000201,
          38.26187190000000272
        ]
      }
    },
    {
      "type": "Feature",
      "properties": {
        "slug": "turkmenistan-lebap-hojambaz-hojambaz-mekan-mekan",
        "name_tm": "Mekan",
        "name_en": "Mekan",
        "name_ru": "Мекан",
        "type": "village",
        "parent_slug": "turkmenistan-lebap-hojambaz-hojambaz-mekan",
        "root_slug": "turkmenistan-lebap",
        "verification_status": "verification_required"
      },
      "geometry": {
        "type": "Point",
        "coordinates": [
          64.57898950000000582,
          38.27271840000000224
        ]
      }
    },
    {
      "type": "Feature",
      "properties": {
        "slug": "turkmenistan-lebap-hojambaz-hojambaz-mekan-musur",
        "name_tm": "Müsür",
        "name_en": "Müsür",
        "name_ru": "Мусур",
        "type": "village",
        "parent_slug": "turkmenistan-lebap-hojambaz-hojambaz-mekan",
        "root_slug": "turkmenistan-lebap",
        "verification_status": "verification_required"
      },
      "geometry": {
        "type": "Point",
        "coordinates": [
          64.53283030000000053,
          38.29404509999999818
        ]
      }
    },
    {
      "type": "Feature",
      "properties": {
        "slug": "turkmenistan-lebap-hojambaz-hojambaz-surhy-sabynly",
        "name_tm": "Sabynly",
        "name_en": "Sabynly",
        "name_ru": "Сабынлы",
        "type": "village",
        "parent_slug": "turkmenistan-lebap-hojambaz-hojambaz-surhy",
        "root_slug": "turkmenistan-lebap",
        "verification_status": "verification_required"
      },
      "geometry": {
        "type": "Point",
        "coordinates": [
          64.85352319999999793,
          38.17750980000000283
        ]
      }
    },
    {
      "type": "Feature",
      "properties": {
        "slug": "turkmenistan-lebap-hojambaz-hojambaz-surhy-surhy",
        "name_tm": "Surhy",
        "name_en": "Surhy",
        "name_ru": "Сурхы",
        "type": "village",
        "parent_slug": "turkmenistan-lebap-hojambaz-hojambaz-surhy",
        "root_slug": "turkmenistan-lebap",
        "verification_status": "verification_required"
      },
      "geometry": {
        "type": "Point",
        "coordinates": [
          64.90314949999999783,
          38.16736039999999975
        ]
      }
    },
    {
      "type": "Feature",
      "properties": {
        "slug": "turkmenistan-lebap-hojambaz-hojambaz-tolekguyy-obasy",
        "name_tm": "Tölekguýy obasy",
        "name_en": "Tölekguýy obasy",
        "name_ru": "Толекгуйы обасы",
        "type": "village",
        "parent_slug": "turkmenistan-lebap-hojambaz-hojambaz",
        "root_slug": "turkmenistan-lebap",
        "verification_status": "verification_required"
      },
      "geometry": {
        "type": "Point",
        "coordinates": [
          65.23816870000000278,
          38.38478299999999877
        ]
      }
    },
    {
      "type": "Feature",
      "properties": {
        "slug": "turkmenistan-lebap-hojambaz-hojambaz-yabany-oba-obasy",
        "name_tm": "Ýabany Oba obasy",
        "name_en": "Ýabany Oba obasy",
        "name_ru": "Ябаны оба обасы",
        "type": "village",
        "parent_slug": "turkmenistan-lebap-hojambaz-hojambaz",
        "root_slug": "turkmenistan-lebap",
        "verification_status": "verification_required"
      },
      "geometry": {
        "type": "Point",
        "coordinates": [
          64.31877849999999341,
          38.46790719999999908
        ]
      }
    },
    {
      "type": "Feature",
      "properties": {
        "slug": "turkmenistan-lebap-hojambaz-hojambaz-yokarkysor",
        "name_tm": "Ýokarkyşor",
        "name_en": "Ýokarkyşor",
        "name_ru": "Ёкаркышор",
        "type": "village",
        "parent_slug": "turkmenistan-lebap-hojambaz-hojambaz",
        "root_slug": "turkmenistan-lebap",
        "verification_status": "verification_required"
      },
      "geometry": {
        "type": "Point",
        "coordinates": [
          64.77960819999999842,
          38.19686889999999835
        ]
      }
    },
    {
      "type": "Feature",
      "properties": {
        "slug": "turkmenistan-lebap-kerki-kerki-astanababa",
        "name_tm": "Astanababa",
        "name_en": "Astanababa",
        "name_ru": "Астанабаба",
        "type": "village",
        "parent_slug": "turkmenistan-lebap-kerki-kerki",
        "root_slug": "turkmenistan-lebap",
        "verification_status": "verification_required"
      },
      "geometry": {
        "type": "Point",
        "coordinates": [
          65.12065020000000004,
          37.89937340000000176
        ]
      }
    },
    {
      "type": "Feature",
      "properties": {
        "slug": "turkmenistan-lebap-kerki-kerki-cekir-cekir",
        "name_tm": "Çekir",
        "name_en": "Chekir",
        "name_ru": "Чекир",
        "type": "village",
        "parent_slug": "turkmenistan-lebap-kerki-kerki-cekir",
        "root_slug": "turkmenistan-lebap",
        "verification_status": "verification_required"
      },
      "geometry": {
        "type": "Point",
        "coordinates": [
          65.1898663000000056,
          37.83141419999999755
        ]
      }
    },
    {
      "type": "Feature",
      "properties": {
        "slug": "turkmenistan-lebap-kerki-kerki-cekir-etbasoba",
        "name_tm": "Etbaşoba",
        "name_en": "Etbaşoba",
        "name_ru": "Етбашоба",
        "type": "village",
        "parent_slug": "turkmenistan-lebap-kerki-kerki-cekir",
        "root_slug": "turkmenistan-lebap",
        "verification_status": "verification_required"
      },
      "geometry": {
        "type": "Point",
        "coordinates": [
          65.21106149999999957,
          37.79218749999999715
        ]
      }
    },
    {
      "type": "Feature",
      "properties": {
        "slug": "turkmenistan-lebap-kerki-kerki-cekir-gabasakgal",
        "name_tm": "Gabasakgal",
        "name_en": "Gabasakgal",
        "name_ru": "Габасакгал",
        "type": "village",
        "parent_slug": "turkmenistan-lebap-kerki-kerki-cekir",
        "root_slug": "turkmenistan-lebap",
        "verification_status": "verification_required"
      },
      "geometry": {
        "type": "Point",
        "coordinates": [
          65.14768449999999689,
          37.85982839999999783
        ]
      }
    },
    {
      "type": "Feature",
      "properties": {
        "slug": "turkmenistan-lebap-kerki-kerki-cekir-garaja",
        "name_tm": "Garaja",
        "name_en": "Garaja",
        "name_ru": "Карадджар",
        "type": "village",
        "parent_slug": "turkmenistan-lebap-kerki-kerki-cekir",
        "root_slug": "turkmenistan-lebap",
        "verification_status": "verification_required"
      },
      "geometry": {
        "type": "Point",
        "coordinates": [
          65.19872759999999801,
          37.80693409999999944
        ]
      }
    },
    {
      "type": "Feature",
      "properties": {
        "slug": "turkmenistan-lebap-kerki-kerki-cekir-guyc",
        "name_tm": "Güýç",
        "name_en": "Güýç",
        "name_ru": "Гюйч",
        "type": "village",
        "parent_slug": "turkmenistan-lebap-kerki-kerki-cekir",
        "root_slug": "turkmenistan-lebap",
        "verification_status": "verification_required"
      },
      "geometry": {
        "type": "Point",
        "coordinates": [
          65.15802899999999909,
          37.83784169999999847
        ]
      }
    },
    {
      "type": "Feature",
      "properties": {
        "slug": "turkmenistan-lebap-kerki-kerki-cekir-jennel",
        "name_tm": "Jeňňel",
        "name_en": "Jeňňel",
        "name_ru": "Женнел",
        "type": "village",
        "parent_slug": "turkmenistan-lebap-kerki-kerki-cekir",
        "root_slug": "turkmenistan-lebap",
        "verification_status": "verification_required"
      },
      "geometry": {
        "type": "Point",
        "coordinates": [
          65.15661040000000526,
          37.87617960000000039
        ]
      }
    },
    {
      "type": "Feature",
      "properties": {
        "slug": "turkmenistan-lebap-kerki-kerki-daslyk-daslyk",
        "name_tm": "Daşlyk",
        "name_en": "Daşlyk",
        "name_ru": "Ташлык",
        "type": "village",
        "parent_slug": "turkmenistan-lebap-kerki-kerki-daslyk",
        "root_slug": "turkmenistan-lebap",
        "verification_status": "verification_required"
      },
      "geometry": {
        "type": "Point",
        "coordinates": [
          65.23615320000000394,
          37.73991740000000306
        ]
      }
    },
    {
      "type": "Feature",
      "properties": {
        "slug": "turkmenistan-lebap-kerki-kerki-daslyk-tokaycylar",
        "name_tm": "Tokaýçylar",
        "name_en": "Tokaýçylar",
        "name_ru": "Токайчылар",
        "type": "village",
        "parent_slug": "turkmenistan-lebap-kerki-kerki-daslyk",
        "root_slug": "turkmenistan-lebap",
        "verification_status": "verification_required"
      },
      "geometry": {
        "type": "Point",
        "coordinates": [
          65.24945139999999811,
          37.76940590000000241
        ]
      }
    },
    {
      "type": "Feature",
      "properties": {
        "slug": "turkmenistan-lebap-kerki-kerki-daslyk-ussalar",
        "name_tm": "Ussalar",
        "name_en": "Ussalar",
        "name_ru": "Уссалар",
        "type": "village",
        "parent_slug": "turkmenistan-lebap-kerki-kerki-daslyk",
        "root_slug": "turkmenistan-lebap",
        "verification_status": "verification_required"
      },
      "geometry": {
        "type": "Point",
        "coordinates": [
          65.22355500000000461,
          37.78081269999999848
        ]
      }
    },
    {
      "type": "Feature",
      "properties": {
        "slug": "turkmenistan-lebap-kerki-kerki-gulustan",
        "name_tm": "Gülüstan",
        "name_en": "Gülüstan",
        "name_ru": "Гулустан",
        "type": "village",
        "parent_slug": "turkmenistan-lebap-kerki-kerki",
        "root_slug": "turkmenistan-lebap",
        "verification_status": "verification_required"
      },
      "geometry": {
        "type": "Point",
        "coordinates": [
          64.83641219999999806,
          37.39502879999999863
        ]
      }
    },
    {
      "type": "Feature",
      "properties": {
        "slug": "turkmenistan-lebap-kerki-kerki-gyzylayak-bazarjay",
        "name_tm": "Bazarjaý",
        "name_en": "Bazarjaý",
        "name_ru": "Базаржай",
        "type": "village",
        "parent_slug": "turkmenistan-lebap-kerki-kerki-gyzylayak",
        "root_slug": "turkmenistan-lebap",
        "verification_status": "verification_required"
      },
      "geometry": {
        "type": "Point",
        "coordinates": [
          65.37821879999999908,
          37.66249640000000198
        ]
      }
    },
    {
      "type": "Feature",
      "properties": {
        "slug": "turkmenistan-lebap-kerki-kerki-gyzylayak-genesligi",
        "name_tm": "Gyzylaýak geňeşligi",
        "name_en": "Gyzylaýak geňeşligi",
        "name_ru": "Гызылаяк генешлиги",
        "type": "village",
        "parent_slug": "turkmenistan-lebap-kerki-kerki",
        "root_slug": "turkmenistan-lebap",
        "verification_status": "verification_required"
      },
      "geometry": {
        "type": "Point",
        "coordinates": [
          65.32059909999999548,
          37.66268840000000039
        ]
      }
    },
    {
      "type": "Feature",
      "properties": {
        "slug": "turkmenistan-lebap-kerki-kerki-gyzylayak-gyzylayak",
        "name_tm": "Gyzylaýak",
        "name_en": "Gyzylaýak",
        "name_ru": "Кизыл-Аяк",
        "type": "village",
        "parent_slug": "turkmenistan-lebap-kerki-kerki-gyzylayak",
        "root_slug": "turkmenistan-lebap",
        "verification_status": "verification_required"
      },
      "geometry": {
        "type": "Point",
        "coordinates": [
          65.3211912999999953,
          37.66439050000000322
        ]
      }
    },
    {
      "type": "Feature",
      "properties": {
        "slug": "turkmenistan-lebap-kerki-kerki-gyzylayak-parahat",
        "name_tm": "Parahat",
        "name_en": "Parahat",
        "name_ru": "Парахат",
        "type": "village",
        "parent_slug": "turkmenistan-lebap-kerki-kerki-gyzylayak",
        "root_slug": "turkmenistan-lebap",
        "verification_status": "verification_required"
      },
      "geometry": {
        "type": "Point",
        "coordinates": [
          65.3093556000000035,
          37.65671069999999788
        ]
      }
    },
    {
      "type": "Feature",
      "properties": {
        "slug": "turkmenistan-lebap-kerki-kerki-hatap-commeklihatap",
        "name_tm": "Çömmeklihatap",
        "name_en": "Çömmeklihatap",
        "name_ru": "Чоммеклихатап",
        "type": "village",
        "parent_slug": "turkmenistan-lebap-kerki-kerki-hatap",
        "root_slug": "turkmenistan-lebap",
        "verification_status": "verification_required"
      },
      "geometry": {
        "type": "Point",
        "coordinates": [
          65.48681290000000387,
          37.64328189999999808
        ]
      }
    },
    {
      "type": "Feature",
      "properties": {
        "slug": "turkmenistan-lebap-kerki-kerki-hatap-genesligi",
        "name_tm": "Hatap geňeşligi",
        "name_en": "Hatap geňeşligi",
        "name_ru": "Хатап генешлиги",
        "type": "village",
        "parent_slug": "turkmenistan-lebap-kerki-kerki",
        "root_slug": "turkmenistan-lebap",
        "verification_status": "verification_required"
      },
      "geometry": {
        "type": "Point",
        "coordinates": [
          65.52862149999999986,
          37.62167509999999737
        ]
      }
    },
    {
      "type": "Feature",
      "properties": {
        "slug": "turkmenistan-lebap-kerki-kerki-hatap-hatap",
        "name_tm": "Hatap",
        "name_en": "Hatap",
        "name_ru": "Хатаб",
        "type": "village",
        "parent_slug": "turkmenistan-lebap-kerki-kerki-hatap",
        "root_slug": "turkmenistan-lebap",
        "verification_status": "verification_required"
      },
      "geometry": {
        "type": "Point",
        "coordinates": [
          65.52861000000000046,
          37.62420070000000294
        ]
      }
    },
    {
      "type": "Feature",
      "properties": {
        "slug": "turkmenistan-lebap-kerki-kerki-jenellihatap-obasy",
        "name_tm": "Jeňellihatap obasy",
        "name_en": "Jeňellihatap obasy",
        "name_ru": "Женеллихатап обасы",
        "type": "village",
        "parent_slug": "turkmenistan-lebap-kerki-kerki",
        "root_slug": "turkmenistan-lebap",
        "verification_status": "verification_required"
      },
      "geometry": {
        "type": "Point",
        "coordinates": [
          65.45910510000000215,
          37.65981239999999986
        ]
      }
    },
    {
      "type": "Feature",
      "properties": {
        "slug": "turkmenistan-lebap-kerki-kerki-jennellihatap",
        "name_tm": "Jeňňellihatap",
        "name_en": "Jeňňellihatap",
        "name_ru": "Джингилхатаб",
        "type": "village",
        "parent_slug": "turkmenistan-lebap-kerki-kerki",
        "root_slug": "turkmenistan-lebap",
        "verification_status": "verification_required"
      },
      "geometry": {
        "type": "Point",
        "coordinates": [
          65.45924709999999891,
          37.6595399999999998
        ]
      }
    },
    {
      "type": "Feature",
      "properties": {
        "slug": "turkmenistan-lebap-kerki-kerki-nicge",
        "name_tm": "Niçge",
        "name_en": "Niçge",
        "name_ru": "Ничге",
        "type": "village",
        "parent_slug": "turkmenistan-lebap-kerki-kerki",
        "root_slug": "turkmenistan-lebap",
        "verification_status": "verification_required"
      },
      "geometry": {
        "type": "Point",
        "coordinates": [
          63.88523279999999716,
          37.64606049999999726
        ]
      }
    },
    {
      "type": "Feature",
      "properties": {
        "slug": "turkmenistan-lebap-kerki-kerki-sopyyer",
        "name_tm": "Sopyýer",
        "name_en": "Sopyýer",
        "name_ru": "Сопыйер",
        "type": "village",
        "parent_slug": "turkmenistan-lebap-kerki-kerki",
        "root_slug": "turkmenistan-lebap",
        "verification_status": "verification_required"
      },
      "geometry": {
        "type": "Point",
        "coordinates": [
          65.13848590000000627,
          37.90888410000000163
        ]
      }
    },
    {
      "type": "Feature",
      "properties": {
        "slug": "turkmenistan-lebap-koytendag-koytendag-akgumolam-akgumolam",
        "name_tm": "Akgumolam",
        "name_en": "Akgumolam",
        "name_ru": "Акгумолам",
        "type": "village",
        "parent_slug": "turkmenistan-lebap-koytendag-koytendag-akgumolam",
        "root_slug": "turkmenistan-lebap",
        "verification_status": "verification_required"
      },
      "geometry": {
        "type": "Point",
        "coordinates": [
          65.86785989999999913,
          37.53547830000000118
        ]
      }
    },
    {
      "type": "Feature",
      "properties": {
        "slug": "turkmenistan-lebap-koytendag-koytendag-baydak",
        "name_tm": "Baýdak",
        "name_en": "Baýdak",
        "name_ru": "Байдак",
        "type": "village",
        "parent_slug": "turkmenistan-lebap-koytendag-koytendag",
        "root_slug": "turkmenistan-lebap",
        "verification_status": "verification_required"
      },
      "geometry": {
        "type": "Point",
        "coordinates": [
          65.27905649999999583,
          37.83763929999999931
        ]
      }
    },
    {
      "type": "Feature",
      "properties": {
        "slug": "turkmenistan-lebap-koytendag-koytendag-carjew-yurekdepe",
        "name_tm": "Ýürekdepe",
        "name_en": "Ýürekdepe",
        "name_ru": "Йурекдепе",
        "type": "village",
        "parent_slug": "turkmenistan-lebap-koytendag-koytendag-carjew",
        "root_slug": "turkmenistan-lebap",
        "verification_status": "verification_required"
      },
      "geometry": {
        "type": "Point",
        "coordinates": [
          66.02490249999999606,
          37.66405730000000319
        ]
      }
    },
    {
      "type": "Feature",
      "properties": {
        "slug": "turkmenistan-lebap-koytendag-koytendag-garahowuz-garahowuz",
        "name_tm": "Garahowuz",
        "name_en": "Garahowuz",
        "name_ru": "Гараховуз",
        "type": "village",
        "parent_slug": "turkmenistan-lebap-koytendag-koytendag-garahowuz",
        "root_slug": "turkmenistan-lebap",
        "verification_status": "verification_required"
      },
      "geometry": {
        "type": "Point",
        "coordinates": [
          65.80216409999999883,
          37.57261050000000325
        ]
      }
    },
    {
      "type": "Feature",
      "properties": {
        "slug": "turkmenistan-lebap-koytendag-koytendag-garlyk",
        "name_tm": "Garlyk",
        "name_en": "Garlyk",
        "name_ru": "Гарлык",
        "type": "village",
        "parent_slug": "turkmenistan-lebap-koytendag-koytendag",
        "root_slug": "turkmenistan-lebap",
        "verification_status": "verification_required"
      },
      "geometry": {
        "type": "Point",
        "coordinates": [
          66.33968319999999608,
          37.58835559999999987
        ]
      }
    },
    {
      "type": "Feature",
      "properties": {
        "slug": "turkmenistan-lebap-koytendag-koytendag-garnas-balh",
        "name_tm": "Balh",
        "name_en": "Balh",
        "name_ru": "Балх",
        "type": "village",
        "parent_slug": "turkmenistan-lebap-koytendag-koytendag-garnas",
        "root_slug": "turkmenistan-lebap",
        "verification_status": "verification_required"
      },
      "geometry": {
        "type": "Point",
        "coordinates": [
          66.06755309999999782,
          37.52805490000000077
        ]
      }
    },
    {
      "type": "Feature",
      "properties": {
        "slug": "turkmenistan-lebap-koytendag-koytendag-garnas-carsanny",
        "name_tm": "Çarşaňňy",
        "name_en": "Çarşaňňy",
        "name_ru": "Чаршанны",
        "type": "village",
        "parent_slug": "turkmenistan-lebap-koytendag-koytendag-garnas",
        "root_slug": "turkmenistan-lebap",
        "verification_status": "verification_required"
      },
      "geometry": {
        "type": "Point",
        "coordinates": [
          66.00421470000000568,
          37.50482540000000142
        ]
      }
    },
    {
      "type": "Feature",
      "properties": {
        "slug": "turkmenistan-lebap-koytendag-koytendag-garnas-garabagsyly",
        "name_tm": "Garabagşyly",
        "name_en": "Garabagşyly",
        "name_ru": "Гарабагшылы",
        "type": "village",
        "parent_slug": "turkmenistan-lebap-koytendag-koytendag-garnas",
        "root_slug": "turkmenistan-lebap",
        "verification_status": "verification_required"
      },
      "geometry": {
        "type": "Point",
        "coordinates": [
          65.96660629999999515,
          37.51640859999999834
        ]
      }
    },
    {
      "type": "Feature",
      "properties": {
        "slug": "turkmenistan-lebap-koytendag-koytendag-garnas-garnas",
        "name_tm": "Garnas",
        "name_en": "Garnas",
        "name_ru": "Гарнас",
        "type": "village",
        "parent_slug": "turkmenistan-lebap-koytendag-koytendag-garnas",
        "root_slug": "turkmenistan-lebap",
        "verification_status": "verification_required"
      },
      "geometry": {
        "type": "Point",
        "coordinates": [
          65.93626009999999838,
          37.51952659999999896
        ]
      }
    },
    {
      "type": "Feature",
      "properties": {
        "slug": "turkmenistan-lebap-koytendag-koytendag-garrygala-garrygala",
        "name_tm": "Garrygala",
        "name_en": "Garrygala",
        "name_ru": "Гаррыгала",
        "type": "village",
        "parent_slug": "turkmenistan-lebap-koytendag-koytendag-garrygala",
        "root_slug": "turkmenistan-lebap",
        "verification_status": "verification_required"
      },
      "geometry": {
        "type": "Point",
        "coordinates": [
          66.00600769999999784,
          37.87701770000000324
        ]
      }
    },
    {
      "type": "Feature",
      "properties": {
        "slug": "turkmenistan-lebap-koytendag-koytendag-garrygala-gokmiyar",
        "name_tm": "Gökmiýar",
        "name_en": "Gökmiýar",
        "name_ru": "Гокмияр",
        "type": "village",
        "parent_slug": "turkmenistan-lebap-koytendag-koytendag-garrygala",
        "root_slug": "turkmenistan-lebap",
        "verification_status": "verification_required"
      },
      "geometry": {
        "type": "Point",
        "coordinates": [
          66.14624630000000138,
          38.02320660000000174
        ]
      }
    },
    {
      "type": "Feature",
      "properties": {
        "slug": "turkmenistan-lebap-koytendag-koytendag-hojak",
        "name_tm": "Hojak",
        "name_en": "Hojak",
        "name_ru": "Хожак",
        "type": "village",
        "parent_slug": "turkmenistan-lebap-koytendag-koytendag",
        "root_slug": "turkmenistan-lebap",
        "verification_status": "verification_required"
      },
      "geometry": {
        "type": "Point",
        "coordinates": [
          66.37055599999999344,
          37.59527800000000041
        ]
      }
    },
    {
      "type": "Feature",
      "properties": {
        "slug": "turkmenistan-lebap-koytendag-koytendag-koyten-bazardepe",
        "name_tm": "Bazardepe",
        "name_en": "Bazardepe",
        "name_ru": "Базардепе",
        "type": "village",
        "parent_slug": "turkmenistan-lebap-koytendag-koytendag-koyten",
        "root_slug": "turkmenistan-lebap",
        "verification_status": "verification_required"
      },
      "geometry": {
        "type": "Point",
        "coordinates": [
          66.39623860000000377,
          37.79862800000000078
        ]
      }
    },
    {
      "type": "Feature",
      "properties": {
        "slug": "turkmenistan-lebap-koytendag-koytendag-koyten-gyzylay",
        "name_tm": "Gyzylaý",
        "name_en": "Gyzylaý",
        "name_ru": "Гызылай",
        "type": "village",
        "parent_slug": "turkmenistan-lebap-koytendag-koytendag-koyten",
        "root_slug": "turkmenistan-lebap",
        "verification_status": "verification_required"
      },
      "geometry": {
        "type": "Point",
        "coordinates": [
          66.52818449999999472,
          37.93714709999999712
        ]
      }
    },
    {
      "type": "Feature",
      "properties": {
        "slug": "turkmenistan-lebap-koytendag-koytendag-koyten-hojeypil",
        "name_tm": "Hojeýpil",
        "name_en": "Hojeýpil",
        "name_ru": "Ходжапиль",
        "type": "village",
        "parent_slug": "turkmenistan-lebap-koytendag-koytendag-koyten",
        "root_slug": "turkmenistan-lebap",
        "verification_status": "verification_required"
      },
      "geometry": {
        "type": "Point",
        "coordinates": [
          66.65049349999999607,
          37.9494416000000001
        ]
      }
    },
    {
      "type": "Feature",
      "properties": {
        "slug": "turkmenistan-lebap-koytendag-koytendag-koyten-koyten",
        "name_tm": "Koýten",
        "name_en": "Koýten",
        "name_ru": "Койтен",
        "type": "village",
        "parent_slug": "turkmenistan-lebap-koytendag-koytendag-koyten",
        "root_slug": "turkmenistan-lebap",
        "verification_status": "verification_required"
      },
      "geometry": {
        "type": "Point",
        "coordinates": [
          66.48489899999999864,
          37.91861850000000089
        ]
      }
    },
    {
      "type": "Feature",
      "properties": {
        "slug": "turkmenistan-lebap-koytendag-koytendag-koyten-obasy",
        "name_tm": "Koýten obasy",
        "name_en": "Koýten obasy",
        "name_ru": "село Койтен",
        "type": "village",
        "parent_slug": "turkmenistan-lebap-koytendag-koytendag",
        "root_slug": "turkmenistan-lebap",
        "verification_status": "verification_required"
      },
      "geometry": {
        "type": "Point",
        "coordinates": [
          66.48697479999999871,
          37.91688369999999964
        ]
      }
    },
    {
      "type": "Feature",
      "properties": {
        "slug": "turkmenistan-lebap-koytendag-koytendag-kunjek",
        "name_tm": "Künjek",
        "name_en": "Künjek",
        "name_ru": "Кунжек",
        "type": "village",
        "parent_slug": "turkmenistan-lebap-koytendag-koytendag",
        "root_slug": "turkmenistan-lebap",
        "verification_status": "verification_required"
      },
      "geometry": {
        "type": "Point",
        "coordinates": [
          66.41872920000000135,
          37.56593610000000182
        ]
      }
    },
    {
      "type": "Feature",
      "properties": {
        "slug": "turkmenistan-lebap-koytendag-koytendag-megejik-akderi",
        "name_tm": "Akderi",
        "name_en": "Akderi",
        "name_ru": "Акдери",
        "type": "village",
        "parent_slug": "turkmenistan-lebap-koytendag-koytendag-megejik",
        "root_slug": "turkmenistan-lebap",
        "verification_status": "verification_required"
      },
      "geometry": {
        "type": "Point",
        "coordinates": [
          66.26722200000000384,
          37.37944399999999945
        ]
      }
    },
    {
      "type": "Feature",
      "properties": {
        "slug": "turkmenistan-lebap-koytendag-koytendag-megejik-gumpetde",
        "name_tm": "Gumpetde",
        "name_en": "Gumpetde",
        "name_ru": "Гумпетде",
        "type": "village",
        "parent_slug": "turkmenistan-lebap-koytendag-koytendag-megejik",
        "root_slug": "turkmenistan-lebap",
        "verification_status": "verification_required"
      },
      "geometry": {
        "type": "Point",
        "coordinates": [
          66.1156318999999968,
          37.46380049999999784
        ]
      }
    },
    {
      "type": "Feature",
      "properties": {
        "slug": "turkmenistan-lebap-koytendag-koytendag-megejik-megejik",
        "name_tm": "Megejik",
        "name_en": "Megejik",
        "name_ru": "Мегежик",
        "type": "village",
        "parent_slug": "turkmenistan-lebap-koytendag-koytendag-megejik",
        "root_slug": "turkmenistan-lebap",
        "verification_status": "verification_required"
      },
      "geometry": {
        "type": "Point",
        "coordinates": [
          66.16888249999999517,
          37.43562370000000072
        ]
      }
    },
    {
      "type": "Feature",
      "properties": {
        "slug": "turkmenistan-lebap-koytendag-koytendag-megejik-sagundy",
        "name_tm": "Şagundy",
        "name_en": "Şagundy",
        "name_ru": "Шагунды",
        "type": "village",
        "parent_slug": "turkmenistan-lebap-koytendag-koytendag-megejik",
        "root_slug": "turkmenistan-lebap",
        "verification_status": "verification_required"
      },
      "geometry": {
        "type": "Point",
        "coordinates": [
          66.19940590000000213,
          37.40770940000000166
        ]
      }
    },
    {
      "type": "Feature",
      "properties": {
        "slug": "turkmenistan-lebap-koytendag-koytendag-mes",
        "name_tm": "Mes",
        "name_en": "Mes",
        "name_ru": "Мес",
        "type": "village",
        "parent_slug": "turkmenistan-lebap-koytendag-koytendag",
        "root_slug": "turkmenistan-lebap",
        "verification_status": "verification_required"
      },
      "geometry": {
        "type": "Point",
        "coordinates": [
          66.29734820000000183,
          37.34794620000000265
        ]
      }
    },
    {
      "type": "Feature",
      "properties": {
        "slug": "turkmenistan-lebap-koytendag-koytendag-ters-ters",
        "name_tm": "Ters",
        "name_en": "Ters",
        "name_ru": "Терс",
        "type": "village",
        "parent_slug": "turkmenistan-lebap-koytendag-koytendag-ters",
        "root_slug": "turkmenistan-lebap",
        "verification_status": "verification_required"
      },
      "geometry": {
        "type": "Point",
        "coordinates": [
          66.03260819999999854,
          37.50338099999999741
        ]
      }
    },
    {
      "type": "Feature",
      "properties": {
        "slug": "turkmenistan-lebap-koytendag-koytendag-tutlykak",
        "name_tm": "Tutlykak",
        "name_en": "Tutlykak",
        "name_ru": "Тутлыкак",
        "type": "village",
        "parent_slug": "turkmenistan-lebap-koytendag-koytendag",
        "root_slug": "turkmenistan-lebap",
        "verification_status": "verification_required"
      },
      "geometry": {
        "type": "Point",
        "coordinates": [
          65.54344509999999958,
          37.81157919999999705
        ]
      }
    },
    {
      "type": "Feature",
      "properties": {
        "slug": "turkmenistan-lebap-koytendag-koytendag-zarpcy-zarpcy",
        "name_tm": "Zarpçy",
        "name_en": "Zarpçy",
        "name_ru": "Зарпчы",
        "type": "village",
        "parent_slug": "turkmenistan-lebap-koytendag-koytendag-zarpcy",
        "root_slug": "turkmenistan-lebap",
        "verification_status": "verification_required"
      },
      "geometry": {
        "type": "Point",
        "coordinates": [
          66.11775500000000249,
          37.48817290000000213
        ]
      }
    },
    {
      "type": "Feature",
      "properties": {
        "slug": "turkmenistan-lebap-sayat-sayat-awcy-awcy",
        "name_tm": "Awçy",
        "name_en": "Awçy",
        "name_ru": "Авчи",
        "type": "village",
        "parent_slug": "turkmenistan-lebap-sayat-sayat-awcy",
        "root_slug": "turkmenistan-lebap",
        "verification_status": "verification_required"
      },
      "geometry": {
        "type": "Point",
        "coordinates": [
          63.91078290000000095,
          38.83733260000000343
        ]
      }
    },
    {
      "type": "Feature",
      "properties": {
        "slug": "turkmenistan-lebap-sayat-sayat-awcy-lebapoba",
        "name_tm": "Lebapoba",
        "name_en": "Lebapoba",
        "name_ru": "Лебапоба",
        "type": "village",
        "parent_slug": "turkmenistan-lebap-sayat-sayat-awcy",
        "root_slug": "turkmenistan-lebap",
        "verification_status": "verification_required"
      },
      "geometry": {
        "type": "Point",
        "coordinates": [
          63.9095873999999995,
          38.83714810000000028
        ]
      }
    },
    {
      "type": "Feature",
      "properties": {
        "slug": "turkmenistan-lebap-sayat-sayat-awcy-nerezim",
        "name_tm": "Nerezim",
        "name_en": "Nerezim",
        "name_ru": "Нерезим",
        "type": "village",
        "parent_slug": "turkmenistan-lebap-sayat-sayat-awcy",
        "root_slug": "turkmenistan-lebap",
        "verification_status": "verification_required"
      },
      "geometry": {
        "type": "Point",
        "coordinates": [
          63.8500616999999977,
          38.86878870000000319
        ]
      }
    },
    {
      "type": "Feature",
      "properties": {
        "slug": "turkmenistan-lebap-sayat-sayat-awcy-nurbak",
        "name_tm": "Nurbak",
        "name_en": "Nurbak",
        "name_ru": "Нурбак",
        "type": "village",
        "parent_slug": "turkmenistan-lebap-sayat-sayat-awcy",
        "root_slug": "turkmenistan-lebap",
        "verification_status": "verification_required"
      },
      "geometry": {
        "type": "Point",
        "coordinates": [
          63.88041069999999877,
          38.87199679999999802
        ]
      }
    },
    {
      "type": "Feature",
      "properties": {
        "slug": "turkmenistan-lebap-sayat-sayat-bakjacy-bakjacylar",
        "name_tm": "Bakjaçylar",
        "name_en": "Bakjaçylar",
        "name_ru": "Бакжачылар",
        "type": "village",
        "parent_slug": "turkmenistan-lebap-sayat-sayat-bakjacy",
        "root_slug": "turkmenistan-lebap",
        "verification_status": "verification_required"
      },
      "geometry": {
        "type": "Point",
        "coordinates": [
          63.83878839999999855,
          38.93374810000000252
        ]
      }
    },
    {
      "type": "Feature",
      "properties": {
        "slug": "turkmenistan-lebap-sayat-sayat-cekic-azatlyk",
        "name_tm": "Azatlyk",
        "name_en": "Azatlyk",
        "name_ru": "Азатлык",
        "type": "village",
        "parent_slug": "turkmenistan-lebap-sayat-sayat-cekic",
        "root_slug": "turkmenistan-lebap",
        "verification_status": "verification_required"
      },
      "geometry": {
        "type": "Point",
        "coordinates": [
          63.93255889999999653,
          38.69939269999999709
        ]
      }
    },
    {
      "type": "Feature",
      "properties": {
        "slug": "turkmenistan-lebap-sayat-sayat-cekic-bagtyyarlyk",
        "name_tm": "Bagtyýarlyk",
        "name_en": "Bagtyýarlyk",
        "name_ru": "Багтыярлык",
        "type": "village",
        "parent_slug": "turkmenistan-lebap-sayat-sayat-cekic",
        "root_slug": "turkmenistan-lebap",
        "verification_status": "verification_required"
      },
      "geometry": {
        "type": "Point",
        "coordinates": [
          63.961258100000002,
          38.67541210000000263
        ]
      }
    },
    {
      "type": "Feature",
      "properties": {
        "slug": "turkmenistan-lebap-sayat-sayat-cekic-cekicler",
        "name_tm": "Çekiçler",
        "name_en": "Çekiçler",
        "name_ru": "Чекичлер",
        "type": "village",
        "parent_slug": "turkmenistan-lebap-sayat-sayat-cekic",
        "root_slug": "turkmenistan-lebap",
        "verification_status": "verification_required"
      },
      "geometry": {
        "type": "Point",
        "coordinates": [
          63.95535019999999804,
          38.70116569999999711
        ]
      }
    },
    {
      "type": "Feature",
      "properties": {
        "slug": "turkmenistan-lebap-sayat-sayat-cowdur-cowdur",
        "name_tm": "Çowdur",
        "name_en": "Çowdur",
        "name_ru": "Човдур",
        "type": "village",
        "parent_slug": "turkmenistan-lebap-sayat-sayat-cowdur",
        "root_slug": "turkmenistan-lebap",
        "verification_status": "verification_required"
      },
      "geometry": {
        "type": "Point",
        "coordinates": [
          63.91084450000000316,
          38.7455410000000029
        ]
      }
    },
    {
      "type": "Feature",
      "properties": {
        "slug": "turkmenistan-lebap-sayat-sayat-cowdur-garagum",
        "name_tm": "Garagum",
        "name_en": "Garagum",
        "name_ru": "Гарагум",
        "type": "village",
        "parent_slug": "turkmenistan-lebap-sayat-sayat-cowdur",
        "root_slug": "turkmenistan-lebap",
        "verification_status": "verification_required"
      },
      "geometry": {
        "type": "Point",
        "coordinates": [
          63.89385359999999992,
          38.73704229999999882
        ]
      }
    },
    {
      "type": "Feature",
      "properties": {
        "slug": "turkmenistan-lebap-sayat-sayat-cowdur-obasy",
        "name_tm": "Çowdur obasy",
        "name_en": "Çowdur obasy",
        "name_ru": "Човдур обасы",
        "type": "village",
        "parent_slug": "turkmenistan-lebap-sayat-sayat",
        "root_slug": "turkmenistan-lebap",
        "verification_status": "verification_required"
      },
      "geometry": {
        "type": "Point",
        "coordinates": [
          63.91185490000000157,
          38.74496349999999722
        ]
      }
    },
    {
      "type": "Feature",
      "properties": {
        "slug": "turkmenistan-lebap-sayat-sayat-cowdur-sayatly",
        "name_tm": "Saýatly",
        "name_en": "Saýatly",
        "name_ru": "Саятлы",
        "type": "village",
        "parent_slug": "turkmenistan-lebap-sayat-sayat-cowdur",
        "root_slug": "turkmenistan-lebap",
        "verification_status": "verification_required"
      },
      "geometry": {
        "type": "Point",
        "coordinates": [
          63.90551669999999974,
          38.72341740000000243
        ]
      }
    },
    {
      "type": "Feature",
      "properties": {
        "slug": "turkmenistan-lebap-sayat-sayat-cowdur-watan",
        "name_tm": "Watan",
        "name_en": "Watan",
        "name_ru": "Ватан",
        "type": "village",
        "parent_slug": "turkmenistan-lebap-sayat-sayat-cowdur",
        "root_slug": "turkmenistan-lebap",
        "verification_status": "verification_required"
      },
      "geometry": {
        "type": "Point",
        "coordinates": [
          63.90857239999999707,
          38.75862639999999714
        ]
      }
    },
    {
      "type": "Feature",
      "properties": {
        "slug": "turkmenistan-lebap-sayat-sayat-esgi-gyzylgaya",
        "name_tm": "Gyzylgaýa",
        "name_en": "Gyzylgaýa",
        "name_ru": "Гызылгая",
        "type": "village",
        "parent_slug": "turkmenistan-lebap-sayat-sayat-esgi",
        "root_slug": "turkmenistan-lebap",
        "verification_status": "verification_required"
      },
      "geometry": {
        "type": "Point",
        "coordinates": [
          63.91660569999999809,
          38.79640189999999933
        ]
      }
    },
    {
      "type": "Feature",
      "properties": {
        "slug": "turkmenistan-lebap-sayat-sayat-esgi-yagtyyol",
        "name_tm": "Ýagtyýol",
        "name_en": "Ýagtyýol",
        "name_ru": "Ягтыёл",
        "type": "village",
        "parent_slug": "turkmenistan-lebap-sayat-sayat-esgi",
        "root_slug": "turkmenistan-lebap",
        "verification_status": "verification_required"
      },
      "geometry": {
        "type": "Point",
        "coordinates": [
          63.93976349999999798,
          38.74884329999999721
        ]
      }
    },
    {
      "type": "Feature",
      "properties": {
        "slug": "turkmenistan-lebap-sayat-sayat-garagum-obasy",
        "name_tm": "Garagum obasy",
        "name_en": "Garagum obasy",
        "name_ru": "Гарагум обасы",
        "type": "village",
        "parent_slug": "turkmenistan-lebap-sayat-sayat",
        "root_slug": "turkmenistan-lebap",
        "verification_status": "verification_required"
      },
      "geometry": {
        "type": "Point",
        "coordinates": [
          63.89560670000000186,
          38.73635740000000283
        ]
      }
    },
    {
      "type": "Feature",
      "properties": {
        "slug": "turkmenistan-lebap-sayat-sayat-gyzylyarymay-obasy",
        "name_tm": "Gyzylýarymaý obasy",
        "name_en": "Gyzylýarymaý obasy",
        "name_ru": "Гызылярымай обасы",
        "type": "village",
        "parent_slug": "turkmenistan-lebap-sayat-sayat",
        "root_slug": "turkmenistan-lebap",
        "verification_status": "verification_required"
      },
      "geometry": {
        "type": "Point",
        "coordinates": [
          63.65194840000000198,
          38.97722799999999665
        ]
      }
    },
    {
      "type": "Feature",
      "properties": {
        "slug": "turkmenistan-lebap-sayat-sayat-jennel-bereketli",
        "name_tm": "Bereketli",
        "name_en": "Bereketli",
        "name_ru": "Берекетли",
        "type": "village",
        "parent_slug": "turkmenistan-lebap-sayat-sayat-jennel",
        "root_slug": "turkmenistan-lebap",
        "verification_status": "verification_required"
      },
      "geometry": {
        "type": "Point",
        "coordinates": [
          63.75077629999999829,
          38.97374210000000261
        ]
      }
    },
    {
      "type": "Feature",
      "properties": {
        "slug": "turkmenistan-lebap-sayat-sayat-jennel-gulancy",
        "name_tm": "Gulançy",
        "name_en": "Gulançy",
        "name_ru": "Гуланчы",
        "type": "village",
        "parent_slug": "turkmenistan-lebap-sayat-sayat-jennel",
        "root_slug": "turkmenistan-lebap",
        "verification_status": "verification_required"
      },
      "geometry": {
        "type": "Point",
        "coordinates": [
          63.77598880000000036,
          38.9766256999999996
        ]
      }
    },
    {
      "type": "Feature",
      "properties": {
        "slug": "turkmenistan-lebap-sayat-sayat-jennel-raydaslyk",
        "name_tm": "Raýdaşlyk",
        "name_en": "Raýdaşlyk",
        "name_ru": "Райдашлык",
        "type": "village",
        "parent_slug": "turkmenistan-lebap-sayat-sayat-jennel",
        "root_slug": "turkmenistan-lebap",
        "verification_status": "verification_required"
      },
      "geometry": {
        "type": "Point",
        "coordinates": [
          63.72986019999999741,
          38.98449750000000336
        ]
      }
    },
    {
      "type": "Feature",
      "properties": {
        "slug": "turkmenistan-lebap-sayat-sayat-jennel-yaslyk",
        "name_tm": "Ýaşlyk",
        "name_en": "Ýaşlyk",
        "name_ru": "Яшлык",
        "type": "village",
        "parent_slug": "turkmenistan-lebap-sayat-sayat-jennel",
        "root_slug": "turkmenistan-lebap",
        "verification_status": "verification_required"
      },
      "geometry": {
        "type": "Point",
        "coordinates": [
          63.77015380000000277,
          38.95612590000000353
        ]
      }
    },
    {
      "type": "Feature",
      "properties": {
        "slug": "turkmenistan-lebap-sayat-sayat-kekreli",
        "name_tm": "Kekreli",
        "name_en": "Kekreli",
        "name_ru": "Кекрели",
        "type": "village",
        "parent_slug": "turkmenistan-lebap-sayat-sayat",
        "root_slug": "turkmenistan-lebap",
        "verification_status": "verification_required"
      },
      "geometry": {
        "type": "Point",
        "coordinates": [
          64.00492730000000563,
          38.54203640000000063
        ]
      }
    },
    {
      "type": "Feature",
      "properties": {
        "slug": "turkmenistan-lebap-sayat-sayat-lebaby-gawuncy",
        "name_tm": "Gawunçy",
        "name_en": "Gawunçy",
        "name_ru": "Гавунчы",
        "type": "village",
        "parent_slug": "turkmenistan-lebap-sayat-sayat-lebaby",
        "root_slug": "turkmenistan-lebap",
        "verification_status": "verification_required"
      },
      "geometry": {
        "type": "Point",
        "coordinates": [
          63.83786219999999645,
          38.91753159999999667
        ]
      }
    },
    {
      "type": "Feature",
      "properties": {
        "slug": "turkmenistan-lebap-sayat-sayat-lebaby-guscy",
        "name_tm": "Guşçy",
        "name_en": "Guşçy",
        "name_ru": "Гушчы",
        "type": "village",
        "parent_slug": "turkmenistan-lebap-sayat-sayat-lebaby",
        "root_slug": "turkmenistan-lebap",
        "verification_status": "verification_required"
      },
      "geometry": {
        "type": "Point",
        "coordinates": [
          63.83672479999999894,
          38.89673140000000017
        ]
      }
    },
    {
      "type": "Feature",
      "properties": {
        "slug": "turkmenistan-lebap-sayat-sayat-lebaby-kelteyap",
        "name_tm": "Kelteýap",
        "name_en": "Kelteýap",
        "name_ru": "Келтеяп",
        "type": "village",
        "parent_slug": "turkmenistan-lebap-sayat-sayat-lebaby",
        "root_slug": "turkmenistan-lebap",
        "verification_status": "verification_required"
      },
      "geometry": {
        "type": "Point",
        "coordinates": [
          63.83143780000000333,
          38.88648669999999897
        ]
      }
    },
    {
      "type": "Feature",
      "properties": {
        "slug": "turkmenistan-lebap-sayat-sayat-lebaby-lebaby",
        "name_tm": "Lebaby",
        "name_en": "Lebaby",
        "name_ru": "Лебабы",
        "type": "village",
        "parent_slug": "turkmenistan-lebap-sayat-sayat-lebaby",
        "root_slug": "turkmenistan-lebap",
        "verification_status": "verification_required"
      },
      "geometry": {
        "type": "Point",
        "coordinates": [
          63.82205050000000312,
          38.90657319999999685
        ]
      }
    },
    {
      "type": "Feature",
      "properties": {
        "slug": "turkmenistan-lebap-sayat-sayat-lebap",
        "name_tm": "Lebap",
        "name_en": "Lebap",
        "name_ru": "Лебап",
        "type": "village",
        "parent_slug": "turkmenistan-lebap-sayat-sayat",
        "root_slug": "turkmenistan-lebap",
        "verification_status": "verification_required"
      },
      "geometry": {
        "type": "Point",
        "coordinates": [
          64.24837709999999902,
          38.42401780000000144
        ]
      }
    },
    {
      "type": "Feature",
      "properties": {
        "slug": "turkmenistan-lebap-sayat-sayat-merye-alpan",
        "name_tm": "Alpan",
        "name_en": "Alpan",
        "name_ru": "Алпан",
        "type": "village",
        "parent_slug": "turkmenistan-lebap-sayat-sayat-merye",
        "root_slug": "turkmenistan-lebap",
        "verification_status": "verification_required"
      },
      "geometry": {
        "type": "Point",
        "coordinates": [
          63.78693930000000023,
          38.88589640000000002
        ]
      }
    },
    {
      "type": "Feature",
      "properties": {
        "slug": "turkmenistan-lebap-sayat-sayat-merye-gosdepe",
        "name_tm": "Goşdepe",
        "name_en": "Goşdepe",
        "name_ru": "Гошдепе",
        "type": "village",
        "parent_slug": "turkmenistan-lebap-sayat-sayat-merye",
        "root_slug": "turkmenistan-lebap",
        "verification_status": "verification_required"
      },
      "geometry": {
        "type": "Point",
        "coordinates": [
          63.74499840000000006,
          38.88781120000000157
        ]
      }
    },
    {
      "type": "Feature",
      "properties": {
        "slug": "turkmenistan-lebap-sayat-sayat-merye-hazarekdepe",
        "name_tm": "Hazarekdepe",
        "name_en": "Hazarekdepe",
        "name_ru": "Хазарекдепе",
        "type": "village",
        "parent_slug": "turkmenistan-lebap-sayat-sayat-merye",
        "root_slug": "turkmenistan-lebap",
        "verification_status": "verification_required"
      },
      "geometry": {
        "type": "Point",
        "coordinates": [
          63.70807310000000001,
          38.90704199999999701
        ]
      }
    },
    {
      "type": "Feature",
      "properties": {
        "slug": "turkmenistan-lebap-sayat-sayat-mulk-bitaraplyk",
        "name_tm": "Bitaraplyk",
        "name_en": "Bitaraplyk",
        "name_ru": "Битараплык",
        "type": "village",
        "parent_slug": "turkmenistan-lebap-sayat-sayat-mulk",
        "root_slug": "turkmenistan-lebap",
        "verification_status": "verification_required"
      },
      "geometry": {
        "type": "Point",
        "coordinates": [
          63.85957640000000168,
          38.78963240000000212
        ]
      }
    },
    {
      "type": "Feature",
      "properties": {
        "slug": "turkmenistan-lebap-sayat-sayat-mulk-bujak",
        "name_tm": "Bujak",
        "name_en": "Bujak",
        "name_ru": "Бужак",
        "type": "village",
        "parent_slug": "turkmenistan-lebap-sayat-sayat-mulk",
        "root_slug": "turkmenistan-lebap",
        "verification_status": "verification_required"
      },
      "geometry": {
        "type": "Point",
        "coordinates": [
          63.8497191000000015,
          38.81974819999999938
        ]
      }
    },
    {
      "type": "Feature",
      "properties": {
        "slug": "turkmenistan-lebap-sayat-sayat-mulk-garkyn",
        "name_tm": "Garkyn",
        "name_en": "Garkyn",
        "name_ru": "Гаркын",
        "type": "village",
        "parent_slug": "turkmenistan-lebap-sayat-sayat-mulk",
        "root_slug": "turkmenistan-lebap",
        "verification_status": "verification_required"
      },
      "geometry": {
        "type": "Point",
        "coordinates": [
          63.86278300000000029,
          38.79596879999999714
        ]
      }
    },
    {
      "type": "Feature",
      "properties": {
        "slug": "turkmenistan-lebap-sayat-sayat-mulk-gusculyk",
        "name_tm": "Guşçulyk",
        "name_en": "Guşçulyk",
        "name_ru": "Гушчулык",
        "type": "village",
        "parent_slug": "turkmenistan-lebap-sayat-sayat-mulk",
        "root_slug": "turkmenistan-lebap",
        "verification_status": "verification_required"
      },
      "geometry": {
        "type": "Point",
        "coordinates": [
          63.8432971000000009,
          38.80663890000000294
        ]
      }
    },
    {
      "type": "Feature",
      "properties": {
        "slug": "turkmenistan-lebap-sayat-sayat-mulk-gyzan",
        "name_tm": "Gyzan",
        "name_en": "Gyzan",
        "name_ru": "Гызан",
        "type": "village",
        "parent_slug": "turkmenistan-lebap-sayat-sayat-mulk",
        "root_slug": "turkmenistan-lebap",
        "verification_status": "verification_required"
      },
      "geometry": {
        "type": "Point",
        "coordinates": [
          63.81253180000000213,
          38.86176350000000212
        ]
      }
    },
    {
      "type": "Feature",
      "properties": {
        "slug": "turkmenistan-lebap-sayat-sayat-mulk-mulk",
        "name_tm": "Mülk",
        "name_en": "Mülk",
        "name_ru": "Мулк",
        "type": "village",
        "parent_slug": "turkmenistan-lebap-sayat-sayat-mulk",
        "root_slug": "turkmenistan-lebap",
        "verification_status": "verification_required"
      },
      "geometry": {
        "type": "Point",
        "coordinates": [
          63.82967440000000181,
          38.82760619999999819
        ]
      }
    },
    {
      "type": "Feature",
      "properties": {
        "slug": "turkmenistan-lebap-sayat-sayat-syyadagsakar-hasylcy",
        "name_tm": "Hasylçy",
        "name_en": "Hasylçy",
        "name_ru": "Хасылчы",
        "type": "village",
        "parent_slug": "turkmenistan-lebap-sayat-sayat-syyadagsakar",
        "root_slug": "turkmenistan-lebap",
        "verification_status": "verification_required"
      },
      "geometry": {
        "type": "Point",
        "coordinates": [
          63.75741070000000121,
          38.93568690000000032
        ]
      }
    },
    {
      "type": "Feature",
      "properties": {
        "slug": "turkmenistan-lebap-sayat-sayat-tazelikci-tazelikci",
        "name_tm": "Täzelikçi",
        "name_en": "Täzelikçi",
        "name_ru": "Тазеликчи",
        "type": "village",
        "parent_slug": "turkmenistan-lebap-sayat-sayat-tazelikci",
        "root_slug": "turkmenistan-lebap",
        "verification_status": "verification_required"
      },
      "geometry": {
        "type": "Point",
        "coordinates": [
          63.84205690000000288,
          38.85505510000000128
        ]
      }
    },
    {
      "type": "Feature",
      "properties": {
        "slug": "turkmenistan-lebap-sayat-sayat-tazeoba",
        "name_tm": "Täzeoba",
        "name_en": "Täzeoba",
        "name_ru": "Тазеоба",
        "type": "village",
        "parent_slug": "turkmenistan-lebap-sayat-sayat",
        "root_slug": "turkmenistan-lebap",
        "verification_status": "verification_required"
      },
      "geometry": {
        "type": "Point",
        "coordinates": [
          64.00924729999999841,
          38.5725521000000029
        ]
      }
    },
    {
      "type": "Feature",
      "properties": {
        "slug": "turkmenistan-lebap-sayat-sayat-tejribeciler-gyzylyarymay",
        "name_tm": "Gyzylýarymaý",
        "name_en": "Gyzylýarymaý",
        "name_ru": "Гызылярымай",
        "type": "village",
        "parent_slug": "turkmenistan-lebap-sayat-sayat-tejribeciler",
        "root_slug": "turkmenistan-lebap",
        "verification_status": "verification_required"
      },
      "geometry": {
        "type": "Point",
        "coordinates": [
          63.65091819999999956,
          38.97723419999999806
        ]
      }
    },
    {
      "type": "Feature",
      "properties": {
        "slug": "turkmenistan-lebap-sayat-sayat-tejribeciler-obasy",
        "name_tm": "Tejribeçiler obasy",
        "name_en": "Tejribeçiler obasy",
        "name_ru": "Тежрибечилер обасы",
        "type": "village",
        "parent_slug": "turkmenistan-lebap-sayat-sayat",
        "root_slug": "turkmenistan-lebap",
        "verification_status": "verification_required"
      },
      "geometry": {
        "type": "Point",
        "coordinates": [
          63.65012180000000086,
          38.96188899999999933
        ]
      }
    },
    {
      "type": "Feature",
      "properties": {
        "slug": "turkmenistan-lebap-sayat-sayat-tejribeciler-tejribeciler",
        "name_tm": "Tejribeçiler",
        "name_en": "Tejribeçiler",
        "name_ru": "Тежрибечилер",
        "type": "village",
        "parent_slug": "turkmenistan-lebap-sayat-sayat-tejribeciler",
        "root_slug": "turkmenistan-lebap",
        "verification_status": "verification_required"
      },
      "geometry": {
        "type": "Point",
        "coordinates": [
          63.65119510000000246,
          38.96281679999999881
        ]
      }
    },
    {
      "type": "Feature",
      "properties": {
        "slug": "turkmenistan-lebap-sayat-sayat-topurkak-topurkak",
        "name_tm": "Topurkak",
        "name_en": "Topurkak",
        "name_ru": "Топуркак",
        "type": "village",
        "parent_slug": "turkmenistan-lebap-sayat-sayat-topurkak",
        "root_slug": "turkmenistan-lebap",
        "verification_status": "verification_required"
      },
      "geometry": {
        "type": "Point",
        "coordinates": [
          64.03267639999999972,
          37.75098069999999951
        ]
      }
    },
    {
      "type": "Feature",
      "properties": {
        "slug": "turkmenistan-lebap-sayat-sayat-yenis-yenis",
        "name_tm": "Ýeňiş",
        "name_en": "Ýeňiş",
        "name_ru": "Йениш",
        "type": "village",
        "parent_slug": "turkmenistan-lebap-sayat-sayat-yenis",
        "root_slug": "turkmenistan-lebap",
        "verification_status": "verification_required"
      },
      "geometry": {
        "type": "Point",
        "coordinates": [
          63.74147169999999818,
          38.94765309999999658
        ]
      }
    },
    {
      "type": "Feature",
      "properties": {
        "slug": "turkmenistan-lebap-village",
        "name_tm": "Lebap",
        "name_en": "Lebap",
        "name_ru": "Лебап",
        "type": "village",
        "parent_slug": "turkmenistan",
        "root_slug": null,
        "verification_status": "verification_required"
      },
      "geometry": {
        "type": "Point",
        "coordinates": [
          65.24876220000000159,
          37.72671470000000226
        ]
      }
    },
    {
      "type": "Feature",
      "properties": {
        "slug": "turkmenistan-leylimekan",
        "name_tm": "Leýlimekan",
        "name_en": "Leýlimekan",
        "name_ru": "Лейлимекан",
        "type": "village",
        "parent_slug": "turkmenistan",
        "root_slug": null,
        "verification_status": "verification_required"
      },
      "geometry": {
        "type": "Point",
        "coordinates": [
          66.300536699999995,
          38.01534019999999713
        ]
      }
    },
    {
      "type": "Feature",
      "properties": {
        "slug": "turkmenistan-magaryf",
        "name_tm": "Magaryf",
        "name_en": "Magaryf",
        "name_ru": "Магарыф",
        "type": "village",
        "parent_slug": "turkmenistan",
        "root_slug": null,
        "verification_status": "verification_required"
      },
      "geometry": {
        "type": "Point",
        "coordinates": [
          59.50414289999999796,
          41.88292760000000214
        ]
      }
    },
    {
      "type": "Feature",
      "properties": {
        "slug": "turkmenistan-magtymgala",
        "name_tm": "Magtymgala",
        "name_en": "Magtymgala",
        "name_ru": "Магтымгала",
        "type": "village",
        "parent_slug": "turkmenistan",
        "root_slug": null,
        "verification_status": "verification_required"
      },
      "geometry": {
        "type": "Point",
        "coordinates": [
          56.5836595000000031,
          38.43160819999999945
        ]
      }
    },
    {
      "type": "Feature",
      "properties": {
        "slug": "turkmenistan-mammetyar",
        "name_tm": "Mämmetýar",
        "name_en": "Mämmetýar",
        "name_ru": "Мамедьяр",
        "type": "village",
        "parent_slug": "turkmenistan",
        "root_slug": null,
        "verification_status": "verification_required"
      },
      "geometry": {
        "type": "Point",
        "coordinates": [
          58.4554698999999971,
          38.87868720000000166
        ]
      }
    },
    {
      "type": "Feature",
      "properties": {
        "slug": "turkmenistan-mary-bayramaly-city-azat-azat",
        "name_tm": "Azat",
        "name_en": "Azat",
        "name_ru": "Азат",
        "type": "village",
        "parent_slug": "turkmenistan-mary-bayramaly-city-azat",
        "root_slug": "turkmenistan-mary",
        "verification_status": "verification_required"
      },
      "geometry": {
        "type": "Point",
        "coordinates": [
          62.23186379999999929,
          37.52105639999999909
        ]
      }
    },
    {
      "type": "Feature",
      "properties": {
        "slug": "turkmenistan-mary-bayramaly-city-azat-harazly",
        "name_tm": "Harazly",
        "name_en": "Harazly",
        "name_ru": "Харазлы",
        "type": "village",
        "parent_slug": "turkmenistan-mary-bayramaly-city-azat",
        "root_slug": "turkmenistan-mary",
        "verification_status": "verification_required"
      },
      "geometry": {
        "type": "Point",
        "coordinates": [
          62.21951250000000044,
          37.54441860000000019
        ]
      }
    },
    {
      "type": "Feature",
      "properties": {
        "slug": "turkmenistan-mary-bayramaly-city-azat-turkmenistan",
        "name_tm": "Türkmenistan",
        "name_en": "Türkmenistan",
        "name_ru": "Туркменистан",
        "type": "village",
        "parent_slug": "turkmenistan-mary-bayramaly-city-azat",
        "root_slug": "turkmenistan-mary",
        "verification_status": "verification_required"
      },
      "geometry": {
        "type": "Point",
        "coordinates": [
          62.26147329999999869,
          37.51579000000000264
        ]
      }
    },
    {
      "type": "Feature",
      "properties": {
        "slug": "turkmenistan-mary-bayramaly-city-bagt-bagt",
        "name_tm": "Bagt",
        "name_en": "Bagt",
        "name_ru": "Багт",
        "type": "village",
        "parent_slug": "turkmenistan-mary-bayramaly-city-bagt",
        "root_slug": "turkmenistan-mary",
        "verification_status": "verification_required"
      },
      "geometry": {
        "type": "Point",
        "coordinates": [
          62.23425000000000295,
          37.68573219999999679
        ]
      }
    },
    {
      "type": "Feature",
      "properties": {
        "slug": "turkmenistan-mary-bayramaly-city-bagt-tazeguyc",
        "name_tm": "Täzegüýç",
        "name_en": "Täzegüýç",
        "name_ru": "Тазегуйч",
        "type": "village",
        "parent_slug": "turkmenistan-mary-bayramaly-city-bagt",
        "root_slug": "turkmenistan-mary",
        "verification_status": "verification_required"
      },
      "geometry": {
        "type": "Point",
        "coordinates": [
          62.26329450000000065,
          37.65709580000000045
        ]
      }
    },
    {
      "type": "Feature",
      "properties": {
        "slug": "turkmenistan-mary-bayramaly-city-bahar-baglyoba",
        "name_tm": "Baglyoba",
        "name_en": "Baglyoba",
        "name_ru": "Баглыоба",
        "type": "village",
        "parent_slug": "turkmenistan-mary-bayramaly-city-bahar",
        "root_slug": "turkmenistan-mary",
        "verification_status": "verification_required"
      },
      "geometry": {
        "type": "Point",
        "coordinates": [
          62.20532149999999661,
          37.71098740000000049
        ]
      }
    },
    {
      "type": "Feature",
      "properties": {
        "slug": "turkmenistan-mary-bayramaly-city-bahar-bahar",
        "name_tm": "Bahar",
        "name_en": "Bahar",
        "name_ru": "Бахар",
        "type": "village",
        "parent_slug": "turkmenistan-mary-bayramaly-city-bahar",
        "root_slug": "turkmenistan-mary",
        "verification_status": "verification_required"
      },
      "geometry": {
        "type": "Point",
        "coordinates": [
          62.20809529999999655,
          37.66003890000000354
        ]
      }
    },
    {
      "type": "Feature",
      "properties": {
        "slug": "turkmenistan-mary-bayramaly-city-beyikkopri-beyikkopri",
        "name_tm": "Beýikköpri",
        "name_en": "Beýikköpri",
        "name_ru": "Бейиккёпри",
        "type": "village",
        "parent_slug": "turkmenistan-mary-bayramaly-city-beyikkopri",
        "root_slug": "turkmenistan-mary",
        "verification_status": "verification_required"
      },
      "geometry": {
        "type": "Point",
        "coordinates": [
          62.09522669999999778,
          37.78964560000000005
        ]
      }
    },
    {
      "type": "Feature",
      "properties": {
        "slug": "turkmenistan-mary-bayramaly-city-beyikkopri-depgin",
        "name_tm": "Depgin",
        "name_en": "Depgin",
        "name_ru": "Депгин",
        "type": "village",
        "parent_slug": "turkmenistan-mary-bayramaly-city-beyikkopri",
        "root_slug": "turkmenistan-mary",
        "verification_status": "verification_required"
      },
      "geometry": {
        "type": "Point",
        "coordinates": [
          62.12791620000000136,
          37.7866927999999973
        ]
      }
    },
    {
      "type": "Feature",
      "properties": {
        "slug": "turkmenistan-mary-bayramaly-city-birlesik",
        "name_tm": "Birleşik",
        "name_en": "Birleşik",
        "name_ru": "Бирлешик",
        "type": "village",
        "parent_slug": "turkmenistan-mary-bayramaly-city",
        "root_slug": "turkmenistan-mary",
        "verification_status": "verification_required"
      },
      "geometry": {
        "type": "Point",
        "coordinates": [
          62.14155809999999747,
          37.52376679999999709
        ]
      }
    },
    {
      "type": "Feature",
      "properties": {
        "slug": "turkmenistan-mary-bayramaly-city-erkana-erkana",
        "name_tm": "Erkana",
        "name_en": "Erkana",
        "name_ru": "Еркана",
        "type": "village",
        "parent_slug": "turkmenistan-mary-bayramaly-city-erkana",
        "root_slug": "turkmenistan-mary",
        "verification_status": "verification_required"
      },
      "geometry": {
        "type": "Point",
        "coordinates": [
          62.1889723000000032,
          37.57391760000000147
        ]
      }
    },
    {
      "type": "Feature",
      "properties": {
        "slug": "turkmenistan-mary-bayramaly-city-erkana-goksuw",
        "name_tm": "Göksuw",
        "name_en": "Göksuw",
        "name_ru": "Гоксув",
        "type": "village",
        "parent_slug": "turkmenistan-mary-bayramaly-city-erkana",
        "root_slug": "turkmenistan-mary",
        "verification_status": "verification_required"
      },
      "geometry": {
        "type": "Point",
        "coordinates": [
          62.20411020000000235,
          37.53882790000000113
        ]
      }
    },
    {
      "type": "Feature",
      "properties": {
        "slug": "turkmenistan-mary-bayramaly-city-garayorme-obasy",
        "name_tm": "Garaýörme obasy",
        "name_en": "Garaýörme obasy",
        "name_ru": "Гарайорме обасы",
        "type": "village",
        "parent_slug": "turkmenistan-mary-bayramaly-city",
        "root_slug": "turkmenistan-mary",
        "verification_status": "verification_required"
      },
      "geometry": {
        "type": "Point",
        "coordinates": [
          62.10694970000000125,
          37.6532964000000021
        ]
      }
    },
    {
      "type": "Feature",
      "properties": {
        "slug": "turkmenistan-mary-bayramaly-city-gatakar-aryk",
        "name_tm": "Aryk",
        "name_en": "Aryk",
        "name_ru": "Арык",
        "type": "village",
        "parent_slug": "turkmenistan-mary-bayramaly-city-gatakar",
        "root_slug": "turkmenistan-mary",
        "verification_status": "verification_required"
      },
      "geometry": {
        "type": "Point",
        "coordinates": [
          61.99826949999999926,
          37.69604110000000218
        ]
      }
    },
    {
      "type": "Feature",
      "properties": {
        "slug": "turkmenistan-mary-bayramaly-city-gatakar-gorelde",
        "name_tm": "Görelde",
        "name_en": "Görelde",
        "name_ru": "Горелде",
        "type": "village",
        "parent_slug": "turkmenistan-mary-bayramaly-city-gatakar",
        "root_slug": "turkmenistan-mary",
        "verification_status": "verification_required"
      },
      "geometry": {
        "type": "Point",
        "coordinates": [
          62.0380055999999982,
          37.62944029999999885
        ]
      }
    },
    {
      "type": "Feature",
      "properties": {
        "slug": "turkmenistan-mary-bayramaly-city-gatakar-turkmen-gosun",
        "name_tm": "Türkmen Goşun",
        "name_en": "Türkmen Goşun",
        "name_ru": "Туркмен гошун",
        "type": "village",
        "parent_slug": "turkmenistan-mary-bayramaly-city-gatakar",
        "root_slug": "turkmenistan-mary",
        "verification_status": "verification_required"
      },
      "geometry": {
        "type": "Point",
        "coordinates": [
          62.03024630000000172,
          37.66525709999999805
        ]
      }
    },
    {
      "type": "Feature",
      "properties": {
        "slug": "turkmenistan-mary-bayramaly-city-guslyoba-gurbangala",
        "name_tm": "Gurbangala",
        "name_en": "Gurbangala",
        "name_ru": "Курбан-Кала",
        "type": "village",
        "parent_slug": "turkmenistan-mary-bayramaly-city-guslyoba",
        "root_slug": "turkmenistan-mary",
        "verification_status": "verification_required"
      },
      "geometry": {
        "type": "Point",
        "coordinates": [
          62.35371740000000073,
          37.68794110000000331
        ]
      }
    },
    {
      "type": "Feature",
      "properties": {
        "slug": "turkmenistan-mary-bayramaly-city-guslyoba-guslyoba",
        "name_tm": "Guşlyoba",
        "name_en": "Guşlyoba",
        "name_ru": "Гушлыоба",
        "type": "village",
        "parent_slug": "turkmenistan-mary-bayramaly-city-guslyoba",
        "root_slug": "turkmenistan-mary",
        "verification_status": "verification_required"
      },
      "geometry": {
        "type": "Point",
        "coordinates": [
          62.30900789999999745,
          37.67483150000000336
        ]
      }
    },
    {
      "type": "Feature",
      "properties": {
        "slug": "turkmenistan-mary-bayramaly-city-hangala-garayorme",
        "name_tm": "Garaýörme",
        "name_en": "Garaýörme",
        "name_ru": "Гарайорме",
        "type": "village",
        "parent_slug": "turkmenistan-mary-bayramaly-city-hangala",
        "root_slug": "turkmenistan-mary",
        "verification_status": "verification_required"
      },
      "geometry": {
        "type": "Point",
        "coordinates": [
          62.10621359999999669,
          37.65440360000000197
        ]
      }
    },
    {
      "type": "Feature",
      "properties": {
        "slug": "turkmenistan-mary-bayramaly-city-harsanly",
        "name_tm": "Harsaňly",
        "name_en": "Harsaňly",
        "name_ru": "Харсанлы",
        "type": "village",
        "parent_slug": "turkmenistan-mary-bayramaly-city",
        "root_slug": "turkmenistan-mary",
        "verification_status": "verification_required"
      },
      "geometry": {
        "type": "Point",
        "coordinates": [
          62.11576219999999893,
          37.59653509999999698
        ]
      }
    },
    {
      "type": "Feature",
      "properties": {
        "slug": "turkmenistan-mary-bayramaly-city-howesli-howesli",
        "name_tm": "Höwesli",
        "name_en": "Höwesli",
        "name_ru": "Ховесли",
        "type": "village",
        "parent_slug": "turkmenistan-mary-bayramaly-city-howesli",
        "root_slug": "turkmenistan-mary",
        "verification_status": "verification_required"
      },
      "geometry": {
        "type": "Point",
        "coordinates": [
          62.04252230000000167,
          37.72854809999999759
        ]
      }
    },
    {
      "type": "Feature",
      "properties": {
        "slug": "turkmenistan-mary-bayramaly-city-merw-merw",
        "name_tm": "Merw",
        "name_en": "Merw",
        "name_ru": "Мерв",
        "type": "village",
        "parent_slug": "turkmenistan-mary-bayramaly-city-merw",
        "root_slug": "turkmenistan-mary",
        "verification_status": "verification_required"
      },
      "geometry": {
        "type": "Point",
        "coordinates": [
          62.13378540000000072,
          37.66416790000000247
        ]
      }
    },
    {
      "type": "Feature",
      "properties": {
        "slug": "turkmenistan-mary-bayramaly-city-merw-obasy",
        "name_tm": "Merw obasy",
        "name_en": "Merw obasy",
        "name_ru": "Мерв обасы",
        "type": "village",
        "parent_slug": "turkmenistan-mary-bayramaly-city",
        "root_slug": "turkmenistan-mary",
        "verification_status": "verification_required"
      },
      "geometry": {
        "type": "Point",
        "coordinates": [
          62.13141420000000181,
          37.66167519999999769
        ]
      }
    },
    {
      "type": "Feature",
      "properties": {
        "slug": "turkmenistan-mary-bayramaly-city-murgap-murgap",
        "name_tm": "Murgap",
        "name_en": "Murgap",
        "name_ru": "Мургап",
        "type": "village",
        "parent_slug": "turkmenistan-mary-bayramaly-city-murgap",
        "root_slug": "turkmenistan-mary",
        "verification_status": "verification_required"
      },
      "geometry": {
        "type": "Point",
        "coordinates": [
          62.16908999999999708,
          37.50500339999999966
        ]
      }
    },
    {
      "type": "Feature",
      "properties": {
        "slug": "turkmenistan-mary-bayramaly-city-murgap-tutly",
        "name_tm": "Tutly",
        "name_en": "Tutly",
        "name_ru": "Тутлы",
        "type": "village",
        "parent_slug": "turkmenistan-mary-bayramaly-city-murgap",
        "root_slug": "turkmenistan-mary",
        "verification_status": "verification_required"
      },
      "geometry": {
        "type": "Point",
        "coordinates": [
          62.2081741000000008,
          37.50614560000000353
        ]
      }
    },
    {
      "type": "Feature",
      "properties": {
        "slug": "turkmenistan-mary-bayramaly-city-murgap-ylham",
        "name_tm": "Ylham",
        "name_en": "Ylham",
        "name_ru": "Ылхам",
        "type": "village",
        "parent_slug": "turkmenistan-mary-bayramaly-city-murgap",
        "root_slug": "turkmenistan-mary",
        "verification_status": "verification_required"
      },
      "geometry": {
        "type": "Point",
        "coordinates": [
          62.14425289999999791,
          37.54227929999999702
        ]
      }
    },
    {
      "type": "Feature",
      "properties": {
        "slug": "turkmenistan-mary-bayramaly-city-name-gadyryap",
        "name_tm": "name=Gadyrýap",
        "name_en": "Gadyrýap",
        "name_ru": "Наме=гадыряп",
        "type": "village",
        "parent_slug": "turkmenistan-mary-bayramaly-city",
        "root_slug": "turkmenistan-mary",
        "verification_status": "verification_required"
      },
      "geometry": {
        "type": "Point",
        "coordinates": [
          62.07062880000000149,
          37.69955800000000324
        ]
      }
    },
    {
      "type": "Feature",
      "properties": {
        "slug": "turkmenistan-mary-bayramaly-city-turkmenistan-obasy",
        "name_tm": "Türkmenistan obasy",
        "name_en": "Türkmenistan obasy",
        "name_ru": "Туркменистан обасы",
        "type": "village",
        "parent_slug": "turkmenistan-mary-bayramaly-city",
        "root_slug": "turkmenistan-mary",
        "verification_status": "verification_required"
      },
      "geometry": {
        "type": "Point",
        "coordinates": [
          62.25987369999999999,
          37.51274469999999895
        ]
      }
    },
    {
      "type": "Feature",
      "properties": {
        "slug": "turkmenistan-mary-bayramaly-city-yalkym-bereket",
        "name_tm": "Bereket",
        "name_en": "Bereket",
        "name_ru": "Берекет",
        "type": "village",
        "parent_slug": "turkmenistan-mary-bayramaly-city-yalkym",
        "root_slug": "turkmenistan-mary",
        "verification_status": "verification_required"
      },
      "geometry": {
        "type": "Point",
        "coordinates": [
          62.26445290000000198,
          37.57369190000000003
        ]
      }
    },
    {
      "type": "Feature",
      "properties": {
        "slug": "turkmenistan-mary-bayramaly-city-yalkym-obasy",
        "name_tm": "Ýalkym obasy",
        "name_en": "Ýalkym obasy",
        "name_ru": "Ялкым обасы",
        "type": "village",
        "parent_slug": "turkmenistan-mary-bayramaly-city",
        "root_slug": "turkmenistan-mary",
        "verification_status": "verification_required"
      },
      "geometry": {
        "type": "Point",
        "coordinates": [
          62.26306519999999978,
          37.59537350000000088
        ]
      }
    },
    {
      "type": "Feature",
      "properties": {
        "slug": "turkmenistan-mary-bayramaly-city-yalkym-rafsanjani",
        "name_tm": "Rafsanjani",
        "name_en": "Rafsanjani",
        "name_ru": "Рафсанжани",
        "type": "village",
        "parent_slug": "turkmenistan-mary-bayramaly-city-yalkym",
        "root_slug": "turkmenistan-mary",
        "verification_status": "verification_required"
      },
      "geometry": {
        "type": "Point",
        "coordinates": [
          62.30125129999999701,
          37.60232479999999811
        ]
      }
    },
    {
      "type": "Feature",
      "properties": {
        "slug": "turkmenistan-mary-bayramaly-city-yalkym-ucgun",
        "name_tm": "Uçgun",
        "name_en": "Uchgun",
        "name_ru": "Учгун",
        "type": "village",
        "parent_slug": "turkmenistan-mary-bayramaly-city-yalkym",
        "root_slug": "turkmenistan-mary",
        "verification_status": "verification_required"
      },
      "geometry": {
        "type": "Point",
        "coordinates": [
          62.32170849999999974,
          37.56880929999999808
        ]
      }
    },
    {
      "type": "Feature",
      "properties": {
        "slug": "turkmenistan-mary-bayramaly-city-yalkym-yalkym",
        "name_tm": "Ýalkym",
        "name_en": "Ýalkym",
        "name_ru": "Ялкым",
        "type": "village",
        "parent_slug": "turkmenistan-mary-bayramaly-city-yalkym",
        "root_slug": "turkmenistan-mary",
        "verification_status": "verification_required"
      },
      "geometry": {
        "type": "Point",
        "coordinates": [
          62.26230410000000148,
          37.59803380000000317
        ]
      }
    },
    {
      "type": "Feature",
      "properties": {
        "slug": "turkmenistan-mary-garagum-akmeydan-abaytos",
        "name_tm": "Abaýtöş",
        "name_en": "Abaýtöş",
        "name_ru": "Абайтош",
        "type": "village",
        "parent_slug": "turkmenistan-mary-garagum-akmeydan",
        "root_slug": "turkmenistan-mary",
        "verification_status": "verification_required"
      },
      "geometry": {
        "type": "Point",
        "coordinates": [
          62.2069170999999983,
          37.87375720000000001
        ]
      }
    },
    {
      "type": "Feature",
      "properties": {
        "slug": "turkmenistan-mary-garagum-akmeydan-akmeydan",
        "name_tm": "Akmeýdan",
        "name_en": "Akmeýdan",
        "name_ru": "Акмейдан",
        "type": "village",
        "parent_slug": "turkmenistan-mary-garagum-akmeydan",
        "root_slug": "turkmenistan-mary",
        "verification_status": "verification_required"
      },
      "geometry": {
        "type": "Point",
        "coordinates": [
          62.13317219999999708,
          37.82763630000000176
        ]
      }
    },
    {
      "type": "Feature",
      "properties": {
        "slug": "turkmenistan-mary-garagum-akmeydan-gecigyran",
        "name_tm": "Geçigyran",
        "name_en": "Geçigyran",
        "name_ru": "Гечигыран",
        "type": "village",
        "parent_slug": "turkmenistan-mary-garagum-akmeydan",
        "root_slug": "turkmenistan-mary",
        "verification_status": "verification_required"
      },
      "geometry": {
        "type": "Point",
        "coordinates": [
          62.19099270000000245,
          37.81837829999999912
        ]
      }
    },
    {
      "type": "Feature",
      "properties": {
        "slug": "turkmenistan-mary-garagum-akmeydan-kisman",
        "name_tm": "Kişman",
        "name_en": "Kişman",
        "name_ru": "Кишман",
        "type": "village",
        "parent_slug": "turkmenistan-mary-garagum-akmeydan",
        "root_slug": "turkmenistan-mary",
        "verification_status": "verification_required"
      },
      "geometry": {
        "type": "Point",
        "coordinates": [
          62.15275079999999975,
          37.87763929999999846
        ]
      }
    },
    {
      "type": "Feature",
      "properties": {
        "slug": "turkmenistan-mary-garagum-durnalyyap-atlyyatan",
        "name_tm": "Atlyýatan",
        "name_en": "Atlyýatan",
        "name_ru": "Атлыятан",
        "type": "village",
        "parent_slug": "turkmenistan-mary-garagum-durnalyyap",
        "root_slug": "turkmenistan-mary",
        "verification_status": "verification_required"
      },
      "geometry": {
        "type": "Point",
        "coordinates": [
          61.95255680000000353,
          37.96391919999999943
        ]
      }
    },
    {
      "type": "Feature",
      "properties": {
        "slug": "turkmenistan-mary-garagum-durnalyyap-turkmenistan",
        "name_tm": "Türkmenistan",
        "name_en": "Türkmenistan",
        "name_ru": "Туркменистан",
        "type": "village",
        "parent_slug": "turkmenistan-mary-garagum-durnalyyap",
        "root_slug": "turkmenistan-mary",
        "verification_status": "verification_required"
      },
      "geometry": {
        "type": "Point",
        "coordinates": [
          61.99905669999999703,
          37.98572810000000289
        ]
      }
    },
    {
      "type": "Feature",
      "properties": {
        "slug": "turkmenistan-mary-garagum-erez-obasy",
        "name_tm": "Erez obasy",
        "name_en": "Erez obasy",
        "name_ru": "Ерез обасы",
        "type": "village",
        "parent_slug": "turkmenistan-mary-garagum",
        "root_slug": "turkmenistan-mary",
        "verification_status": "verification_required"
      },
      "geometry": {
        "type": "Point",
        "coordinates": [
          62.00559100000000256,
          37.77918429999999716
        ]
      }
    },
    {
      "type": "Feature",
      "properties": {
        "slug": "turkmenistan-mary-garagum-garajadepe",
        "name_tm": "Garajadepe",
        "name_en": "Garajadepe",
        "name_ru": "Гаражадепе",
        "type": "village",
        "parent_slug": "turkmenistan-mary-garagum",
        "root_slug": "turkmenistan-mary",
        "verification_status": "verification_required"
      },
      "geometry": {
        "type": "Point",
        "coordinates": [
          62.03623739999999743,
          37.8333162999999999
        ]
      }
    },
    {
      "type": "Feature",
      "properties": {
        "slug": "turkmenistan-mary-garagum-gobekli-obasy",
        "name_tm": "Göbekli obasy",
        "name_en": "Göbekli obasy",
        "name_ru": "Гобекли обасы",
        "type": "village",
        "parent_slug": "turkmenistan-mary-garagum",
        "root_slug": "turkmenistan-mary",
        "verification_status": "verification_required"
      },
      "geometry": {
        "type": "Point",
        "coordinates": [
          62.00382110000000324,
          37.90882270000000175
        ]
      }
    },
    {
      "type": "Feature",
      "properties": {
        "slug": "turkmenistan-mary-garagum-gobeklidepe-gobekli",
        "name_tm": "Göbekli",
        "name_en": "Göbekli",
        "name_ru": "Гобекли",
        "type": "village",
        "parent_slug": "turkmenistan-mary-garagum-gobeklidepe",
        "root_slug": "turkmenistan-mary",
        "verification_status": "verification_required"
      },
      "geometry": {
        "type": "Point",
        "coordinates": [
          61.95693390000000277,
          37.91629220000000088
        ]
      }
    },
    {
      "type": "Feature",
      "properties": {
        "slug": "turkmenistan-mary-garagum-gobeklidepe-yasydepe",
        "name_tm": "Ýasydepe",
        "name_en": "Ýasydepe",
        "name_ru": "Ясыдепе",
        "type": "village",
        "parent_slug": "turkmenistan-mary-garagum-gobeklidepe",
        "root_slug": "turkmenistan-mary",
        "verification_status": "verification_required"
      },
      "geometry": {
        "type": "Point",
        "coordinates": [
          61.97009549999999934,
          37.88327550000000344
        ]
      }
    },
    {
      "type": "Feature",
      "properties": {
        "slug": "turkmenistan-mary-garagum-gurtludepe",
        "name_tm": "Gurtludepe",
        "name_en": "Gurtludepe",
        "name_ru": "Гуртлудепе",
        "type": "village",
        "parent_slug": "turkmenistan-mary-garagum",
        "root_slug": "turkmenistan-mary",
        "verification_status": "verification_required"
      },
      "geometry": {
        "type": "Point",
        "coordinates": [
          62.09801699999999869,
          37.89502399999999938
        ]
      }
    },
    {
      "type": "Feature",
      "properties": {
        "slug": "turkmenistan-mary-garagum-guyruklydepe",
        "name_tm": "Guýruklydepe",
        "name_en": "Guýruklydepe",
        "name_ru": "Гуйруклыдепе",
        "type": "village",
        "parent_slug": "turkmenistan-mary-garagum",
        "root_slug": "turkmenistan-mary",
        "verification_status": "verification_required"
      },
      "geometry": {
        "type": "Point",
        "coordinates": [
          62.06182969999999699,
          37.80160000000000053
        ]
      }
    },
    {
      "type": "Feature",
      "properties": {
        "slug": "turkmenistan-mary-garagum-munan",
        "name_tm": "Munan",
        "name_en": "Munan",
        "name_ru": "Мунан",
        "type": "village",
        "parent_slug": "turkmenistan-mary-garagum",
        "root_slug": "turkmenistan-mary",
        "verification_status": "verification_required"
      },
      "geometry": {
        "type": "Point",
        "coordinates": [
          62.01377600000000001,
          37.82954809999999667
        ]
      }
    },
    {
      "type": "Feature",
      "properties": {
        "slug": "turkmenistan-mary-garagum-sahra-sahra",
        "name_tm": "Sähra",
        "name_en": "Sähra",
        "name_ru": "Сахра",
        "type": "village",
        "parent_slug": "turkmenistan-mary-garagum-sahra",
        "root_slug": "turkmenistan-mary",
        "verification_status": "verification_required"
      },
      "geometry": {
        "type": "Point",
        "coordinates": [
          62.29243480000000232,
          37.78088929999999835
        ]
      }
    },
    {
      "type": "Feature",
      "properties": {
        "slug": "turkmenistan-mary-garagum-satlyk-durnaly",
        "name_tm": "Durnaly",
        "name_en": "Durnaly",
        "name_ru": "Дурналы",
        "type": "village",
        "parent_slug": "turkmenistan-mary-garagum-satlyk",
        "root_slug": "turkmenistan-mary",
        "verification_status": "verification_required"
      },
      "geometry": {
        "type": "Point",
        "coordinates": [
          62.10032989999999842,
          37.89502149999999859
        ]
      }
    },
    {
      "type": "Feature",
      "properties": {
        "slug": "turkmenistan-mary-garagum-satlyk-obasy",
        "name_tm": "Şatlyk obasy",
        "name_en": "Shatlyk obasy",
        "name_ru": "Шатлык обасы",
        "type": "village",
        "parent_slug": "turkmenistan-mary-garagum",
        "root_slug": "turkmenistan-mary",
        "verification_status": "verification_required"
      },
      "geometry": {
        "type": "Point",
        "coordinates": [
          62.05527909999999992,
          37.88351699999999767
        ]
      }
    },
    {
      "type": "Feature",
      "properties": {
        "slug": "turkmenistan-mary-garagum-tarpyer-akjadepe",
        "name_tm": "Akjadepe",
        "name_en": "Akjadepe",
        "name_ru": "Акжадепе",
        "type": "village",
        "parent_slug": "turkmenistan-mary-garagum-tarpyer",
        "root_slug": "turkmenistan-mary",
        "verification_status": "verification_required"
      },
      "geometry": {
        "type": "Point",
        "coordinates": [
          61.97372450000000299,
          37.82426480000000168
        ]
      }
    },
    {
      "type": "Feature",
      "properties": {
        "slug": "turkmenistan-mary-garagum-tarpyer-erez",
        "name_tm": "Erez",
        "name_en": "Erez",
        "name_ru": "Ерез",
        "type": "village",
        "parent_slug": "turkmenistan-mary-garagum-tarpyer",
        "root_slug": "turkmenistan-mary",
        "verification_status": "verification_required"
      },
      "geometry": {
        "type": "Point",
        "coordinates": [
          62.00630420000000242,
          37.77938939999999946
        ]
      }
    },
    {
      "type": "Feature",
      "properties": {
        "slug": "turkmenistan-mary-garagum-tazeoba-tazeoba",
        "name_tm": "Täzeoba",
        "name_en": "Täzeoba",
        "name_ru": "Тазеоба",
        "type": "village",
        "parent_slug": "turkmenistan-mary-garagum-tazeoba",
        "root_slug": "turkmenistan-mary",
        "verification_status": "verification_required"
      },
      "geometry": {
        "type": "Point",
        "coordinates": [
          61.93561710000000175,
          37.73529099999999658
        ]
      }
    },
    {
      "type": "Feature",
      "properties": {
        "slug": "turkmenistan-mary-garagum-turkmenistan-obasy",
        "name_tm": "Türkmenistan obasy",
        "name_en": "Türkmenistan obasy",
        "name_ru": "Туркменистан обасы",
        "type": "village",
        "parent_slug": "turkmenistan-mary-garagum",
        "root_slug": "turkmenistan-mary",
        "verification_status": "verification_required"
      },
      "geometry": {
        "type": "Point",
        "coordinates": [
          61.99918639999999926,
          37.986015799999997
        ]
      }
    },
    {
      "type": "Feature",
      "properties": {
        "slug": "turkmenistan-mary-garagum-yasydepe-obasy",
        "name_tm": "Ýasydepe obasy",
        "name_en": "Ýasydepe obasy",
        "name_ru": "Ясыдепе обасы",
        "type": "village",
        "parent_slug": "turkmenistan-mary-garagum",
        "root_slug": "turkmenistan-mary",
        "verification_status": "verification_required"
      },
      "geometry": {
        "type": "Point",
        "coordinates": [
          61.96931550000000044,
          37.88338670000000264
        ]
      }
    },
    {
      "type": "Feature",
      "properties": {
        "slug": "turkmenistan-mary-mary-city-a-mammedowa-adyndaky-geneslik",
        "name_tm": "A. Mämmedowa adyndaky geňeşlik",
        "name_en": "A. Mämmedowa adyndaky geňeşlik",
        "name_ru": "А. маммедова адындакы генешлик",
        "type": "village",
        "parent_slug": "turkmenistan-mary-mary-city",
        "root_slug": "turkmenistan-mary",
        "verification_status": "verification_required"
      },
      "geometry": {
        "type": "Point",
        "coordinates": [
          61.76725290000000256,
          37.59741590000000144
        ]
      }
    },
    {
      "type": "Feature",
      "properties": {
        "slug": "turkmenistan-mary-mary-city-abadanlyk-akgonur",
        "name_tm": "Akgoňur",
        "name_en": "Akgoňur",
        "name_ru": "Акгонур",
        "type": "village",
        "parent_slug": "turkmenistan-mary-mary-city-abadanlyk",
        "root_slug": "turkmenistan-mary",
        "verification_status": "verification_required"
      },
      "geometry": {
        "type": "Point",
        "coordinates": [
          61.71723870000000289,
          37.75626270000000062
        ]
      }
    },
    {
      "type": "Feature",
      "properties": {
        "slug": "turkmenistan-mary-mary-city-abadanlyk-garadepe",
        "name_tm": "Garadepe",
        "name_en": "Garadepe",
        "name_ru": "Гарадепе",
        "type": "village",
        "parent_slug": "turkmenistan-mary-mary-city-abadanlyk",
        "root_slug": "turkmenistan-mary",
        "verification_status": "verification_required"
      },
      "geometry": {
        "type": "Point",
        "coordinates": [
          61.69295639999999992,
          37.76648169999999994
        ]
      }
    },
    {
      "type": "Feature",
      "properties": {
        "slug": "turkmenistan-mary-mary-city-ajap-mammedowa",
        "name_tm": "Ajap Mämmedowa",
        "name_en": "Ajap Mämmedowa",
        "name_ru": "Ажап маммедова",
        "type": "village",
        "parent_slug": "turkmenistan-mary-mary-city",
        "root_slug": "turkmenistan-mary",
        "verification_status": "verification_required"
      },
      "geometry": {
        "type": "Point",
        "coordinates": [
          61.73749560000000258,
          37.61046329999999927
        ]
      }
    },
    {
      "type": "Feature",
      "properties": {
        "slug": "turkmenistan-mary-mary-city-ajap-mammedowa-adyndaky-yaylagaraahmet",
        "name_tm": "Ýaýlagaraahmet",
        "name_en": "Ýaýlagaraahmet",
        "name_ru": "Яйлагараахмет",
        "type": "village",
        "parent_slug": "turkmenistan-mary-mary-city-ajap-mammedowa-adyndaky",
        "root_slug": "turkmenistan-mary",
        "verification_status": "verification_required"
      },
      "geometry": {
        "type": "Point",
        "coordinates": [
          61.76559859999999703,
          37.59596059999999796
        ]
      }
    },
    {
      "type": "Feature",
      "properties": {
        "slug": "turkmenistan-mary-mary-city-ak-altyn-gurama",
        "name_tm": "Gurama",
        "name_en": "Gurama",
        "name_ru": "Гурама",
        "type": "village",
        "parent_slug": "turkmenistan-mary-mary-city-ak-altyn",
        "root_slug": "turkmenistan-mary",
        "verification_status": "verification_required"
      },
      "geometry": {
        "type": "Point",
        "coordinates": [
          61.74128189999999706,
          37.76168090000000177
        ]
      }
    },
    {
      "type": "Feature",
      "properties": {
        "slug": "turkmenistan-mary-mary-city-akmyrat-hummedow-adyndaky-hojayap",
        "name_tm": "Hojaýap",
        "name_en": "Hojaýap",
        "name_ru": "Хожаяп",
        "type": "village",
        "parent_slug": "turkmenistan-mary-mary-city-akmyrat-hummedow-adyndaky",
        "root_slug": "turkmenistan-mary",
        "verification_status": "verification_required"
      },
      "geometry": {
        "type": "Point",
        "coordinates": [
          61.86088730000000168,
          37.51857780000000276
        ]
      }
    },
    {
      "type": "Feature",
      "properties": {
        "slug": "turkmenistan-mary-mary-city-akybay-akybay",
        "name_tm": "Akybaý",
        "name_en": "Akybaý",
        "name_ru": "Акыбай",
        "type": "village",
        "parent_slug": "turkmenistan-mary-mary-city-akybay",
        "root_slug": "turkmenistan-mary",
        "verification_status": "verification_required"
      },
      "geometry": {
        "type": "Point",
        "coordinates": [
          61.69870819999999867,
          37.79080139999999944
        ]
      }
    },
    {
      "type": "Feature",
      "properties": {
        "slug": "turkmenistan-mary-mary-city-arykperren",
        "name_tm": "Arykperreň",
        "name_en": "Arykperreň",
        "name_ru": "Арыкперрен",
        "type": "village",
        "parent_slug": "turkmenistan-mary-mary-city",
        "root_slug": "turkmenistan-mary",
        "verification_status": "verification_required"
      },
      "geometry": {
        "type": "Point",
        "coordinates": [
          61.69016160000000326,
          37.61034550000000109
        ]
      }
    },
    {
      "type": "Feature",
      "properties": {
        "slug": "turkmenistan-mary-mary-city-asgabat-8-nji-mart",
        "name_tm": "8-nji Mart",
        "name_en": "8-nji Mart",
        "name_ru": "8-нжи март",
        "type": "village",
        "parent_slug": "turkmenistan-mary-mary-city-asgabat",
        "root_slug": "turkmenistan-mary",
        "verification_status": "verification_required"
      },
      "geometry": {
        "type": "Point",
        "coordinates": [
          61.71837119999999999,
          37.68935739999999868
        ]
      }
    },
    {
      "type": "Feature",
      "properties": {
        "slug": "turkmenistan-mary-mary-city-asgabat-ata",
        "name_tm": "Ata",
        "name_en": "Ata",
        "name_ru": "Ата",
        "type": "village",
        "parent_slug": "turkmenistan-mary-mary-city-asgabat",
        "root_slug": "turkmenistan-mary",
        "verification_status": "verification_required"
      },
      "geometry": {
        "type": "Point",
        "coordinates": [
          61.73644459999999868,
          37.69413759999999769
        ]
      }
    },
    {
      "type": "Feature",
      "properties": {
        "slug": "turkmenistan-mary-mary-city-asgabat-egriguzer",
        "name_tm": "Egrigüzer",
        "name_en": "Egrigüzer",
        "name_ru": "Егригузер",
        "type": "village",
        "parent_slug": "turkmenistan-mary-mary-city-asgabat",
        "root_slug": "turkmenistan-mary",
        "verification_status": "verification_required"
      },
      "geometry": {
        "type": "Point",
        "coordinates": [
          61.78682150000000206,
          37.66111089999999705
        ]
      }
    },
    {
      "type": "Feature",
      "properties": {
        "slug": "turkmenistan-mary-mary-city-asgabat-gowkyzeren",
        "name_tm": "Gowkyzereň",
        "name_en": "Gowkyzereň",
        "name_ru": "Говкызерен",
        "type": "village",
        "parent_slug": "turkmenistan-mary-mary-city-asgabat",
        "root_slug": "turkmenistan-mary",
        "verification_status": "verification_required"
      },
      "geometry": {
        "type": "Point",
        "coordinates": [
          61.76116530000000182,
          37.67043350000000145
        ]
      }
    },
    {
      "type": "Feature",
      "properties": {
        "slug": "turkmenistan-mary-mary-city-babasary-babasary",
        "name_tm": "Babasary",
        "name_en": "Babasary",
        "name_ru": "Бабасары",
        "type": "village",
        "parent_slug": "turkmenistan-mary-mary-city-babasary",
        "root_slug": "turkmenistan-mary",
        "verification_status": "verification_required"
      },
      "geometry": {
        "type": "Point",
        "coordinates": [
          61.845041700000003,
          37.54048319999999705
        ]
      }
    },
    {
      "type": "Feature",
      "properties": {
        "slug": "turkmenistan-mary-mary-city-g-atabayew-adyndaky-dowletli",
        "name_tm": "Döwletli",
        "name_en": "Döwletli",
        "name_ru": "Довлетли",
        "type": "village",
        "parent_slug": "turkmenistan-mary-mary-city-g-atabayew-adyndaky",
        "root_slug": "turkmenistan-mary",
        "verification_status": "verification_required"
      },
      "geometry": {
        "type": "Point",
        "coordinates": [
          61.70608779999999883,
          37.56665619999999705
        ]
      }
    },
    {
      "type": "Feature",
      "properties": {
        "slug": "turkmenistan-mary-mary-city-gurtzakir",
        "name_tm": "Gurtzäkir",
        "name_en": "Gurtzäkir",
        "name_ru": "Гуртзакир",
        "type": "village",
        "parent_slug": "turkmenistan-mary-mary-city",
        "root_slug": "turkmenistan-mary",
        "verification_status": "verification_required"
      },
      "geometry": {
        "type": "Point",
        "coordinates": [
          61.77469729999999971,
          37.60345759999999871
        ]
      }
    },
    {
      "type": "Feature",
      "properties": {
        "slug": "turkmenistan-mary-mary-city-jemgyyet-genesligi-hanutamys",
        "name_tm": "Hanutamyş",
        "name_en": "Hanutamyş",
        "name_ru": "Ханутамыш",
        "type": "village",
        "parent_slug": "turkmenistan-mary-mary-city-jemgyyet-genesligi",
        "root_slug": "turkmenistan-mary",
        "verification_status": "verification_required"
      },
      "geometry": {
        "type": "Point",
        "coordinates": [
          61.8225145999999981,
          37.51943579999999656
        ]
      }
    },
    {
      "type": "Feature",
      "properties": {
        "slug": "turkmenistan-mary-mary-city-jemgyyet-genesligi-jemgyyet",
        "name_tm": "Jemgyýet",
        "name_en": "Jemgyýet",
        "name_ru": "Джемгыет",
        "type": "village",
        "parent_slug": "turkmenistan-mary-mary-city-jemgyyet-genesligi",
        "root_slug": "turkmenistan-mary",
        "verification_status": "verification_required"
      },
      "geometry": {
        "type": "Point",
        "coordinates": [
          61.82383430000000146,
          37.53287980000000346
        ]
      }
    },
    {
      "type": "Feature",
      "properties": {
        "slug": "turkmenistan-mary-mary-city-jemgyyet-genesligi-mujewur",
        "name_tm": "Müjewür",
        "name_en": "Müjewür",
        "name_ru": "Мужевур",
        "type": "village",
        "parent_slug": "turkmenistan-mary-mary-city-jemgyyet-genesligi",
        "root_slug": "turkmenistan-mary",
        "verification_status": "verification_required"
      },
      "geometry": {
        "type": "Point",
        "coordinates": [
          61.83166940000000266,
          37.52319729999999965
        ]
      }
    },
    {
      "type": "Feature",
      "properties": {
        "slug": "turkmenistan-mary-mary-city-mykgy-lorsy",
        "name_tm": "Mykgy Lorsy",
        "name_en": "Mykgy Lorsy",
        "name_ru": "Мыкгы лорсы",
        "type": "village",
        "parent_slug": "turkmenistan-mary-mary-city",
        "root_slug": "turkmenistan-mary",
        "verification_status": "verification_required"
      },
      "geometry": {
        "type": "Point",
        "coordinates": [
          61.74195910000000253,
          37.72763069999999886
        ]
      }
    },
    {
      "type": "Feature",
      "properties": {
        "slug": "turkmenistan-mary-mary-city-pesanaly-obasy",
        "name_tm": "Peşanaly obasy",
        "name_en": "Peşanaly obasy",
        "name_ru": "Пешаналы обасы",
        "type": "village",
        "parent_slug": "turkmenistan-mary-mary-city",
        "root_slug": "turkmenistan-mary",
        "verification_status": "verification_required"
      },
      "geometry": {
        "type": "Point",
        "coordinates": [
          61.77071899999999971,
          37.70987490000000264
        ]
      }
    },
    {
      "type": "Feature",
      "properties": {
        "slug": "turkmenistan-mary-mary-city-ruhubelent-mulksycmaz",
        "name_tm": "Mülksyçmaz",
        "name_en": "Mülksyçmaz",
        "name_ru": "Мулксычмаз",
        "type": "village",
        "parent_slug": "turkmenistan-mary-mary-city-ruhubelent",
        "root_slug": "turkmenistan-mary",
        "verification_status": "verification_required"
      },
      "geometry": {
        "type": "Point",
        "coordinates": [
          61.7211710999999994,
          37.58833159999999651
        ]
      }
    },
    {
      "type": "Feature",
      "properties": {
        "slug": "turkmenistan-mary-mary-city-tazeoba",
        "name_tm": "Täzeoba",
        "name_en": "Täzeoba",
        "name_ru": "Тазеоба",
        "type": "village",
        "parent_slug": "turkmenistan-mary-mary-city",
        "root_slug": "turkmenistan-mary",
        "verification_status": "verification_required"
      },
      "geometry": {
        "type": "Point",
        "coordinates": [
          61.75613220000000325,
          37.56662239999999998
        ]
      }
    },
    {
      "type": "Feature",
      "properties": {
        "slug": "turkmenistan-mary-mary-city-turkmen-yoly-gojuklar",
        "name_tm": "Gojuklar",
        "name_en": "Gojuklar",
        "name_ru": "Гожуклар",
        "type": "village",
        "parent_slug": "turkmenistan-mary-mary-city-turkmen-yoly",
        "root_slug": "turkmenistan-mary",
        "verification_status": "verification_required"
      },
      "geometry": {
        "type": "Point",
        "coordinates": [
          61.88877980000000178,
          37.54224409999999779
        ]
      }
    },
    {
      "type": "Feature",
      "properties": {
        "slug": "turkmenistan-mary-murgap-murgap-azatlyk-kosk",
        "name_tm": "Köşk",
        "name_en": "Köşk",
        "name_ru": "Кошк",
        "type": "village",
        "parent_slug": "turkmenistan-mary-murgap-murgap-azatlyk",
        "root_slug": "turkmenistan-mary",
        "verification_status": "verification_required"
      },
      "geometry": {
        "type": "Point",
        "coordinates": [
          62.04466370000000097,
          37.50310970000000311
        ]
      }
    },
    {
      "type": "Feature",
      "properties": {
        "slug": "turkmenistan-mary-murgap-murgap-birlesik-village",
        "name_tm": "Birleşik",
        "name_en": "Birleşik",
        "name_ru": "Бирлешик",
        "type": "village",
        "parent_slug": "turkmenistan-mary-murgap-murgap",
        "root_slug": "turkmenistan-mary",
        "verification_status": "verification_required"
      },
      "geometry": {
        "type": "Point",
        "coordinates": [
          61.94225769999999898,
          37.46131330000000048
        ]
      }
    },
    {
      "type": "Feature",
      "properties": {
        "slug": "turkmenistan-mary-murgap-murgap-cacdepe-cacdepe",
        "name_tm": "Çäçdepe",
        "name_en": "Çäçdepe",
        "name_ru": "Чачдепе",
        "type": "village",
        "parent_slug": "turkmenistan-mary-murgap-murgap-cacdepe",
        "root_slug": "turkmenistan-mary",
        "verification_status": "verification_required"
      },
      "geometry": {
        "type": "Point",
        "coordinates": [
          61.98414060000000347,
          37.52824240000000345
        ]
      }
    },
    {
      "type": "Feature",
      "properties": {
        "slug": "turkmenistan-mary-murgap-murgap-conur-arygoba",
        "name_tm": "Arygoba",
        "name_en": "Arygoba",
        "name_ru": "Арыгоба",
        "type": "village",
        "parent_slug": "turkmenistan-mary-murgap-murgap-conur",
        "root_slug": "turkmenistan-mary",
        "verification_status": "verification_required"
      },
      "geometry": {
        "type": "Point",
        "coordinates": [
          62.04930350000000061,
          37.58553340000000276
        ]
      }
    },
    {
      "type": "Feature",
      "properties": {
        "slug": "turkmenistan-mary-murgap-murgap-conur-conur",
        "name_tm": "Çöňür",
        "name_en": "Çöňür",
        "name_ru": "Чонгур",
        "type": "village",
        "parent_slug": "turkmenistan-mary-murgap-murgap-conur",
        "root_slug": "turkmenistan-mary",
        "verification_status": "verification_required"
      },
      "geometry": {
        "type": "Point",
        "coordinates": [
          62.06676939999999832,
          37.56298489999999645
        ]
      }
    },
    {
      "type": "Feature",
      "properties": {
        "slug": "turkmenistan-mary-murgap-murgap-conur-tazeoba",
        "name_tm": "Täzeoba",
        "name_en": "Täzeoba",
        "name_ru": "Тазеоба",
        "type": "village",
        "parent_slug": "turkmenistan-mary-murgap-murgap-conur",
        "root_slug": "turkmenistan-mary",
        "verification_status": "verification_required"
      },
      "geometry": {
        "type": "Point",
        "coordinates": [
          62.05229279999999648,
          37.55504270000000133
        ]
      }
    },
    {
      "type": "Feature",
      "properties": {
        "slug": "turkmenistan-mary-murgap-murgap-denizhan-obasy",
        "name_tm": "Deňizhan obasy",
        "name_en": "Deňizhan obasy",
        "name_ru": "Денизхан обасы",
        "type": "village",
        "parent_slug": "turkmenistan-mary-murgap-murgap",
        "root_slug": "turkmenistan-mary",
        "verification_status": "verification_required"
      },
      "geometry": {
        "type": "Point",
        "coordinates": [
          61.17243429999999905,
          37.16066229999999849
        ]
      }
    },
    {
      "type": "Feature",
      "properties": {
        "slug": "turkmenistan-mary-murgap-murgap-galkynys-cemcedepe",
        "name_tm": "Çemçedepe",
        "name_en": "Çemçedepe",
        "name_ru": "Чемчедепе",
        "type": "village",
        "parent_slug": "turkmenistan-mary-murgap-murgap-galkynys",
        "root_slug": "turkmenistan-mary",
        "verification_status": "verification_required"
      },
      "geometry": {
        "type": "Point",
        "coordinates": [
          61.93015619999999899,
          37.4137156000000033
        ]
      }
    },
    {
      "type": "Feature",
      "properties": {
        "slug": "turkmenistan-mary-murgap-murgap-gatyyap-gatyyap",
        "name_tm": "Gatyýap",
        "name_en": "Gatyýap",
        "name_ru": "Гатыяп",
        "type": "village",
        "parent_slug": "turkmenistan-mary-murgap-murgap-gatyyap",
        "root_slug": "turkmenistan-mary",
        "verification_status": "verification_required"
      },
      "geometry": {
        "type": "Point",
        "coordinates": [
          62.09622410000000058,
          37.46950770000000119
        ]
      }
    },
    {
      "type": "Feature",
      "properties": {
        "slug": "turkmenistan-mary-murgap-murgap-gatyyap-suhtyyap",
        "name_tm": "Suhtyýap",
        "name_en": "Suhtyýap",
        "name_ru": "Сухтыяп",
        "type": "village",
        "parent_slug": "turkmenistan-mary-murgap-murgap-gatyyap",
        "root_slug": "turkmenistan-mary",
        "verification_status": "verification_required"
      },
      "geometry": {
        "type": "Point",
        "coordinates": [
          62.03226279999999804,
          37.47198259999999692
        ]
      }
    },
    {
      "type": "Feature",
      "properties": {
        "slug": "turkmenistan-mary-murgap-murgap-gokdepe-amasayap",
        "name_tm": "Amaşaýap",
        "name_en": "Amaşaýap",
        "name_ru": "Амашаяп",
        "type": "village",
        "parent_slug": "turkmenistan-mary-murgap-murgap-gokdepe",
        "root_slug": "turkmenistan-mary",
        "verification_status": "verification_required"
      },
      "geometry": {
        "type": "Point",
        "coordinates": [
          62.05439650000000284,
          37.51499679999999871
        ]
      }
    },
    {
      "type": "Feature",
      "properties": {
        "slug": "turkmenistan-mary-murgap-murgap-gokdepe-gokdepe",
        "name_tm": "Gökdepe",
        "name_en": "Gökdepe",
        "name_ru": "Гокдепе",
        "type": "village",
        "parent_slug": "turkmenistan-mary-murgap-murgap-gokdepe",
        "root_slug": "turkmenistan-mary",
        "verification_status": "verification_required"
      },
      "geometry": {
        "type": "Point",
        "coordinates": [
          62.02311989999999753,
          37.51597519999999975
        ]
      }
    },
    {
      "type": "Feature",
      "properties": {
        "slug": "turkmenistan-mary-murgap-murgap-gowkyzeren",
        "name_tm": "Gowkyzereň",
        "name_en": "Gowkyzereň",
        "name_ru": "Говкызерен",
        "type": "village",
        "parent_slug": "turkmenistan-mary-murgap-murgap",
        "root_slug": "turkmenistan-mary",
        "verification_status": "verification_required"
      },
      "geometry": {
        "type": "Point",
        "coordinates": [
          61.96613289999999808,
          37.5502445999999992
        ]
      }
    },
    {
      "type": "Feature",
      "properties": {
        "slug": "turkmenistan-mary-murgap-murgap-gowsutbent-akyer",
        "name_tm": "Akýer",
        "name_en": "Akýer",
        "name_ru": "Акйер",
        "type": "village",
        "parent_slug": "turkmenistan-mary-murgap-murgap-gowsutbent",
        "root_slug": "turkmenistan-mary",
        "verification_status": "verification_required"
      },
      "geometry": {
        "type": "Point",
        "coordinates": [
          62.128351600000002,
          37.50498979999999704
        ]
      }
    },
    {
      "type": "Feature",
      "properties": {
        "slug": "turkmenistan-mary-murgap-murgap-gowsutbent-penjiwar",
        "name_tm": "Penjiwar",
        "name_en": "Penjiwar",
        "name_ru": "Пенживар",
        "type": "village",
        "parent_slug": "turkmenistan-mary-murgap-murgap-gowsutbent",
        "root_slug": "turkmenistan-mary",
        "verification_status": "verification_required"
      },
      "geometry": {
        "type": "Point",
        "coordinates": [
          62.1011223000000001,
          37.52556189999999959
        ]
      }
    },
    {
      "type": "Feature",
      "properties": {
        "slug": "turkmenistan-mary-murgap-murgap-gylycdurdy-sahetmyradow",
        "name_tm": "Gylyçdurdy Sähetmyradow",
        "name_en": "Gylyçdurdy Sähetmyradow",
        "name_ru": "имени Гылычдурды Сахетмырадов",
        "type": "village",
        "parent_slug": "turkmenistan-mary-murgap-murgap",
        "root_slug": "turkmenistan-mary",
        "verification_status": "verification_required"
      },
      "geometry": {
        "type": "Point",
        "coordinates": [
          61.90787009999999669,
          37.51036630000000116
        ]
      }
    },
    {
      "type": "Feature",
      "properties": {
        "slug": "turkmenistan-mary-murgap-murgap-hyrslan-jumayew",
        "name_tm": "Hyrslan Jumaýew",
        "name_en": "Hyrslan Jumaýew",
        "name_ru": "Хырслан жумайев",
        "type": "village",
        "parent_slug": "turkmenistan-mary-murgap-murgap",
        "root_slug": "turkmenistan-mary",
        "verification_status": "verification_required"
      },
      "geometry": {
        "type": "Point",
        "coordinates": [
          61.90977310000000244,
          37.41124870000000157
        ]
      }
    },
    {
      "type": "Feature",
      "properties": {
        "slug": "turkmenistan-mary-murgap-murgap-mulkyazy-genesligi",
        "name_tm": "Mülkýazy geňeşligi",
        "name_en": "Mülkýazy geňeşligi",
        "name_ru": "Мулкязы генешлиги",
        "type": "village",
        "parent_slug": "turkmenistan-mary-murgap-murgap",
        "root_slug": "turkmenistan-mary",
        "verification_status": "verification_required"
      },
      "geometry": {
        "type": "Point",
        "coordinates": [
          62.00557419999999809,
          37.59613029999999867
        ]
      }
    },
    {
      "type": "Feature",
      "properties": {
        "slug": "turkmenistan-mary-murgap-murgap-mulkyazy-goklen",
        "name_tm": "Gökleň",
        "name_en": "Gökleň",
        "name_ru": "Гоклен",
        "type": "village",
        "parent_slug": "turkmenistan-mary-murgap-murgap-mulkyazy",
        "root_slug": "turkmenistan-mary",
        "verification_status": "verification_required"
      },
      "geometry": {
        "type": "Point",
        "coordinates": [
          62.00378609999999924,
          37.57665409999999895
        ]
      }
    },
    {
      "type": "Feature",
      "properties": {
        "slug": "turkmenistan-mary-murgap-murgap-mulkyazy-mulkyazy",
        "name_tm": "Mülkýazy",
        "name_en": "Mülkýazy",
        "name_ru": "Мулкязы",
        "type": "village",
        "parent_slug": "turkmenistan-mary-murgap-murgap-mulkyazy",
        "root_slug": "turkmenistan-mary",
        "verification_status": "verification_required"
      },
      "geometry": {
        "type": "Point",
        "coordinates": [
          62.00460700000000002,
          37.5961228000000034
        ]
      }
    },
    {
      "type": "Feature",
      "properties": {
        "slug": "turkmenistan-mary-murgap-murgap-rowaclyk-rowaclyk",
        "name_tm": "Rowaçlyk",
        "name_en": "Rowaçlyk",
        "name_ru": "Ровачлык",
        "type": "village",
        "parent_slug": "turkmenistan-mary-murgap-murgap-rowaclyk",
        "root_slug": "turkmenistan-mary",
        "verification_status": "verification_required"
      },
      "geometry": {
        "type": "Point",
        "coordinates": [
          61.99448060000000282,
          37.5690554999999975
        ]
      }
    },
    {
      "type": "Feature",
      "properties": {
        "slug": "turkmenistan-mary-murgap-murgap-sordepe-obasy",
        "name_tm": "Şordepe obasy",
        "name_en": "Şordepe obasy",
        "name_ru": "Шордепе обасы",
        "type": "village",
        "parent_slug": "turkmenistan-mary-murgap-murgap",
        "root_slug": "turkmenistan-mary",
        "verification_status": "verification_required"
      },
      "geometry": {
        "type": "Point",
        "coordinates": [
          62.05352729999999895,
          37.52555069999999659
        ]
      }
    },
    {
      "type": "Feature",
      "properties": {
        "slug": "turkmenistan-mary-murgap-murgap-sordepe-sordepe",
        "name_tm": "Şordepe",
        "name_en": "Şordepe",
        "name_ru": "Шордепе",
        "type": "village",
        "parent_slug": "turkmenistan-mary-murgap-murgap-sordepe",
        "root_slug": "turkmenistan-mary",
        "verification_status": "verification_required"
      },
      "geometry": {
        "type": "Point",
        "coordinates": [
          62.03960419999999943,
          37.53283530000000212
        ]
      }
    },
    {
      "type": "Feature",
      "properties": {
        "slug": "turkmenistan-mary-murgap-murgap-sordepe-yagtylyk",
        "name_tm": "Ýagtylyk",
        "name_en": "Ýagtylyk",
        "name_ru": "Ягтылык",
        "type": "village",
        "parent_slug": "turkmenistan-mary-murgap-murgap-sordepe",
        "root_slug": "turkmenistan-mary",
        "verification_status": "verification_required"
      },
      "geometry": {
        "type": "Point",
        "coordinates": [
          62.04047949999999645,
          37.54993770000000097
        ]
      }
    },
    {
      "type": "Feature",
      "properties": {
        "slug": "turkmenistan-mary-murgap-murgap-sugtyyap",
        "name_tm": "Sugtyýap",
        "name_en": "Sugtyýap",
        "name_ru": "Сугтыяп",
        "type": "village",
        "parent_slug": "turkmenistan-mary-murgap-murgap",
        "root_slug": "turkmenistan-mary",
        "verification_status": "verification_required"
      },
      "geometry": {
        "type": "Point",
        "coordinates": [
          62.03454200000000184,
          37.47430690000000197
        ]
      }
    },
    {
      "type": "Feature",
      "properties": {
        "slug": "turkmenistan-mary-murgap-murgap-suhty-gosakopri",
        "name_tm": "Goşaköpri",
        "name_en": "Goşaköpri",
        "name_ru": "Гошакопри",
        "type": "village",
        "parent_slug": "turkmenistan-mary-murgap-murgap-suhty",
        "root_slug": "turkmenistan-mary",
        "verification_status": "verification_required"
      },
      "geometry": {
        "type": "Point",
        "coordinates": [
          61.93944210000000083,
          37.46975280000000196
        ]
      }
    },
    {
      "type": "Feature",
      "properties": {
        "slug": "turkmenistan-mary-murgap-murgap-suhty-mulkaman",
        "name_tm": "Mülkaman",
        "name_en": "Mülkaman",
        "name_ru": "Мулкаман",
        "type": "village",
        "parent_slug": "turkmenistan-mary-murgap-murgap-suhty",
        "root_slug": "turkmenistan-mary",
        "verification_status": "verification_required"
      },
      "geometry": {
        "type": "Point",
        "coordinates": [
          61.96102249999999856,
          37.44163429999999692
        ]
      }
    },
    {
      "type": "Feature",
      "properties": {
        "slug": "turkmenistan-mary-murgap-murgap-watan-dasayak",
        "name_tm": "Daşaýak",
        "name_en": "Daşaýak",
        "name_ru": "Дашаяк",
        "type": "village",
        "parent_slug": "turkmenistan-mary-murgap-murgap-watan",
        "root_slug": "turkmenistan-mary",
        "verification_status": "verification_required"
      },
      "geometry": {
        "type": "Point",
        "coordinates": [
          61.95011850000000208,
          37.48342329999999834
        ]
      }
    },
    {
      "type": "Feature",
      "properties": {
        "slug": "turkmenistan-mary-murgap-murgap-watan-watan",
        "name_tm": "Watan",
        "name_en": "Watan",
        "name_ru": "Ватан",
        "type": "village",
        "parent_slug": "turkmenistan-mary-murgap-murgap-watan",
        "root_slug": "turkmenistan-mary",
        "verification_status": "verification_required"
      },
      "geometry": {
        "type": "Point",
        "coordinates": [
          61.92963089999999938,
          37.48669530000000094
        ]
      }
    },
    {
      "type": "Feature",
      "properties": {
        "slug": "turkmenistan-mary-murgap-murgap-ylham-gojukkolyap",
        "name_tm": "Gojukkölýap",
        "name_en": "Gojukkölýap",
        "name_ru": "Гожукколяп",
        "type": "village",
        "parent_slug": "turkmenistan-mary-murgap-murgap-ylham",
        "root_slug": "turkmenistan-mary",
        "verification_status": "verification_required"
      },
      "geometry": {
        "type": "Point",
        "coordinates": [
          61.91549280000000265,
          37.54709309999999789
        ]
      }
    },
    {
      "type": "Feature",
      "properties": {
        "slug": "turkmenistan-mary-oguzhan-altyn-zaman-lalezar",
        "name_tm": "Lälezar",
        "name_en": "Lälezar",
        "name_ru": "Лалезар",
        "type": "village",
        "parent_slug": "turkmenistan-mary-oguzhan-altyn-zaman",
        "root_slug": "turkmenistan-mary",
        "verification_status": "verification_required"
      },
      "geometry": {
        "type": "Point",
        "coordinates": [
          61.05026480000000077,
          37.37938079999999986
        ]
      }
    },
    {
      "type": "Feature",
      "properties": {
        "slug": "turkmenistan-mary-oguzhan-ayhan",
        "name_tm": "Aýhan",
        "name_en": "Aýhan",
        "name_ru": "Айхан",
        "type": "village",
        "parent_slug": "turkmenistan-mary-oguzhan",
        "root_slug": "turkmenistan-mary",
        "verification_status": "verification_required"
      },
      "geometry": {
        "type": "Point",
        "coordinates": [
          60.93092320000000228,
          37.51372760000000284
        ]
      }
    },
    {
      "type": "Feature",
      "properties": {
        "slug": "turkmenistan-mary-oguzhan-daghan",
        "name_tm": "Daghan",
        "name_en": "Daghan",
        "name_ru": "Дагхан",
        "type": "village",
        "parent_slug": "turkmenistan-mary-oguzhan",
        "root_slug": "turkmenistan-mary",
        "verification_status": "verification_required"
      },
      "geometry": {
        "type": "Point",
        "coordinates": [
          60.98094629999999939,
          37.55727159999999998
        ]
      }
    },
    {
      "type": "Feature",
      "properties": {
        "slug": "turkmenistan-mary-oguzhan-denizhan-rural_council-denizhan",
        "name_tm": "Deňizhan",
        "name_en": "Deňizhan",
        "name_ru": "Денизхан",
        "type": "village",
        "parent_slug": "turkmenistan-mary-oguzhan-denizhan-rural_council",
        "root_slug": "turkmenistan-mary",
        "verification_status": "verification_required"
      },
      "geometry": {
        "type": "Point",
        "coordinates": [
          61.17224240000000179,
          37.15834379999999725
        ]
      }
    },
    {
      "type": "Feature",
      "properties": {
        "slug": "turkmenistan-mary-oguzhan-dostluk-dostluk",
        "name_tm": "Dostluk",
        "name_en": "Dostluk",
        "name_ru": "Достлук",
        "type": "village",
        "parent_slug": "turkmenistan-mary-oguzhan-dostluk",
        "root_slug": "turkmenistan-mary",
        "verification_status": "verification_required"
      },
      "geometry": {
        "type": "Point",
        "coordinates": [
          61.1037934000000007,
          37.34378540000000157
        ]
      }
    },
    {
      "type": "Feature",
      "properties": {
        "slug": "turkmenistan-mary-oguzhan-gokhan-gokhan",
        "name_tm": "Gökhan",
        "name_en": "Gökhan",
        "name_ru": "Гокхан",
        "type": "village",
        "parent_slug": "turkmenistan-mary-oguzhan-gokhan",
        "root_slug": "turkmenistan-mary",
        "verification_status": "verification_required"
      },
      "geometry": {
        "type": "Point",
        "coordinates": [
          61.07763419999999855,
          37.56676879999999841
        ]
      }
    },
    {
      "type": "Feature",
      "properties": {
        "slug": "turkmenistan-mary-oguzhan-gunhan",
        "name_tm": "Günhan",
        "name_en": "Günhan",
        "name_ru": "Гунхан",
        "type": "village",
        "parent_slug": "turkmenistan-mary-oguzhan",
        "root_slug": "turkmenistan-mary",
        "verification_status": "verification_required"
      },
      "geometry": {
        "type": "Point",
        "coordinates": [
          60.94040210000000001,
          37.62472379999999817
        ]
      }
    },
    {
      "type": "Feature",
      "properties": {
        "slug": "turkmenistan-mary-oguzhan-kici-hanhowuz",
        "name_tm": "KIçi Hanhowuz",
        "name_en": "KIçi Hanhowuz",
        "name_ru": "Малый Хаузхан",
        "type": "village",
        "parent_slug": "turkmenistan-mary-oguzhan",
        "root_slug": "turkmenistan-mary",
        "verification_status": "verification_required"
      },
      "geometry": {
        "type": "Point",
        "coordinates": [
          61.43380150000000128,
          37.23778010000000193
        ]
      }
    },
    {
      "type": "Feature",
      "properties": {
        "slug": "turkmenistan-mary-oguzhan-merdana-azatlyk",
        "name_tm": "Azatlyk",
        "name_en": "Azatlyk",
        "name_ru": "Азатлык",
        "type": "village",
        "parent_slug": "turkmenistan-mary-oguzhan-merdana",
        "root_slug": "turkmenistan-mary",
        "verification_status": "verification_required"
      },
      "geometry": {
        "type": "Point",
        "coordinates": [
          61.16047410000000184,
          37.52017810000000253
        ]
      }
    },
    {
      "type": "Feature",
      "properties": {
        "slug": "turkmenistan-mary-oguzhan-yyldyzhan-yyldyzhan",
        "name_tm": "Ýyldyzhan",
        "name_en": "Ýyldyzhan",
        "name_ru": "Йылдызхан",
        "type": "village",
        "parent_slug": "turkmenistan-mary-oguzhan-yyldyzhan",
        "root_slug": "turkmenistan-mary",
        "verification_status": "verification_required"
      },
      "geometry": {
        "type": "Point",
        "coordinates": [
          61.00596610000000197,
          37.38244840000000124
        ]
      }
    },
    {
      "type": "Feature",
      "properties": {
        "slug": "turkmenistan-mary-sakarcage-sakarcage-agzybir-agzybir",
        "name_tm": "Agzybir",
        "name_en": "Agzybir",
        "name_ru": "Агзыбир",
        "type": "village",
        "parent_slug": "turkmenistan-mary-sakarcage-sakarcage-agzybir",
        "root_slug": "turkmenistan-mary",
        "verification_status": "verification_required"
      },
      "geometry": {
        "type": "Point",
        "coordinates": [
          61.62124610000000046,
          37.73728100000000297
        ]
      }
    },
    {
      "type": "Feature",
      "properties": {
        "slug": "turkmenistan-mary-sakarcage-sakarcage-agzybir-arkadag",
        "name_tm": "Arkadag",
        "name_en": "Arkadag",
        "name_ru": "Аркадаг",
        "type": "village",
        "parent_slug": "turkmenistan-mary-sakarcage-sakarcage-agzybir",
        "root_slug": "turkmenistan-mary",
        "verification_status": "verification_required"
      },
      "geometry": {
        "type": "Point",
        "coordinates": [
          61.63315779999999933,
          37.74042610000000053
        ]
      }
    },
    {
      "type": "Feature",
      "properties": {
        "slug": "turkmenistan-mary-sakarcage-sakarcage-akyap-akyap",
        "name_tm": "Akýap",
        "name_en": "Akýap",
        "name_ru": "Акяп",
        "type": "village",
        "parent_slug": "turkmenistan-mary-sakarcage-sakarcage-akyap",
        "root_slug": "turkmenistan-mary",
        "verification_status": "verification_required"
      },
      "geometry": {
        "type": "Point",
        "coordinates": [
          64.78383080000000404,
          38.09234870000000228
        ]
      }
    },
    {
      "type": "Feature",
      "properties": {
        "slug": "turkmenistan-mary-sakarcage-sakarcage-bereket-bereket",
        "name_tm": "Bereket",
        "name_en": "Bereket",
        "name_ru": "Берекет",
        "type": "village",
        "parent_slug": "turkmenistan-mary-sakarcage-sakarcage-bereket",
        "root_slug": "turkmenistan-mary",
        "verification_status": "verification_required"
      },
      "geometry": {
        "type": "Point",
        "coordinates": [
          61.62062809999999758,
          37.82163369999999958
        ]
      }
    },
    {
      "type": "Feature",
      "properties": {
        "slug": "turkmenistan-mary-sakarcage-sakarcage-bereket-obasy",
        "name_tm": "Bereket obasy",
        "name_en": "Bereket obasy",
        "name_ru": "Берекет обасы",
        "type": "village",
        "parent_slug": "turkmenistan-mary-sakarcage-sakarcage",
        "root_slug": "turkmenistan-mary",
        "verification_status": "verification_required"
      },
      "geometry": {
        "type": "Point",
        "coordinates": [
          61.61943660000000022,
          37.82179320000000188
        ]
      }
    },
    {
      "type": "Feature",
      "properties": {
        "slug": "turkmenistan-mary-sakarcage-sakarcage-casgyn-casgyn",
        "name_tm": "Çaşgyn",
        "name_en": "Çaşgyn",
        "name_ru": "Чашгын",
        "type": "village",
        "parent_slug": "turkmenistan-mary-sakarcage-sakarcage-casgyn",
        "root_slug": "turkmenistan-mary",
        "verification_status": "verification_required"
      },
      "geometry": {
        "type": "Point",
        "coordinates": [
          61.55322629999999862,
          37.79662030000000072
        ]
      }
    },
    {
      "type": "Feature",
      "properties": {
        "slug": "turkmenistan-mary-sakarcage-sakarcage-cerkezkol-cerkezkol",
        "name_tm": "Çerkezköl",
        "name_en": "Çerkezköl",
        "name_ru": "Черкезкол",
        "type": "village",
        "parent_slug": "turkmenistan-mary-sakarcage-sakarcage-cerkezkol",
        "root_slug": "turkmenistan-mary",
        "verification_status": "verification_required"
      },
      "geometry": {
        "type": "Point",
        "coordinates": [
          61.49738769999999733,
          37.8126818
        ]
      }
    },
    {
      "type": "Feature",
      "properties": {
        "slug": "turkmenistan-mary-sakarcage-sakarcage-danatar-sahedow",
        "name_tm": "Daňatar Sähedow",
        "name_en": "Daňatar Sähedow",
        "name_ru": "Данатар сахедов",
        "type": "village",
        "parent_slug": "turkmenistan-mary-sakarcage-sakarcage",
        "root_slug": "turkmenistan-mary",
        "verification_status": "verification_required"
      },
      "geometry": {
        "type": "Point",
        "coordinates": [
          61.69222769999999656,
          37.65532259999999809
        ]
      }
    },
    {
      "type": "Feature",
      "properties": {
        "slug": "turkmenistan-mary-sakarcage-sakarcage-danatar-sahedow-adyndaky-oba",
        "name_tm": "Daňatar Sähedow adyndaky oba",
        "name_en": "Daňatar Sähedow adyndaky oba",
        "name_ru": "Данатар сахедов адындакы оба",
        "type": "village",
        "parent_slug": "turkmenistan-mary-sakarcage-sakarcage",
        "root_slug": "turkmenistan-mary",
        "verification_status": "verification_required"
      },
      "geometry": {
        "type": "Point",
        "coordinates": [
          61.69489529999999889,
          37.6535903999999988
        ]
      }
    },
    {
      "type": "Feature",
      "properties": {
        "slug": "turkmenistan-mary-sakarcage-sakarcage-dayhan-alajagoz",
        "name_tm": "Alajagöz",
        "name_en": "Alajagöz",
        "name_ru": "Алажагоз",
        "type": "village",
        "parent_slug": "turkmenistan-mary-sakarcage-sakarcage-dayhan",
        "root_slug": "turkmenistan-mary",
        "verification_status": "verification_required"
      },
      "geometry": {
        "type": "Point",
        "coordinates": [
          61.63263429999999943,
          37.67572549999999865
        ]
      }
    },
    {
      "type": "Feature",
      "properties": {
        "slug": "turkmenistan-mary-sakarcage-sakarcage-dayhan-dogryyol",
        "name_tm": "Dogryýol",
        "name_en": "Dogryýol",
        "name_ru": "Догрыёл",
        "type": "village",
        "parent_slug": "turkmenistan-mary-sakarcage-sakarcage-dayhan",
        "root_slug": "turkmenistan-mary",
        "verification_status": "verification_required"
      },
      "geometry": {
        "type": "Point",
        "coordinates": [
          61.64474909999999853,
          37.6834009000000023
        ]
      }
    },
    {
      "type": "Feature",
      "properties": {
        "slug": "turkmenistan-mary-sakarcage-sakarcage-dortguyy-obasy",
        "name_tm": "Dörtguýy obasy",
        "name_en": "Dörtguýy obasy",
        "name_ru": "Дортгуйы обасы",
        "type": "village",
        "parent_slug": "turkmenistan-mary-sakarcage-sakarcage",
        "root_slug": "turkmenistan-mary",
        "verification_status": "verification_required"
      },
      "geometry": {
        "type": "Point",
        "coordinates": [
          61.29221830000000181,
          37.61939600000000183
        ]
      }
    },
    {
      "type": "Feature",
      "properties": {
        "slug": "turkmenistan-mary-sakarcage-sakarcage-garayap-garayap",
        "name_tm": "Garaýap",
        "name_en": "Garaýap",
        "name_ru": "Гараяп",
        "type": "village",
        "parent_slug": "turkmenistan-mary-sakarcage-sakarcage-garayap",
        "root_slug": "turkmenistan-mary",
        "verification_status": "verification_required"
      },
      "geometry": {
        "type": "Point",
        "coordinates": [
          61.64240499999999657,
          37.70663449999999984
        ]
      }
    },
    {
      "type": "Feature",
      "properties": {
        "slug": "turkmenistan-mary-sakarcage-sakarcage-garybata-obasy",
        "name_tm": "Garybata obasy",
        "name_en": "Garybata obasy",
        "name_ru": "Гарыбата обасы",
        "type": "village",
        "parent_slug": "turkmenistan-mary-sakarcage-sakarcage",
        "root_slug": "turkmenistan-mary",
        "verification_status": "verification_required"
      },
      "geometry": {
        "type": "Point",
        "coordinates": [
          61.56289089999999931,
          37.62656009999999896
        ]
      }
    },
    {
      "type": "Feature",
      "properties": {
        "slug": "turkmenistan-mary-sakarcage-sakarcage-gorelde-aynakol",
        "name_tm": "Aýnaköl",
        "name_en": "Aýnaköl",
        "name_ru": "Айнакол",
        "type": "village",
        "parent_slug": "turkmenistan-mary-sakarcage-sakarcage-gorelde",
        "root_slug": "turkmenistan-mary",
        "verification_status": "verification_required"
      },
      "geometry": {
        "type": "Point",
        "coordinates": [
          61.60226870000000332,
          37.75751069999999742
        ]
      }
    },
    {
      "type": "Feature",
      "properties": {
        "slug": "turkmenistan-mary-sakarcage-sakarcage-gorelde-gorelde",
        "name_tm": "Görelde",
        "name_en": "Görelde",
        "name_ru": "Горелде",
        "type": "village",
        "parent_slug": "turkmenistan-mary-sakarcage-sakarcage-gorelde",
        "root_slug": "turkmenistan-mary",
        "verification_status": "verification_required"
      },
      "geometry": {
        "type": "Point",
        "coordinates": [
          61.61727059999999768,
          37.78261590000000326
        ]
      }
    },
    {
      "type": "Feature",
      "properties": {
        "slug": "turkmenistan-mary-sakarcage-sakarcage-gorgangala-bagsy",
        "name_tm": "Bagşy",
        "name_en": "Bagşy",
        "name_ru": "Багшы",
        "type": "village",
        "parent_slug": "turkmenistan-mary-sakarcage-sakarcage-gorgangala",
        "root_slug": "turkmenistan-mary",
        "verification_status": "verification_required"
      },
      "geometry": {
        "type": "Point",
        "coordinates": [
          61.68296610000000157,
          37.69024410000000102
        ]
      }
    },
    {
      "type": "Feature",
      "properties": {
        "slug": "turkmenistan-mary-sakarcage-sakarcage-gumguzer-dortguyy",
        "name_tm": "Dörtguýy",
        "name_en": "Dörtguýy",
        "name_ru": "Дортгуйы",
        "type": "village",
        "parent_slug": "turkmenistan-mary-sakarcage-sakarcage-gumguzer",
        "root_slug": "turkmenistan-mary",
        "verification_status": "verification_required"
      },
      "geometry": {
        "type": "Point",
        "coordinates": [
          61.29216000000000263,
          37.61947930000000184
        ]
      }
    },
    {
      "type": "Feature",
      "properties": {
        "slug": "turkmenistan-mary-sakarcage-sakarcage-gumguzer-garybata",
        "name_tm": "Garybata",
        "name_en": "Garybata",
        "name_ru": "Гарыбата",
        "type": "village",
        "parent_slug": "turkmenistan-mary-sakarcage-sakarcage-gumguzer",
        "root_slug": "turkmenistan-mary",
        "verification_status": "verification_required"
      },
      "geometry": {
        "type": "Point",
        "coordinates": [
          61.56389730000000071,
          37.6246263999999968
        ]
      }
    },
    {
      "type": "Feature",
      "properties": {
        "slug": "turkmenistan-mary-sakarcage-sakarcage-gumguzer-gumguzer",
        "name_tm": "Gumgüzer",
        "name_en": "Gumgüzer",
        "name_ru": "Гумгузер",
        "type": "village",
        "parent_slug": "turkmenistan-mary-sakarcage-sakarcage-gumguzer",
        "root_slug": "turkmenistan-mary",
        "verification_status": "verification_required"
      },
      "geometry": {
        "type": "Point",
        "coordinates": [
          61.61992409999999865,
          37.63438130000000114
        ]
      }
    },
    {
      "type": "Feature",
      "properties": {
        "slug": "turkmenistan-mary-sakarcage-sakarcage-gyzylgum-bori",
        "name_tm": "Böri",
        "name_en": "Böri",
        "name_ru": "Бори",
        "type": "village",
        "parent_slug": "turkmenistan-mary-sakarcage-sakarcage-gyzylgum",
        "root_slug": "turkmenistan-mary",
        "verification_status": "verification_required"
      },
      "geometry": {
        "type": "Point",
        "coordinates": [
          61.71367819999999683,
          37.63693090000000297
        ]
      }
    },
    {
      "type": "Feature",
      "properties": {
        "slug": "turkmenistan-mary-sakarcage-sakarcage-gyzylgum-gyzylgum",
        "name_tm": "Gyzylgum",
        "name_en": "Gyzylgum",
        "name_ru": "Гызылгум",
        "type": "village",
        "parent_slug": "turkmenistan-mary-sakarcage-sakarcage-gyzylgum",
        "root_slug": "turkmenistan-mary",
        "verification_status": "verification_required"
      },
      "geometry": {
        "type": "Point",
        "coordinates": [
          61.74594139999999954,
          37.63430319999999796
        ]
      }
    },
    {
      "type": "Feature",
      "properties": {
        "slug": "turkmenistan-mary-sakarcage-sakarcage-gyzylgum-mawyteber",
        "name_tm": "Mawyteber",
        "name_en": "Mawyteber",
        "name_ru": "Мавытебер",
        "type": "village",
        "parent_slug": "turkmenistan-mary-sakarcage-sakarcage-gyzylgum",
        "root_slug": "turkmenistan-mary",
        "verification_status": "verification_required"
      },
      "geometry": {
        "type": "Point",
        "coordinates": [
          61.76122320000000343,
          37.6196588000000034
        ]
      }
    },
    {
      "type": "Feature",
      "properties": {
        "slug": "turkmenistan-mary-sakarcage-sakarcage-hojadepe-hojadepe",
        "name_tm": "Hojadepe",
        "name_en": "Hojadepe",
        "name_ru": "Хожадепе",
        "type": "village",
        "parent_slug": "turkmenistan-mary-sakarcage-sakarcage-hojadepe",
        "root_slug": "turkmenistan-mary",
        "verification_status": "verification_required"
      },
      "geometry": {
        "type": "Point",
        "coordinates": [
          61.72061279999999784,
          37.66812440000000351
        ]
      }
    },
    {
      "type": "Feature",
      "properties": {
        "slug": "turkmenistan-mary-sakarcage-sakarcage-keseyap-keseyap",
        "name_tm": "Keseýap",
        "name_en": "Keseýap",
        "name_ru": "Кесеяп",
        "type": "village",
        "parent_slug": "turkmenistan-mary-sakarcage-sakarcage-keseyap",
        "root_slug": "turkmenistan-mary",
        "verification_status": "verification_required"
      },
      "geometry": {
        "type": "Point",
        "coordinates": [
          61.61567170000000004,
          37.87489099999999809
        ]
      }
    },
    {
      "type": "Feature",
      "properties": {
        "slug": "turkmenistan-mary-sakarcage-sakarcage-sakarcage-gokgummez",
        "name_tm": "Gökgümmez",
        "name_en": "Gökgümmez",
        "name_ru": "Гёкгуммез",
        "type": "village",
        "parent_slug": "turkmenistan-mary-sakarcage-sakarcage-sakarcage",
        "root_slug": "turkmenistan-mary",
        "verification_status": "verification_required"
      },
      "geometry": {
        "type": "Point",
        "coordinates": [
          61.31987999999999773,
          37.95192399999999822
        ]
      }
    },
    {
      "type": "Feature",
      "properties": {
        "slug": "turkmenistan-mary-sakarcage-sakarcage-soltanyz-soltanyz",
        "name_tm": "Soltanyz",
        "name_en": "Soltanyz",
        "name_ru": "Солтаныз",
        "type": "village",
        "parent_slug": "turkmenistan-mary-sakarcage-sakarcage-soltanyz",
        "root_slug": "turkmenistan-mary",
        "verification_status": "verification_required"
      },
      "geometry": {
        "type": "Point",
        "coordinates": [
          61.57529600000000158,
          37.71937259999999981
        ]
      }
    },
    {
      "type": "Feature",
      "properties": {
        "slug": "turkmenistan-mary-sakarcage-sakarcage-soyunsary-soyunsary",
        "name_tm": "Söýünsary",
        "name_en": "Söýünsary",
        "name_ru": "Сойунсары",
        "type": "village",
        "parent_slug": "turkmenistan-mary-sakarcage-sakarcage-soyunsary",
        "root_slug": "turkmenistan-mary",
        "verification_status": "verification_required"
      },
      "geometry": {
        "type": "Point",
        "coordinates": [
          61.64497130000000169,
          37.78191489999999674
        ]
      }
    },
    {
      "type": "Feature",
      "properties": {
        "slug": "turkmenistan-mary-tagtabazar-daskopri-daskopri",
        "name_tm": "Daşköpri",
        "name_en": "Daşköpri",
        "name_ru": "Дашкопри",
        "type": "village",
        "parent_slug": "turkmenistan-mary-tagtabazar-daskopri",
        "root_slug": "turkmenistan-mary",
        "verification_status": "verification_required"
      },
      "geometry": {
        "type": "Point",
        "coordinates": [
          62.64923550000000318,
          36.27096889999999974
        ]
      }
    },
    {
      "type": "Feature",
      "properties": {
        "slug": "turkmenistan-mary-tagtabazar-durdyyew",
        "name_tm": "Durdyýew",
        "name_en": "Durdyýew",
        "name_ru": "имени Дурдиева",
        "type": "village",
        "parent_slug": "turkmenistan-mary-tagtabazar",
        "root_slug": "turkmenistan-mary",
        "verification_status": "verification_required"
      },
      "geometry": {
        "type": "Point",
        "coordinates": [
          63.10543899999999696,
          35.80109190000000297
        ]
      }
    },
    {
      "type": "Feature",
      "properties": {
        "slug": "turkmenistan-mary-tagtabazar-erden-dostluk",
        "name_tm": "Dostluk",
        "name_en": "Dostluk",
        "name_ru": "Достлук",
        "type": "village",
        "parent_slug": "turkmenistan-mary-tagtabazar-erden",
        "root_slug": "turkmenistan-mary",
        "verification_status": "verification_required"
      },
      "geometry": {
        "type": "Point",
        "coordinates": [
          62.71902620000000183,
          36.02715390000000184
        ]
      }
    },
    {
      "type": "Feature",
      "properties": {
        "slug": "turkmenistan-mary-tagtabazar-erden-erden",
        "name_tm": "Erden",
        "name_en": "Erden",
        "name_ru": "Ерден",
        "type": "village",
        "parent_slug": "turkmenistan-mary-tagtabazar-erden",
        "root_slug": "turkmenistan-mary",
        "verification_status": "verification_required"
      },
      "geometry": {
        "type": "Point",
        "coordinates": [
          62.76765999999999935,
          35.99977669999999819
        ]
      }
    },
    {
      "type": "Feature",
      "properties": {
        "slug": "turkmenistan-mary-tagtabazar-galaymor-orazbaba",
        "name_tm": "Orazbaba",
        "name_en": "Orazbaba",
        "name_ru": "Оразбаба",
        "type": "village",
        "parent_slug": "turkmenistan-mary-tagtabazar-galaymor",
        "root_slug": "turkmenistan-mary",
        "verification_status": "verification_required"
      },
      "geometry": {
        "type": "Point",
        "coordinates": [
          62.03865290000000243,
          35.94011640000000085
        ]
      }
    },
    {
      "type": "Feature",
      "properties": {
        "slug": "turkmenistan-mary-tagtabazar-gulja-duldulahyr",
        "name_tm": "Düldülahyr",
        "name_en": "Düldülahyr",
        "name_ru": "Дулдулахыр",
        "type": "village",
        "parent_slug": "turkmenistan-mary-tagtabazar-gulja",
        "root_slug": "turkmenistan-mary",
        "verification_status": "verification_required"
      },
      "geometry": {
        "type": "Point",
        "coordinates": [
          62.99696889999999883,
          35.92627439999999694
        ]
      }
    },
    {
      "type": "Feature",
      "properties": {
        "slug": "turkmenistan-mary-tagtabazar-gulja-gulja",
        "name_tm": "Gulja",
        "name_en": "Gulja",
        "name_ru": "Гулжа",
        "type": "village",
        "parent_slug": "turkmenistan-mary-tagtabazar-gulja",
        "root_slug": "turkmenistan-mary",
        "verification_status": "verification_required"
      },
      "geometry": {
        "type": "Point",
        "coordinates": [
          62.95879430000000098,
          35.92863969999999796
        ]
      }
    },
    {
      "type": "Feature",
      "properties": {
        "slug": "turkmenistan-mary-tagtabazar-gulja-gyzyl-gojaly",
        "name_tm": "Gyzyl Gojaly",
        "name_en": "Gyzyl Gojaly",
        "name_ru": "Кызыл Коджали",
        "type": "village",
        "parent_slug": "turkmenistan-mary-tagtabazar-gulja",
        "root_slug": "turkmenistan-mary",
        "verification_status": "verification_required"
      },
      "geometry": {
        "type": "Point",
        "coordinates": [
          62.94256010000000145,
          35.94412750000000045
        ]
      }
    },
    {
      "type": "Feature",
      "properties": {
        "slug": "turkmenistan-mary-tagtabazar-marcak-basbeden",
        "name_tm": "Başbedeň",
        "name_en": "Başbedeň",
        "name_ru": "Башбеден",
        "type": "village",
        "parent_slug": "turkmenistan-mary-tagtabazar-marcak",
        "root_slug": "turkmenistan-mary",
        "verification_status": "verification_required"
      },
      "geometry": {
        "type": "Point",
        "coordinates": [
          63.17138779999999799,
          35.72001850000000189
        ]
      }
    },
    {
      "type": "Feature",
      "properties": {
        "slug": "turkmenistan-mary-tagtabazar-marcak-durdyyew-adyndaky",
        "name_tm": "Durdyýew adyndaky",
        "name_en": "Durdyýew adyndaky",
        "name_ru": "Дурдыйев адындакы",
        "type": "village",
        "parent_slug": "turkmenistan-mary-tagtabazar-marcak",
        "root_slug": "turkmenistan-mary",
        "verification_status": "verification_required"
      },
      "geometry": {
        "type": "Point",
        "coordinates": [
          63.10284589999999839,
          35.79920429999999954
        ]
      }
    },
    {
      "type": "Feature",
      "properties": {
        "slug": "turkmenistan-mary-tagtabazar-marcak-gojaly",
        "name_tm": "Gojaly",
        "name_en": "Gojaly",
        "name_ru": "Гожалы",
        "type": "village",
        "parent_slug": "turkmenistan-mary-tagtabazar-marcak",
        "root_slug": "turkmenistan-mary",
        "verification_status": "verification_required"
      },
      "geometry": {
        "type": "Point",
        "coordinates": [
          63.13695599999999786,
          35.74071099999999746
        ]
      }
    },
    {
      "type": "Feature",
      "properties": {
        "slug": "turkmenistan-mary-tagtabazar-pendi-suhty",
        "name_tm": "Suhty",
        "name_en": "Suhty",
        "name_ru": "Сухты",
        "type": "village",
        "parent_slug": "turkmenistan-mary-tagtabazar-pendi",
        "root_slug": "turkmenistan-mary",
        "verification_status": "verification_required"
      },
      "geometry": {
        "type": "Point",
        "coordinates": [
          62.86255669999999896,
          35.94306259999999754
        ]
      }
    },
    {
      "type": "Feature",
      "properties": {
        "slug": "turkmenistan-mary-tagtabazar-pendi-zahmetkes",
        "name_tm": "Zähmetkeş",
        "name_en": "Zähmetkeş",
        "name_ru": "Захметкеш",
        "type": "village",
        "parent_slug": "turkmenistan-mary-tagtabazar-pendi",
        "root_slug": "turkmenistan-mary",
        "verification_status": "verification_required"
      },
      "geometry": {
        "type": "Point",
        "coordinates": [
          62.81547280000000199,
          35.95941049999999705
        ]
      }
    },
    {
      "type": "Feature",
      "properties": {
        "slug": "turkmenistan-mary-tagtabazar-s-nyyazow-adyndaky-bayrac",
        "name_tm": "Baýraç",
        "name_en": "Baýraç",
        "name_ru": "Байрач",
        "type": "village",
        "parent_slug": "turkmenistan-mary-tagtabazar-s-nyyazow-adyndaky",
        "root_slug": "turkmenistan-mary",
        "verification_status": "verification_required"
      },
      "geometry": {
        "type": "Point",
        "coordinates": [
          62.86744219999999928,
          35.98838489999999979
        ]
      }
    },
    {
      "type": "Feature",
      "properties": {
        "slug": "turkmenistan-mary-tagtabazar-sandykgacy-27-nji-oktyabr",
        "name_tm": "27-nji oktýabr",
        "name_en": "27-nji oktýabr",
        "name_ru": "27-нжи октябр",
        "type": "village",
        "parent_slug": "turkmenistan-mary-tagtabazar-sandykgacy",
        "root_slug": "turkmenistan-mary",
        "verification_status": "verification_required"
      },
      "geometry": {
        "type": "Point",
        "coordinates": [
          62.56490409999999969,
          36.56496649999999704
        ]
      }
    },
    {
      "type": "Feature",
      "properties": {
        "slug": "turkmenistan-mary-tagtabazar-sandykgacy-bagcylyk",
        "name_tm": "Bagçylyk",
        "name_en": "Bagçylyk",
        "name_ru": "Багчылык",
        "type": "village",
        "parent_slug": "turkmenistan-mary-tagtabazar-sandykgacy",
        "root_slug": "turkmenistan-mary",
        "verification_status": "verification_required"
      },
      "geometry": {
        "type": "Point",
        "coordinates": [
          62.59970589999999647,
          36.50804579999999789
        ]
      }
    },
    {
      "type": "Feature",
      "properties": {
        "slug": "turkmenistan-mary-tagtabazar-sandykgacy-sandykgacy",
        "name_tm": "Sandykgaçy",
        "name_en": "Sandykgaçy",
        "name_ru": "Сандыкгачы",
        "type": "village",
        "parent_slug": "turkmenistan-mary-tagtabazar-sandykgacy",
        "root_slug": "turkmenistan-mary",
        "verification_status": "verification_required"
      },
      "geometry": {
        "type": "Point",
        "coordinates": [
          62.55579120000000159,
          36.54129360000000304
        ]
      }
    },
    {
      "type": "Feature",
      "properties": {
        "slug": "turkmenistan-mary-tagtabazar-saryyazy-saryyazy",
        "name_tm": "Saryýazy",
        "name_en": "Saryýazy",
        "name_ru": "Сарыязы",
        "type": "village",
        "parent_slug": "turkmenistan-mary-tagtabazar-saryyazy",
        "root_slug": "turkmenistan-mary",
        "verification_status": "verification_required"
      },
      "geometry": {
        "type": "Point",
        "coordinates": [
          62.62115219999999738,
          36.45800469999999648
        ]
      }
    },
    {
      "type": "Feature",
      "properties": {
        "slug": "turkmenistan-mary-tagtabazar-serhetabat-ahal",
        "name_tm": "Ahal",
        "name_en": "Ahal",
        "name_ru": "Ахал",
        "type": "village",
        "parent_slug": "turkmenistan-mary-tagtabazar-serhetabat",
        "root_slug": "turkmenistan-mary",
        "verification_status": "verification_required"
      },
      "geometry": {
        "type": "Point",
        "coordinates": [
          62.58834079999999745,
          35.68094109999999831
        ]
      }
    },
    {
      "type": "Feature",
      "properties": {
        "slug": "turkmenistan-mary-tagtabazar-serhetabat-ahal-obasy",
        "name_tm": "Ahal obasy",
        "name_en": "Ahal obasy",
        "name_ru": "Ахал обасы",
        "type": "village",
        "parent_slug": "turkmenistan-mary-tagtabazar-serhetabat",
        "root_slug": "turkmenistan-mary",
        "verification_status": "verification_required"
      },
      "geometry": {
        "type": "Point",
        "coordinates": [
          62.58981930000000204,
          35.67989529999999832
        ]
      }
    },
    {
      "type": "Feature",
      "properties": {
        "slug": "turkmenistan-mary-tagtabazar-serhetabat-cemenabat",
        "name_tm": "Çemenabat",
        "name_en": "Çemenabat",
        "name_ru": "Чеменабат",
        "type": "village",
        "parent_slug": "turkmenistan-mary-tagtabazar-serhetabat",
        "root_slug": "turkmenistan-mary",
        "verification_status": "verification_required"
      },
      "geometry": {
        "type": "Point",
        "coordinates": [
          62.39725510000000241,
          35.44802779999999843
        ]
      }
    },
    {
      "type": "Feature",
      "properties": {
        "slug": "turkmenistan-mary-tagtabazar-serhetabat-galaymor",
        "name_tm": "Galaýmor",
        "name_en": "Galaýmor",
        "name_ru": "Галаймор",
        "type": "village",
        "parent_slug": "turkmenistan-mary-tagtabazar-serhetabat",
        "root_slug": "turkmenistan-mary",
        "verification_status": "verification_required"
      },
      "geometry": {
        "type": "Point",
        "coordinates": [
          62.56193420000000315,
          35.65881050000000129
        ]
      }
    },
    {
      "type": "Feature",
      "properties": {
        "slug": "turkmenistan-mary-tagtabazar-serhetabat-parahat",
        "name_tm": "Parahat",
        "name_en": "Parahat",
        "name_ru": "Парахат",
        "type": "village",
        "parent_slug": "turkmenistan-mary-tagtabazar-serhetabat",
        "root_slug": "turkmenistan-mary",
        "verification_status": "verification_required"
      },
      "geometry": {
        "type": "Point",
        "coordinates": [
          62.4012547999999967,
          35.34465850000000131
        ]
      }
    },
    {
      "type": "Feature",
      "properties": {
        "slug": "turkmenistan-mary-tagtabazar-serhetabat-serhetci",
        "name_tm": "Serhetçi",
        "name_en": "Serhetçi",
        "name_ru": "Серхетчи",
        "type": "village",
        "parent_slug": "turkmenistan-mary-tagtabazar-serhetabat",
        "root_slug": "turkmenistan-mary",
        "verification_status": "verification_required"
      },
      "geometry": {
        "type": "Point",
        "coordinates": [
          62.39357809999999916,
          35.28976029999999753
        ]
      }
    },
    {
      "type": "Feature",
      "properties": {
        "slug": "turkmenistan-mary-tagtabazar-serhetabat-yenis",
        "name_tm": "Ýeňiş",
        "name_en": "Ýeňiş",
        "name_ru": "Победа",
        "type": "village",
        "parent_slug": "turkmenistan-mary-tagtabazar-serhetabat",
        "root_slug": "turkmenistan-mary",
        "verification_status": "verification_required"
      },
      "geometry": {
        "type": "Point",
        "coordinates": [
          62.51265829999999824,
          35.53316389999999814
        ]
      }
    },
    {
      "type": "Feature",
      "properties": {
        "slug": "turkmenistan-mary-tagtabazar-serhetci-akrabat",
        "name_tm": "Akrabat",
        "name_en": "Akrabat",
        "name_ru": "Акрабат",
        "type": "village",
        "parent_slug": "turkmenistan-mary-tagtabazar-serhetci",
        "root_slug": "turkmenistan-mary",
        "verification_status": "verification_required"
      },
      "geometry": {
        "type": "Point",
        "coordinates": [
          61.70998149999999783,
          35.47735870000000347
        ]
      }
    },
    {
      "type": "Feature",
      "properties": {
        "slug": "turkmenistan-mary-tagtabazar-soyunaly-beden",
        "name_tm": "Bedeň",
        "name_en": "Bedeň",
        "name_ru": "Беден",
        "type": "village",
        "parent_slug": "turkmenistan-mary-tagtabazar-soyunaly",
        "root_slug": "turkmenistan-mary",
        "verification_status": "verification_required"
      },
      "geometry": {
        "type": "Point",
        "coordinates": [
          63.04130380000000144,
          35.89885600000000209
        ]
      }
    },
    {
      "type": "Feature",
      "properties": {
        "slug": "turkmenistan-mary-tagtabazar-soyunaly-soyunaly",
        "name_tm": "Söýünaly",
        "name_en": "Söýünaly",
        "name_ru": "Сойуналы",
        "type": "village",
        "parent_slug": "turkmenistan-mary-tagtabazar-soyunaly",
        "root_slug": "turkmenistan-mary",
        "verification_status": "verification_required"
      },
      "geometry": {
        "type": "Point",
        "coordinates": [
          63.07894490000000331,
          35.880333499999999
        ]
      }
    },
    {
      "type": "Feature",
      "properties": {
        "slug": "turkmenistan-mary-tagtabazar-uzumcilik-uzumli",
        "name_tm": "Üzümli",
        "name_en": "Üzümli",
        "name_ru": "Узумли",
        "type": "village",
        "parent_slug": "turkmenistan-mary-tagtabazar-uzumcilik",
        "root_slug": "turkmenistan-mary",
        "verification_status": "verification_required"
      },
      "geometry": {
        "type": "Point",
        "coordinates": [
          62.49445930000000259,
          36.62623099999999709
        ]
      }
    },
    {
      "type": "Feature",
      "properties": {
        "slug": "turkmenistan-mary-tagtabazar-uzumcilik-yaslyk",
        "name_tm": "Ýaşlyk",
        "name_en": "Ýaşlyk",
        "name_ru": "Яшлык",
        "type": "village",
        "parent_slug": "turkmenistan-mary-tagtabazar-uzumcilik",
        "root_slug": "turkmenistan-mary",
        "verification_status": "verification_required"
      },
      "geometry": {
        "type": "Point",
        "coordinates": [
          62.51387950000000159,
          36.5965270000000018
        ]
      }
    },
    {
      "type": "Feature",
      "properties": {
        "slug": "turkmenistan-mary-turkmengala-turkmengala-arsary",
        "name_tm": "Ärsary",
        "name_en": "Ärsary",
        "name_ru": "Арсары",
        "type": "village",
        "parent_slug": "turkmenistan-mary-turkmengala-turkmengala",
        "root_slug": "turkmenistan-mary",
        "verification_status": "verification_required"
      },
      "geometry": {
        "type": "Point",
        "coordinates": [
          62.39454320000000109,
          37.44036779999999708
        ]
      }
    },
    {
      "type": "Feature",
      "properties": {
        "slug": "turkmenistan-mary-turkmengala-turkmengala-gatlaly-gatlaly",
        "name_tm": "Gatlaly",
        "name_en": "Gatlaly",
        "name_ru": "Гатлалы",
        "type": "village",
        "parent_slug": "turkmenistan-mary-turkmengala-turkmengala-gatlaly",
        "root_slug": "turkmenistan-mary",
        "verification_status": "verification_required"
      },
      "geometry": {
        "type": "Point",
        "coordinates": [
          62.37214749999999697,
          37.44665179999999794
        ]
      }
    },
    {
      "type": "Feature",
      "properties": {
        "slug": "turkmenistan-mary-turkmengala-turkmengala-gatlaly-gummezli",
        "name_tm": "Gümmezli",
        "name_en": "Gümmezli",
        "name_ru": "Гуммезли",
        "type": "village",
        "parent_slug": "turkmenistan-mary-turkmengala-turkmengala-gatlaly",
        "root_slug": "turkmenistan-mary",
        "verification_status": "verification_required"
      },
      "geometry": {
        "type": "Point",
        "coordinates": [
          62.3789373999999981,
          37.46537519999999688
        ]
      }
    },
    {
      "type": "Feature",
      "properties": {
        "slug": "turkmenistan-mary-turkmengala-turkmengala-kemine-adyndaky-agzygara",
        "name_tm": "Agzygara",
        "name_en": "Agzygara",
        "name_ru": "Агзыгара",
        "type": "village",
        "parent_slug": "turkmenistan-mary-turkmengala-turkmengala-kemine-adyndaky",
        "root_slug": "turkmenistan-mary",
        "verification_status": "verification_required"
      },
      "geometry": {
        "type": "Point",
        "coordinates": [
          62.27421019999999885,
          37.55190689999999876
        ]
      }
    },
    {
      "type": "Feature",
      "properties": {
        "slug": "turkmenistan-mary-turkmengala-turkmengala-kemine-adyndaky-dowlet",
        "name_tm": "Döwlet",
        "name_en": "Döwlet",
        "name_ru": "Довлет",
        "type": "village",
        "parent_slug": "turkmenistan-mary-turkmengala-turkmengala-kemine-adyndaky",
        "root_slug": "turkmenistan-mary",
        "verification_status": "verification_required"
      },
      "geometry": {
        "type": "Point",
        "coordinates": [
          62.31182359999999676,
          37.46333150000000244
        ]
      }
    },
    {
      "type": "Feature",
      "properties": {
        "slug": "turkmenistan-mary-turkmengala-turkmengala-kemine-adyndaky-kemine",
        "name_tm": "Kemine",
        "name_en": "Kemine",
        "name_ru": "Кемине",
        "type": "village",
        "parent_slug": "turkmenistan-mary-turkmengala-turkmengala-kemine-adyndaky",
        "root_slug": "turkmenistan-mary",
        "verification_status": "verification_required"
      },
      "geometry": {
        "type": "Point",
        "coordinates": [
          62.30902900000000244,
          37.51277280000000047
        ]
      }
    },
    {
      "type": "Feature",
      "properties": {
        "slug": "turkmenistan-mary-turkmengala-turkmengala-kemine-adyndaky-murzecage",
        "name_tm": "Mürzeçäge",
        "name_en": "Mürzeçäge",
        "name_ru": "Мурзечаге",
        "type": "village",
        "parent_slug": "turkmenistan-mary-turkmengala-turkmengala-kemine-adyndaky",
        "root_slug": "turkmenistan-mary",
        "verification_status": "verification_required"
      },
      "geometry": {
        "type": "Point",
        "coordinates": [
          62.28594079999999878,
          37.49292570000000068
        ]
      }
    },
    {
      "type": "Feature",
      "properties": {
        "slug": "turkmenistan-mary-turkmengala-turkmengala-magtymguly-adyndaky-amasayap",
        "name_tm": "Amaşaýap",
        "name_en": "Amaşaýap",
        "name_ru": "Амашаяп",
        "type": "village",
        "parent_slug": "turkmenistan-mary-turkmengala-turkmengala-magtymguly-adyndaky",
        "root_slug": "turkmenistan-mary",
        "verification_status": "verification_required"
      },
      "geometry": {
        "type": "Point",
        "coordinates": [
          62.33449809999999758,
          37.37951580000000006
        ]
      }
    },
    {
      "type": "Feature",
      "properties": {
        "slug": "turkmenistan-mary-turkmengala-turkmengala-magtymguly-adyndaky-seyidoba",
        "name_tm": "Seýidoba",
        "name_en": "Seýidoba",
        "name_ru": "Сейидоба",
        "type": "village",
        "parent_slug": "turkmenistan-mary-turkmengala-turkmengala-magtymguly-adyndaky",
        "root_slug": "turkmenistan-mary",
        "verification_status": "verification_required"
      },
      "geometry": {
        "type": "Point",
        "coordinates": [
          62.35656699999999831,
          37.36405140000000102
        ]
      }
    },
    {
      "type": "Feature",
      "properties": {
        "slug": "turkmenistan-mary-turkmengala-turkmengala-magtymguly-adyndaky-yaboba",
        "name_tm": "Ýaboba",
        "name_en": "Ýaboba",
        "name_ru": "Ябоба",
        "type": "village",
        "parent_slug": "turkmenistan-mary-turkmengala-turkmengala-magtymguly-adyndaky",
        "root_slug": "turkmenistan-mary",
        "verification_status": "verification_required"
      },
      "geometry": {
        "type": "Point",
        "coordinates": [
          62.3244942999999978,
          37.36968650000000025
        ]
      }
    },
    {
      "type": "Feature",
      "properties": {
        "slug": "turkmenistan-mary-turkmengala-turkmengala-rehnet-cowdur",
        "name_tm": "Çowdur",
        "name_en": "Çowdur",
        "name_ru": "Човдур",
        "type": "village",
        "parent_slug": "turkmenistan-mary-turkmengala-turkmengala-rehnet",
        "root_slug": "turkmenistan-mary",
        "verification_status": "verification_required"
      },
      "geometry": {
        "type": "Point",
        "coordinates": [
          62.31805219999999679,
          37.44743139999999926
        ]
      }
    },
    {
      "type": "Feature",
      "properties": {
        "slug": "turkmenistan-mary-turkmengala-turkmengala-rehnet-erkana",
        "name_tm": "Erkana",
        "name_en": "Erkana",
        "name_ru": "Еркана",
        "type": "village",
        "parent_slug": "turkmenistan-mary-turkmengala-turkmengala-rehnet",
        "root_slug": "turkmenistan-mary",
        "verification_status": "verification_required"
      },
      "geometry": {
        "type": "Point",
        "coordinates": [
          62.28015249999999981,
          37.48031890000000032
        ]
      }
    },
    {
      "type": "Feature",
      "properties": {
        "slug": "turkmenistan-mary-turkmengala-turkmengala-rehnet-ucunjibent",
        "name_tm": "Üçünjibent",
        "name_en": "Üçünjibent",
        "name_ru": "Учунжибент",
        "type": "village",
        "parent_slug": "turkmenistan-mary-turkmengala-turkmengala-rehnet",
        "root_slug": "turkmenistan-mary",
        "verification_status": "verification_required"
      },
      "geometry": {
        "type": "Point",
        "coordinates": [
          62.28881729999999806,
          37.43346090000000003
        ]
      }
    },
    {
      "type": "Feature",
      "properties": {
        "slug": "turkmenistan-mary-turkmengala-turkmengala-serdaryap-babakese",
        "name_tm": "Babakese",
        "name_en": "Babakese",
        "name_ru": "Бабакесе",
        "type": "village",
        "parent_slug": "turkmenistan-mary-turkmengala-turkmengala-serdaryap",
        "root_slug": "turkmenistan-mary",
        "verification_status": "verification_required"
      },
      "geometry": {
        "type": "Point",
        "coordinates": [
          62.38247489999999829,
          37.37647719999999651
        ]
      }
    },
    {
      "type": "Feature",
      "properties": {
        "slug": "turkmenistan-mary-turkmengala-turkmengala-serdaryap-garamunnus",
        "name_tm": "Garamüňňüş",
        "name_en": "Garamüňňüş",
        "name_ru": "Гарамуннуш",
        "type": "village",
        "parent_slug": "turkmenistan-mary-turkmengala-turkmengala-serdaryap",
        "root_slug": "turkmenistan-mary",
        "verification_status": "verification_required"
      },
      "geometry": {
        "type": "Point",
        "coordinates": [
          62.41841199999999646,
          37.52956970000000326
        ]
      }
    },
    {
      "type": "Feature",
      "properties": {
        "slug": "turkmenistan-mary-turkmengala-turkmengala-serdaryap-rahat",
        "name_tm": "Rahat",
        "name_en": "Rahat",
        "name_ru": "Рахат",
        "type": "village",
        "parent_slug": "turkmenistan-mary-turkmengala-turkmengala-serdaryap",
        "root_slug": "turkmenistan-mary",
        "verification_status": "verification_required"
      },
      "geometry": {
        "type": "Point",
        "coordinates": [
          62.34988090000000227,
          37.39542190000000232
        ]
      }
    },
    {
      "type": "Feature",
      "properties": {
        "slug": "turkmenistan-mary-turkmengala-turkmengala-serdaryap-ruhubelent",
        "name_tm": "Ruhubelent",
        "name_en": "Ruhubelent",
        "name_ru": "Рухубелент",
        "type": "village",
        "parent_slug": "turkmenistan-mary-turkmengala-turkmengala-serdaryap",
        "root_slug": "turkmenistan-mary",
        "verification_status": "verification_required"
      },
      "geometry": {
        "type": "Point",
        "coordinates": [
          62.39146410000000031,
          37.4048287999999971
        ]
      }
    },
    {
      "type": "Feature",
      "properties": {
        "slug": "turkmenistan-mary-turkmengala-turkmengala-tazedayhan-hindigus",
        "name_tm": "Hindiguş",
        "name_en": "Hindiguş",
        "name_ru": "Хиндигуш",
        "type": "village",
        "parent_slug": "turkmenistan-mary-turkmengala-turkmengala-tazedayhan",
        "root_slug": "turkmenistan-mary",
        "verification_status": "verification_required"
      },
      "geometry": {
        "type": "Point",
        "coordinates": [
          62.34888310000000188,
          37.32331479999999858
        ]
      }
    },
    {
      "type": "Feature",
      "properties": {
        "slug": "turkmenistan-mary-turkmengala-turkmengala-tazedunya-kyrkisik",
        "name_tm": "Kyrkişik",
        "name_en": "Kyrkişik",
        "name_ru": "Кыркишик",
        "type": "village",
        "parent_slug": "turkmenistan-mary-turkmengala-turkmengala-tazedunya",
        "root_slug": "turkmenistan-mary",
        "verification_status": "verification_required"
      },
      "geometry": {
        "type": "Point",
        "coordinates": [
          62.36097079999999693,
          37.60910739999999919
        ]
      }
    },
    {
      "type": "Feature",
      "properties": {
        "slug": "turkmenistan-mary-turkmengala-turkmengala-tazedunya-yagty",
        "name_tm": "Ýagty",
        "name_en": "Yagty",
        "name_ru": "Ягты",
        "type": "village",
        "parent_slug": "turkmenistan-mary-turkmengala-turkmengala-tazedunya",
        "root_slug": "turkmenistan-mary",
        "verification_status": "verification_required"
      },
      "geometry": {
        "type": "Point",
        "coordinates": [
          62.45240590000000224,
          37.58376410000000334
        ]
      }
    },
    {
      "type": "Feature",
      "properties": {
        "slug": "turkmenistan-mary-turkmengala-turkmengala-tazedunya-yaslar",
        "name_tm": "Ýaşlar",
        "name_en": "Ýaşlar",
        "name_ru": "Яшлар",
        "type": "village",
        "parent_slug": "turkmenistan-mary-turkmengala-turkmengala-tazedunya",
        "root_slug": "turkmenistan-mary",
        "verification_status": "verification_required"
      },
      "geometry": {
        "type": "Point",
        "coordinates": [
          62.40395319999999658,
          37.59769849999999992
        ]
      }
    },
    {
      "type": "Feature",
      "properties": {
        "slug": "turkmenistan-mary-turkmengala-turkmengala-tazeyol-aryklar",
        "name_tm": "Aryklar",
        "name_en": "Aryklar",
        "name_ru": "Арыклар",
        "type": "village",
        "parent_slug": "turkmenistan-mary-turkmengala-turkmengala-tazeyol",
        "root_slug": "turkmenistan-mary",
        "verification_status": "verification_required"
      },
      "geometry": {
        "type": "Point",
        "coordinates": [
          62.38049910000000153,
          37.51891979999999905
        ]
      }
    },
    {
      "type": "Feature",
      "properties": {
        "slug": "turkmenistan-mary-turkmengala-turkmengala-tazeyol-birlesik",
        "name_tm": "Birleşik",
        "name_en": "Birleşik",
        "name_ru": "Бирлешик",
        "type": "village",
        "parent_slug": "turkmenistan-mary-turkmengala-turkmengala-tazeyol",
        "root_slug": "turkmenistan-mary",
        "verification_status": "verification_required"
      },
      "geometry": {
        "type": "Point",
        "coordinates": [
          62.38967159999999979,
          37.4907319000000001
        ]
      }
    },
    {
      "type": "Feature",
      "properties": {
        "slug": "turkmenistan-mary-turkmengala-turkmengala-tazeyol-gumly",
        "name_tm": "Gumly",
        "name_en": "Gumly",
        "name_ru": "Гумлы",
        "type": "village",
        "parent_slug": "turkmenistan-mary-turkmengala-turkmengala-tazeyol",
        "root_slug": "turkmenistan-mary",
        "verification_status": "verification_required"
      },
      "geometry": {
        "type": "Point",
        "coordinates": [
          62.4120313999999965,
          37.51461760000000111
        ]
      }
    },
    {
      "type": "Feature",
      "properties": {
        "slug": "turkmenistan-mary-turkmengala-turkmengala-tazeyol-haryn",
        "name_tm": "Haryn",
        "name_en": "Haryn",
        "name_ru": "Харын",
        "type": "village",
        "parent_slug": "turkmenistan-mary-turkmengala-turkmengala-tazeyol",
        "root_slug": "turkmenistan-mary",
        "verification_status": "verification_required"
      },
      "geometry": {
        "type": "Point",
        "coordinates": [
          62.35710480000000188,
          37.49002019999999646
        ]
      }
    },
    {
      "type": "Feature",
      "properties": {
        "slug": "turkmenistan-mary-turkmengala-turkmengala-zahmet-bekedi",
        "name_tm": "Zähmet bekedi",
        "name_en": "Zähmet bekedi",
        "name_ru": "Захмет бекеди",
        "type": "village",
        "parent_slug": "turkmenistan-mary-turkmengala-turkmengala",
        "root_slug": "turkmenistan-mary",
        "verification_status": "verification_required"
      },
      "geometry": {
        "type": "Point",
        "coordinates": [
          62.53365670000000164,
          37.76911520000000166
        ]
      }
    },
    {
      "type": "Feature",
      "properties": {
        "slug": "turkmenistan-mary-turkmengala-turkmengala-zahmet-buluclyk",
        "name_tm": "Buluçlyk",
        "name_en": "Buluçlyk",
        "name_ru": "Булучлык",
        "type": "village",
        "parent_slug": "turkmenistan-mary-turkmengala-turkmengala-zahmet",
        "root_slug": "turkmenistan-mary",
        "verification_status": "verification_required"
      },
      "geometry": {
        "type": "Point",
        "coordinates": [
          62.47728390000000331,
          37.64435069999999683
        ]
      }
    },
    {
      "type": "Feature",
      "properties": {
        "slug": "turkmenistan-mary-turkmengala-turkmengala-zahmet-kalce",
        "name_tm": "Kälçe",
        "name_en": "Kälçe",
        "name_ru": "Калче",
        "type": "village",
        "parent_slug": "turkmenistan-mary-turkmengala-turkmengala-zahmet",
        "root_slug": "turkmenistan-mary",
        "verification_status": "verification_required"
      },
      "geometry": {
        "type": "Point",
        "coordinates": [
          62.50827470000000118,
          37.73232889999999884
        ]
      }
    },
    {
      "type": "Feature",
      "properties": {
        "slug": "turkmenistan-mary-wekilbazar-akgonur-genesligi",
        "name_tm": "Akgoňur geňeşligi",
        "name_en": "Akgoňur geňeşligi",
        "name_ru": "Акгонур генешлиги",
        "type": "village",
        "parent_slug": "turkmenistan-mary-wekilbazar",
        "root_slug": "turkmenistan-mary",
        "verification_status": "verification_required"
      },
      "geometry": {
        "type": "Point",
        "coordinates": [
          61.84549510000000083,
          37.65370339999999772
        ]
      }
    },
    {
      "type": "Feature",
      "properties": {
        "slug": "turkmenistan-mary-wekilbazar-carlakyap-aygyt",
        "name_tm": "Aýgyt",
        "name_en": "Aýgyt",
        "name_ru": "Айгыт",
        "type": "village",
        "parent_slug": "turkmenistan-mary-wekilbazar-carlakyap",
        "root_slug": "turkmenistan-mary",
        "verification_status": "verification_required"
      },
      "geometry": {
        "type": "Point",
        "coordinates": [
          61.80004209999999887,
          37.73852469999999926
        ]
      }
    },
    {
      "type": "Feature",
      "properties": {
        "slug": "turkmenistan-mary-wekilbazar-carlakyap-carlakyap",
        "name_tm": "Çarlakýap",
        "name_en": "Çarlakýap",
        "name_ru": "Чарлакяп",
        "type": "village",
        "parent_slug": "turkmenistan-mary-wekilbazar-carlakyap",
        "root_slug": "turkmenistan-mary",
        "verification_status": "verification_required"
      },
      "geometry": {
        "type": "Point",
        "coordinates": [
          61.78665680000000293,
          37.73111420000000038
        ]
      }
    },
    {
      "type": "Feature",
      "properties": {
        "slug": "turkmenistan-mary-wekilbazar-halyl-halyl",
        "name_tm": "Halyl",
        "name_en": "Halyl",
        "name_ru": "Халыл",
        "type": "village",
        "parent_slug": "turkmenistan-mary-wekilbazar-halyl",
        "root_slug": "turkmenistan-mary",
        "verification_status": "verification_required"
      },
      "geometry": {
        "type": "Point",
        "coordinates": [
          62.00173110000000065,
          37.664003000000001
        ]
      }
    },
    {
      "type": "Feature",
      "properties": {
        "slug": "turkmenistan-mary-wekilbazar-j-atajanow-adyndaky-cebisgen",
        "name_tm": "Çebisgen",
        "name_en": "Çebisgen",
        "name_ru": "Чебисген",
        "type": "village",
        "parent_slug": "turkmenistan-mary-wekilbazar-j-atajanow-adyndaky",
        "root_slug": "turkmenistan-mary",
        "verification_status": "verification_required"
      },
      "geometry": {
        "type": "Point",
        "coordinates": [
          61.87613290000000176,
          37.68184339999999822
        ]
      }
    },
    {
      "type": "Feature",
      "properties": {
        "slug": "turkmenistan-mary-wekilbazar-j-atajanow-adyndaky-geneslik",
        "name_tm": "J. Atajanow adyndaky geňeşlik",
        "name_en": "J. Atajanow adyndaky geňeşlik",
        "name_ru": "Ж. атажанов адындакы генешлик",
        "type": "village",
        "parent_slug": "turkmenistan-mary-wekilbazar",
        "root_slug": "turkmenistan-mary",
        "verification_status": "verification_required"
      },
      "geometry": {
        "type": "Point",
        "coordinates": [
          61.84023650000000316,
          37.6113270999999969
        ]
      }
    },
    {
      "type": "Feature",
      "properties": {
        "slug": "turkmenistan-mary-wekilbazar-mulkamasa-genesligi",
        "name_tm": "Mülkamaşa geňeşligi",
        "name_en": "Mülkamaşa geňeşligi",
        "name_ru": "Мулкамаша генешлиги",
        "type": "village",
        "parent_slug": "turkmenistan-mary-wekilbazar",
        "root_slug": "turkmenistan-mary",
        "verification_status": "verification_required"
      },
      "geometry": {
        "type": "Point",
        "coordinates": [
          61.92965120000000212,
          37.61403459999999654
        ]
      }
    },
    {
      "type": "Feature",
      "properties": {
        "slug": "turkmenistan-mary-wekilbazar-mulkamasa-kumusci",
        "name_tm": "Kümüşçi",
        "name_en": "Kümüşçi",
        "name_ru": "Кумушчи",
        "type": "village",
        "parent_slug": "turkmenistan-mary-wekilbazar-mulkamasa",
        "root_slug": "turkmenistan-mary",
        "verification_status": "verification_required"
      },
      "geometry": {
        "type": "Point",
        "coordinates": [
          61.91323799999999978,
          37.58550679999999745
        ]
      }
    },
    {
      "type": "Feature",
      "properties": {
        "slug": "turkmenistan-mary-wekilbazar-rysgally-gores",
        "name_tm": "Göreş",
        "name_en": "Göreş",
        "name_ru": "Гореш",
        "type": "village",
        "parent_slug": "turkmenistan-mary-wekilbazar-rysgally",
        "root_slug": "turkmenistan-mary",
        "verification_status": "verification_required"
      },
      "geometry": {
        "type": "Point",
        "coordinates": [
          61.82503870000000034,
          37.74328739999999983
        ]
      }
    },
    {
      "type": "Feature",
      "properties": {
        "slug": "turkmenistan-mary-wekilbazar-rysgally-turkmenistan",
        "name_tm": "Türkmenistan",
        "name_en": "Türkmenistan",
        "name_ru": "Туркменистан",
        "type": "village",
        "parent_slug": "turkmenistan-mary-wekilbazar-rysgally",
        "root_slug": "turkmenistan-mary",
        "verification_status": "verification_required"
      },
      "geometry": {
        "type": "Point",
        "coordinates": [
          61.83610829999999937,
          37.75702079999999939
        ]
      }
    },
    {
      "type": "Feature",
      "properties": {
        "slug": "turkmenistan-mary-wekilbazar-tazedurmus-tazedurmus",
        "name_tm": "Täzedurmuş",
        "name_en": "Täzedurmuş",
        "name_ru": "Тазедурмуш",
        "type": "village",
        "parent_slug": "turkmenistan-mary-wekilbazar-tazedurmus",
        "root_slug": "turkmenistan-mary",
        "verification_status": "verification_required"
      },
      "geometry": {
        "type": "Point",
        "coordinates": [
          61.91700769999999921,
          37.67371239999999944
        ]
      }
    },
    {
      "type": "Feature",
      "properties": {
        "slug": "turkmenistan-mary-wekilbazar-ucdepe",
        "name_tm": "Üçdepe",
        "name_en": "Üçdepe",
        "name_ru": "Учдепе",
        "type": "village",
        "parent_slug": "turkmenistan-mary-wekilbazar",
        "root_slug": "turkmenistan-mary",
        "verification_status": "verification_required"
      },
      "geometry": {
        "type": "Point",
        "coordinates": [
          61.87748340000000268,
          37.97552120000000287
        ]
      }
    },
    {
      "type": "Feature",
      "properties": {
        "slug": "turkmenistan-mary-yoloten-yoloten-agzybirlik-agzybirlik",
        "name_tm": "Agzybirlik",
        "name_en": "Agzybirlik",
        "name_ru": "Агзыбирлик",
        "type": "village",
        "parent_slug": "turkmenistan-mary-yoloten-yoloten-agzybirlik",
        "root_slug": "turkmenistan-mary",
        "verification_status": "verification_required"
      },
      "geometry": {
        "type": "Point",
        "coordinates": [
          62.25103380000000186,
          37.37218370000000078
        ]
      }
    },
    {
      "type": "Feature",
      "properties": {
        "slug": "turkmenistan-mary-yoloten-yoloten-agzybirlik-obasy",
        "name_tm": "Agzybirlik obasy",
        "name_en": "Agzybirlik obasy",
        "name_ru": "Агзыбирлик обасы",
        "type": "village",
        "parent_slug": "turkmenistan-mary-yoloten-yoloten",
        "root_slug": "turkmenistan-mary",
        "verification_status": "verification_required"
      },
      "geometry": {
        "type": "Point",
        "coordinates": [
          62.25476969999999711,
          37.37220760000000297
        ]
      }
    },
    {
      "type": "Feature",
      "properties": {
        "slug": "turkmenistan-mary-yoloten-yoloten-agzybirlik-soyunalybeden",
        "name_tm": "Söýünalybedeň",
        "name_en": "Söýünalybedeň",
        "name_ru": "Сойуналыбеден",
        "type": "village",
        "parent_slug": "turkmenistan-mary-yoloten-yoloten-agzybirlik",
        "root_slug": "turkmenistan-mary",
        "verification_status": "verification_required"
      },
      "geometry": {
        "type": "Point",
        "coordinates": [
          62.30604699999999952,
          37.35175660000000164
        ]
      }
    },
    {
      "type": "Feature",
      "properties": {
        "slug": "turkmenistan-mary-yoloten-yoloten-agzybirlik-tazeyap",
        "name_tm": "Täzeýap",
        "name_en": "Täzeýap",
        "name_ru": "Тазеяп",
        "type": "village",
        "parent_slug": "turkmenistan-mary-yoloten-yoloten-agzybirlik",
        "root_slug": "turkmenistan-mary",
        "verification_status": "verification_required"
      },
      "geometry": {
        "type": "Point",
        "coordinates": [
          62.33948440000000346,
          37.31576400000000148
        ]
      }
    },
    {
      "type": "Feature",
      "properties": {
        "slug": "turkmenistan-mary-yoloten-yoloten-ahunbaba-alamdepe",
        "name_tm": "Alamdepe",
        "name_en": "Alamdepe",
        "name_ru": "Аламдепе",
        "type": "village",
        "parent_slug": "turkmenistan-mary-yoloten-yoloten-ahunbaba",
        "root_slug": "turkmenistan-mary",
        "verification_status": "verification_required"
      },
      "geometry": {
        "type": "Point",
        "coordinates": [
          62.18705169999999783,
          37.4612527999999969
        ]
      }
    },
    {
      "type": "Feature",
      "properties": {
        "slug": "turkmenistan-mary-yoloten-yoloten-ahunbaba-bagtyyarlyk",
        "name_tm": "Bagtyýarlyk",
        "name_en": "Bagtyýarlyk",
        "name_ru": "Багтыярлык",
        "type": "village",
        "parent_slug": "turkmenistan-mary-yoloten-yoloten-ahunbaba",
        "root_slug": "turkmenistan-mary",
        "verification_status": "verification_required"
      },
      "geometry": {
        "type": "Point",
        "coordinates": [
          62.19196500000000327,
          37.41757679999999909
        ]
      }
    },
    {
      "type": "Feature",
      "properties": {
        "slug": "turkmenistan-mary-yoloten-yoloten-ahunbaba-zindigani",
        "name_tm": "Zindigani",
        "name_en": "Zindigani",
        "name_ru": "Зиндигани",
        "type": "village",
        "parent_slug": "turkmenistan-mary-yoloten-yoloten-ahunbaba",
        "root_slug": "turkmenistan-mary",
        "verification_status": "verification_required"
      },
      "geometry": {
        "type": "Point",
        "coordinates": [
          62.2341937999999999,
          37.42512419999999907
        ]
      }
    },
    {
      "type": "Feature",
      "properties": {
        "slug": "turkmenistan-mary-yoloten-yoloten-akguzer-akguzer",
        "name_tm": "Akgüzer",
        "name_en": "Akgüzer",
        "name_ru": "Акгузер",
        "type": "village",
        "parent_slug": "turkmenistan-mary-yoloten-yoloten-akguzer",
        "root_slug": "turkmenistan-mary",
        "verification_status": "verification_required"
      },
      "geometry": {
        "type": "Point",
        "coordinates": [
          62.26642129999999753,
          37.29699310000000167
        ]
      }
    },
    {
      "type": "Feature",
      "properties": {
        "slug": "turkmenistan-mary-yoloten-yoloten-akguzer-bozyatan",
        "name_tm": "Bozýatan",
        "name_en": "Bozýatan",
        "name_ru": "Бозятан",
        "type": "village",
        "parent_slug": "turkmenistan-mary-yoloten-yoloten-akguzer",
        "root_slug": "turkmenistan-mary",
        "verification_status": "verification_required"
      },
      "geometry": {
        "type": "Point",
        "coordinates": [
          62.34174120000000129,
          37.28461769999999831
        ]
      }
    },
    {
      "type": "Feature",
      "properties": {
        "slug": "turkmenistan-mary-yoloten-yoloten-akguzer-lalezar",
        "name_tm": "Lälezar",
        "name_en": "Lälezar",
        "name_ru": "Лалезар",
        "type": "village",
        "parent_slug": "turkmenistan-mary-yoloten-yoloten-akguzer",
        "root_slug": "turkmenistan-mary",
        "verification_status": "verification_required"
      },
      "geometry": {
        "type": "Point",
        "coordinates": [
          62.25495569999999646,
          37.31134649999999909
        ]
      }
    },
    {
      "type": "Feature",
      "properties": {
        "slug": "turkmenistan-mary-yoloten-yoloten-arkadag-azatlyk",
        "name_tm": "Azatlyk",
        "name_en": "Azatlyk",
        "name_ru": "Азатлык",
        "type": "village",
        "parent_slug": "turkmenistan-mary-yoloten-yoloten-arkadag",
        "root_slug": "turkmenistan-mary",
        "verification_status": "verification_required"
      },
      "geometry": {
        "type": "Point",
        "coordinates": [
          62.48140899999999931,
          37.06328709999999659
        ]
      }
    },
    {
      "type": "Feature",
      "properties": {
        "slug": "turkmenistan-mary-yoloten-yoloten-bayrac-galkynys",
        "name_tm": "Galkynyş",
        "name_en": "Galkynyş",
        "name_ru": "Галкыныш",
        "type": "village",
        "parent_slug": "turkmenistan-mary-yoloten-yoloten-bayrac",
        "root_slug": "turkmenistan-mary",
        "verification_status": "verification_required"
      },
      "geometry": {
        "type": "Point",
        "coordinates": [
          62.32042729999999864,
          37.32390420000000119
        ]
      }
    },
    {
      "type": "Feature",
      "properties": {
        "slug": "turkmenistan-mary-yoloten-yoloten-bayrac-janybek",
        "name_tm": "Janybek",
        "name_en": "Janybek",
        "name_ru": "Жаныбек",
        "type": "village",
        "parent_slug": "turkmenistan-mary-yoloten-yoloten-bayrac",
        "root_slug": "turkmenistan-mary",
        "verification_status": "verification_required"
      },
      "geometry": {
        "type": "Point",
        "coordinates": [
          62.30282259999999895,
          37.3213746999999998
        ]
      }
    },
    {
      "type": "Feature",
      "properties": {
        "slug": "turkmenistan-mary-yoloten-yoloten-bayrac-yerki",
        "name_tm": "Ýerki",
        "name_en": "Ýerki",
        "name_ru": "Йерки",
        "type": "village",
        "parent_slug": "turkmenistan-mary-yoloten-yoloten-bayrac",
        "root_slug": "turkmenistan-mary",
        "verification_status": "verification_required"
      },
      "geometry": {
        "type": "Point",
        "coordinates": [
          62.32708089999999857,
          37.3078440000000029
        ]
      }
    },
    {
      "type": "Feature",
      "properties": {
        "slug": "turkmenistan-mary-yoloten-yoloten-canlybent",
        "name_tm": "Çaňlybent",
        "name_en": "Çaňlybent",
        "name_ru": "Чанлыбент",
        "type": "village",
        "parent_slug": "turkmenistan-mary-yoloten-yoloten",
        "root_slug": "turkmenistan-mary",
        "verification_status": "verification_required"
      },
      "geometry": {
        "type": "Point",
        "coordinates": [
          62.3609049000000013,
          37.31393649999999695
        ]
      }
    },
    {
      "type": "Feature",
      "properties": {
        "slug": "turkmenistan-mary-yoloten-yoloten-dostluk",
        "name_tm": "Dostluk",
        "name_en": "Dostluk",
        "name_ru": "Достлук",
        "type": "village",
        "parent_slug": "turkmenistan-mary-yoloten-yoloten",
        "root_slug": "turkmenistan-mary",
        "verification_status": "verification_required"
      },
      "geometry": {
        "type": "Point",
        "coordinates": [
          62.47091449999999924,
          37.03271829999999909
        ]
      }
    },
    {
      "type": "Feature",
      "properties": {
        "slug": "turkmenistan-mary-yoloten-yoloten-dowletli-dowletli",
        "name_tm": "Döwletli",
        "name_en": "Döwletli",
        "name_ru": "Довлетли",
        "type": "village",
        "parent_slug": "turkmenistan-mary-yoloten-yoloten-dowletli",
        "root_slug": "turkmenistan-mary",
        "verification_status": "verification_required"
      },
      "geometry": {
        "type": "Point",
        "coordinates": [
          62.48443220000000053,
          36.76716379999999874
        ]
      }
    },
    {
      "type": "Feature",
      "properties": {
        "slug": "turkmenistan-mary-yoloten-yoloten-gammarbaba-gammarbaba",
        "name_tm": "Gammarbaba",
        "name_en": "Gammarbaba",
        "name_ru": "Гаммарбаба",
        "type": "village",
        "parent_slug": "turkmenistan-mary-yoloten-yoloten-gammarbaba",
        "root_slug": "turkmenistan-mary",
        "verification_status": "verification_required"
      },
      "geometry": {
        "type": "Point",
        "coordinates": [
          62.48289549999999793,
          36.89234600000000342
        ]
      }
    },
    {
      "type": "Feature",
      "properties": {
        "slug": "turkmenistan-mary-yoloten-yoloten-gammarbaba-gammaryap",
        "name_tm": "Gammarýap",
        "name_en": "Gammarýap",
        "name_ru": "Гаммаряп",
        "type": "village",
        "parent_slug": "turkmenistan-mary-yoloten-yoloten-gammarbaba",
        "root_slug": "turkmenistan-mary",
        "verification_status": "verification_required"
      },
      "geometry": {
        "type": "Point",
        "coordinates": [
          62.48586170000000095,
          36.93731170000000219
        ]
      }
    },
    {
      "type": "Feature",
      "properties": {
        "slug": "turkmenistan-mary-yoloten-yoloten-gammarbaba-yenis",
        "name_tm": "Ýeňiş",
        "name_en": "Ýeňiş",
        "name_ru": "Йениш",
        "type": "village",
        "parent_slug": "turkmenistan-mary-yoloten-yoloten-gammarbaba",
        "root_slug": "turkmenistan-mary",
        "verification_status": "verification_required"
      },
      "geometry": {
        "type": "Point",
        "coordinates": [
          62.47625120000000009,
          36.95170699999999898
        ]
      }
    },
    {
      "type": "Feature",
      "properties": {
        "slug": "turkmenistan-mary-yoloten-yoloten-garakol-garakol",
        "name_tm": "Garaköl",
        "name_en": "Garaköl",
        "name_ru": "Гаракол",
        "type": "village",
        "parent_slug": "turkmenistan-mary-yoloten-yoloten-garakol",
        "root_slug": "turkmenistan-mary",
        "verification_status": "verification_required"
      },
      "geometry": {
        "type": "Point",
        "coordinates": [
          62.47736929999999945,
          36.84629900000000191
        ]
      }
    },
    {
      "type": "Feature",
      "properties": {
        "slug": "turkmenistan-mary-yoloten-yoloten-garakol-gazyklybent",
        "name_tm": "Gazyklybent",
        "name_en": "Gazyklybent",
        "name_ru": "Газыклыбент",
        "type": "village",
        "parent_slug": "turkmenistan-mary-yoloten-yoloten-garakol",
        "root_slug": "turkmenistan-mary",
        "verification_status": "verification_required"
      },
      "geometry": {
        "type": "Point",
        "coordinates": [
          62.47574579999999856,
          36.85658740000000221
        ]
      }
    },
    {
      "type": "Feature",
      "properties": {
        "slug": "turkmenistan-mary-yoloten-yoloten-hakykat-hakykat",
        "name_tm": "Hakykat",
        "name_en": "Hakykat",
        "name_ru": "Хакыкат",
        "type": "village",
        "parent_slug": "turkmenistan-mary-yoloten-yoloten-hakykat",
        "root_slug": "turkmenistan-mary",
        "verification_status": "verification_required"
      },
      "geometry": {
        "type": "Point",
        "coordinates": [
          62.12466940000000192,
          37.39772279999999682
        ]
      }
    },
    {
      "type": "Feature",
      "properties": {
        "slug": "turkmenistan-mary-yoloten-yoloten-hujum-bereket",
        "name_tm": "Bereket",
        "name_en": "Bereket",
        "name_ru": "Берекет",
        "type": "village",
        "parent_slug": "turkmenistan-mary-yoloten-yoloten-hujum",
        "root_slug": "turkmenistan-mary",
        "verification_status": "verification_required"
      },
      "geometry": {
        "type": "Point",
        "coordinates": [
          62.45299270000000291,
          36.97895690000000001
        ]
      }
    },
    {
      "type": "Feature",
      "properties": {
        "slug": "turkmenistan-mary-yoloten-yoloten-hujum-hujum",
        "name_tm": "Hüjüm",
        "name_en": "Hüjüm",
        "name_ru": "Хужум",
        "type": "village",
        "parent_slug": "turkmenistan-mary-yoloten-yoloten-hujum",
        "root_slug": "turkmenistan-mary",
        "verification_status": "verification_required"
      },
      "geometry": {
        "type": "Point",
        "coordinates": [
          62.47379680000000234,
          36.99421759999999893
        ]
      }
    },
    {
      "type": "Feature",
      "properties": {
        "slug": "turkmenistan-mary-yoloten-yoloten-momatay-momatay",
        "name_tm": "Momataý",
        "name_en": "Momataý",
        "name_ru": "Моматай",
        "type": "village",
        "parent_slug": "turkmenistan-mary-yoloten-yoloten-momatay",
        "root_slug": "turkmenistan-mary",
        "verification_status": "verification_required"
      },
      "geometry": {
        "type": "Point",
        "coordinates": [
          62.17896660000000252,
          37.35748590000000035
        ]
      }
    },
    {
      "type": "Feature",
      "properties": {
        "slug": "turkmenistan-mary-yoloten-yoloten-rahat-alnys",
        "name_tm": "Alnyş",
        "name_en": "Alnyş",
        "name_ru": "Алныш",
        "type": "village",
        "parent_slug": "turkmenistan-mary-yoloten-yoloten-rahat",
        "root_slug": "turkmenistan-mary",
        "verification_status": "verification_required"
      },
      "geometry": {
        "type": "Point",
        "coordinates": [
          62.3839991999999981,
          37.26126059999999996
        ]
      }
    },
    {
      "type": "Feature",
      "properties": {
        "slug": "turkmenistan-mary-yoloten-yoloten-rahat-awcy",
        "name_tm": "Awçy",
        "name_en": "Awçy",
        "name_ru": "Авчы",
        "type": "village",
        "parent_slug": "turkmenistan-mary-yoloten-yoloten-rahat",
        "root_slug": "turkmenistan-mary",
        "verification_status": "verification_required"
      },
      "geometry": {
        "type": "Point",
        "coordinates": [
          62.36492960000000351,
          37.26948500000000309
        ]
      }
    },
    {
      "type": "Feature",
      "properties": {
        "slug": "turkmenistan-mary-yoloten-yoloten-rahat-rahatyap",
        "name_tm": "Rahatýap",
        "name_en": "Rahatýap",
        "name_ru": "Рахатяп",
        "type": "village",
        "parent_slug": "turkmenistan-mary-yoloten-yoloten-rahat",
        "root_slug": "turkmenistan-mary",
        "verification_status": "verification_required"
      },
      "geometry": {
        "type": "Point",
        "coordinates": [
          62.31230490000000088,
          37.26430210000000187
        ]
      }
    },
    {
      "type": "Feature",
      "properties": {
        "slug": "turkmenistan-mary-yoloten-yoloten-sohrat-sohrat",
        "name_tm": "Şöhrat",
        "name_en": "Şöhrat",
        "name_ru": "Шохрат",
        "type": "village",
        "parent_slug": "turkmenistan-mary-yoloten-yoloten-sohrat",
        "root_slug": "turkmenistan-mary",
        "verification_status": "verification_required"
      },
      "geometry": {
        "type": "Point",
        "coordinates": [
          62.233074000000002,
          37.34785810000000339
        ]
      }
    },
    {
      "type": "Feature",
      "properties": {
        "slug": "turkmenistan-mary-yoloten-yoloten-soltanbent-hojakow",
        "name_tm": "Hojaköw",
        "name_en": "Hojaköw",
        "name_ru": "Хожаков",
        "type": "village",
        "parent_slug": "turkmenistan-mary-yoloten-yoloten-soltanbent",
        "root_slug": "turkmenistan-mary",
        "verification_status": "verification_required"
      },
      "geometry": {
        "type": "Point",
        "coordinates": [
          62.45341849999999795,
          37.01087129999999803
        ]
      }
    },
    {
      "type": "Feature",
      "properties": {
        "slug": "turkmenistan-mary-yoloten-yoloten-soltanbent-sark",
        "name_tm": "Şark",
        "name_en": "Şark",
        "name_ru": "Шарк",
        "type": "village",
        "parent_slug": "turkmenistan-mary-yoloten-yoloten-soltanbent",
        "root_slug": "turkmenistan-mary",
        "verification_status": "verification_required"
      },
      "geometry": {
        "type": "Point",
        "coordinates": [
          62.44958880000000078,
          37.09318400000000082
        ]
      }
    },
    {
      "type": "Feature",
      "properties": {
        "slug": "turkmenistan-mary-yoloten-yoloten-soltanbent-village",
        "name_tm": "Soltanbent",
        "name_en": "Soltanbent",
        "name_ru": "Солтанбент",
        "type": "village",
        "parent_slug": "turkmenistan-mary-yoloten-yoloten",
        "root_slug": "turkmenistan-mary",
        "verification_status": "verification_required"
      },
      "geometry": {
        "type": "Point",
        "coordinates": [
          62.4454893999999996,
          37.12556750000000249
        ]
      }
    },
    {
      "type": "Feature",
      "properties": {
        "slug": "turkmenistan-mary-yoloten-yoloten-ymambaba-ymambaba",
        "name_tm": "Ymambaba",
        "name_en": "Ymambaba",
        "name_ru": "Ымамбаба",
        "type": "village",
        "parent_slug": "turkmenistan-mary-yoloten-yoloten-ymambaba",
        "root_slug": "turkmenistan-mary",
        "verification_status": "verification_required"
      },
      "geometry": {
        "type": "Point",
        "coordinates": [
          62.45805219999999736,
          36.70922300000000149
        ]
      }
    },
    {
      "type": "Feature",
      "properties": {
        "slug": "turkmenistan-mary-yoloten-yoloten-yokary-suhty-altyn-toprak",
        "name_tm": "Altyn toprak",
        "name_en": "Altyn toprak",
        "name_ru": "Алтын топрак",
        "type": "village",
        "parent_slug": "turkmenistan-mary-yoloten-yoloten-yokary-suhty",
        "root_slug": "turkmenistan-mary",
        "verification_status": "verification_required"
      },
      "geometry": {
        "type": "Point",
        "coordinates": [
          62.39443750000000221,
          37.21089489999999956
        ]
      }
    },
    {
      "type": "Feature",
      "properties": {
        "slug": "turkmenistan-mary-yoloten-yoloten-yokary-suhty-atcapar",
        "name_tm": "Atçapar",
        "name_en": "Atçapar",
        "name_ru": "Атчапар",
        "type": "village",
        "parent_slug": "turkmenistan-mary-yoloten-yoloten-yokary-suhty",
        "root_slug": "turkmenistan-mary",
        "verification_status": "verification_required"
      },
      "geometry": {
        "type": "Point",
        "coordinates": [
          62.38107769999999875,
          37.28177920000000257
        ]
      }
    },
    {
      "type": "Feature",
      "properties": {
        "slug": "turkmenistan-mary-yoloten-yoloten-yokary-suhty-gojaly",
        "name_tm": "Gojaly",
        "name_en": "Gojaly",
        "name_ru": "Гожалы",
        "type": "village",
        "parent_slug": "turkmenistan-mary-yoloten-yoloten-yokary-suhty",
        "root_slug": "turkmenistan-mary",
        "verification_status": "verification_required"
      },
      "geometry": {
        "type": "Point",
        "coordinates": [
          62.37466040000000333,
          37.23606949999999927
        ]
      }
    },
    {
      "type": "Feature",
      "properties": {
        "slug": "turkmenistan-mary-yoloten-yoloten-yokary-suhty-tanrygazan",
        "name_tm": "Taňrygazan",
        "name_en": "Taňrygazan",
        "name_ru": "Танрыгазан",
        "type": "village",
        "parent_slug": "turkmenistan-mary-yoloten-yoloten-yokary-suhty",
        "root_slug": "turkmenistan-mary",
        "verification_status": "verification_required"
      },
      "geometry": {
        "type": "Point",
        "coordinates": [
          62.4329269999999994,
          37.20112720000000194
        ]
      }
    },
    {
      "type": "Feature",
      "properties": {
        "slug": "turkmenistan-mary-yoloten-yoloten-yokary-suhty-yokary-suhty",
        "name_tm": "Ýokary Suhty",
        "name_en": "Ýokary Suhty",
        "name_ru": "Ёкары сухты",
        "type": "village",
        "parent_slug": "turkmenistan-mary-yoloten-yoloten-yokary-suhty",
        "root_slug": "turkmenistan-mary",
        "verification_status": "verification_required"
      },
      "geometry": {
        "type": "Point",
        "coordinates": [
          62.39872940000000056,
          37.25399749999999698
        ]
      }
    },
    {
      "type": "Feature",
      "properties": {
        "slug": "turkmenistan-mary-yoloten-yoloten-yyldyz",
        "name_tm": "Ýyldyz",
        "name_en": "Ýyldyz",
        "name_ru": "Йылдыз",
        "type": "village",
        "parent_slug": "turkmenistan-mary-yoloten-yoloten",
        "root_slug": "turkmenistan-mary",
        "verification_status": "verification_required"
      },
      "geometry": {
        "type": "Point",
        "coordinates": [
          62.38525669999999935,
          37.34681020000000017
        ]
      }
    },
    {
      "type": "Feature",
      "properties": {
        "slug": "turkmenistan-miweciler",
        "name_tm": "Miweçiler",
        "name_en": "Miweçiler",
        "name_ru": "Мивечилер",
        "type": "village",
        "parent_slug": "turkmenistan",
        "root_slug": null,
        "verification_status": "verification_required"
      },
      "geometry": {
        "type": "Point",
        "coordinates": [
          63.64263199999999899,
          38.97558250000000157
        ]
      }
    },
    {
      "type": "Feature",
      "properties": {
        "slug": "turkmenistan-mollagara",
        "name_tm": "Mollagara",
        "name_en": "Mollagara",
        "name_ru": "Моллагара",
        "type": "village",
        "parent_slug": "turkmenistan",
        "root_slug": null,
        "verification_status": "verification_required"
      },
      "geometry": {
        "type": "Point",
        "coordinates": [
          54.17958190000000229,
          39.62745590000000106
        ]
      }
    },
    {
      "type": "Feature",
      "properties": {
        "slug": "turkmenistan-mulkyysyp-oba",
        "name_tm": "Mülkýysyp oba",
        "name_en": "Mülkýysyp oba",
        "name_ru": "Мулкйысып оба",
        "type": "village",
        "parent_slug": "turkmenistan",
        "root_slug": null,
        "verification_status": "verification_required"
      },
      "geometry": {
        "type": "Point",
        "coordinates": [
          61.98635089999999793,
          37.62621390000000333
        ]
      }
    },
    {
      "type": "Feature",
      "properties": {
        "slug": "turkmenistan-narazm-dayhan-birlesigi",
        "name_tm": "Narazm daýhan birleşigi",
        "name_en": "Narazm daýhan birleşigi",
        "name_ru": "Наразм дайхан бирлешиги",
        "type": "village",
        "parent_slug": "turkmenistan",
        "root_slug": null,
        "verification_status": "verification_required"
      },
      "geometry": {
        "type": "Point",
        "coordinates": [
          64.0139752000000044,
          38.80190199999999834
        ]
      }
    },
    {
      "type": "Feature",
      "properties": {
        "slug": "turkmenistan-nowata",
        "name_tm": "Nowata",
        "name_en": "Nowata",
        "name_ru": "Новата",
        "type": "village",
        "parent_slug": "turkmenistan",
        "root_slug": null,
        "verification_status": "verification_required"
      },
      "geometry": {
        "type": "Point",
        "coordinates": [
          58.00075329999999952,
          38.12520179999999926
        ]
      }
    },
    {
      "type": "Feature",
      "properties": {
        "slug": "turkmenistan-oba-6",
        "name_tm": "Oba 6",
        "name_en": "Oba 6",
        "name_ru": "Оба 6",
        "type": "village",
        "parent_slug": "turkmenistan",
        "root_slug": null,
        "verification_status": "verification_required"
      },
      "geometry": {
        "type": "Point",
        "coordinates": [
          60.25834989999999892,
          37.62517929999999922
        ]
      }
    },
    {
      "type": "Feature",
      "properties": {
        "slug": "turkmenistan-oglanly",
        "name_tm": "Oglanly",
        "name_en": "Oglanly",
        "name_ru": "Огланлы",
        "type": "village",
        "parent_slug": "turkmenistan",
        "root_slug": null,
        "verification_status": "verification_required"
      },
      "geometry": {
        "type": "Point",
        "coordinates": [
          54.40321930000000349,
          39.87510300000000286
        ]
      }
    },
    {
      "type": "Feature",
      "properties": {
        "slug": "turkmenistan-oglanly-obasy",
        "name_tm": "Oglanly obasy",
        "name_en": "Oglanly obasy",
        "name_ru": "Огланлы обасы",
        "type": "village",
        "parent_slug": "turkmenistan",
        "root_slug": null,
        "verification_status": "verification_required"
      },
      "geometry": {
        "type": "Point",
        "coordinates": [
          54.40306340000000062,
          39.87412779999999656
        ]
      }
    },
    {
      "type": "Feature",
      "properties": {
        "slug": "turkmenistan-oglanly-sahercesi",
        "name_tm": "Oglanly şäherçesi",
        "name_en": "Oglanly şäherçesi",
        "name_ru": "Огланлы шахерчеси",
        "type": "village",
        "parent_slug": "turkmenistan",
        "root_slug": null,
        "verification_status": "verification_required"
      },
      "geometry": {
        "type": "Point",
        "coordinates": [
          54.44875869999999907,
          39.86179849999999903
        ]
      }
    },
    {
      "type": "Feature",
      "properties": {
        "slug": "turkmenistan-ogsuk",
        "name_tm": "Ogşuk",
        "name_en": "Ogşuk",
        "name_ru": "Огшук",
        "type": "village",
        "parent_slug": "turkmenistan",
        "root_slug": null,
        "verification_status": "verification_required"
      },
      "geometry": {
        "type": "Point",
        "coordinates": [
          59.97305380000000241,
          41.88399350000000254
        ]
      }
    },
    {
      "type": "Feature",
      "properties": {
        "slug": "turkmenistan-omarly",
        "name_tm": "Omarly",
        "name_en": "Omarly",
        "name_ru": "Омарлы",
        "type": "village",
        "parent_slug": "turkmenistan",
        "root_slug": null,
        "verification_status": "verification_required"
      },
      "geometry": {
        "type": "Point",
        "coordinates": [
          59.70449440000000151,
          41.91558950000000295
        ]
      }
    },
    {
      "type": "Feature",
      "properties": {
        "slug": "turkmenistan-osty",
        "name_tm": "Osty",
        "name_en": "Osty",
        "name_ru": "Осты",
        "type": "village",
        "parent_slug": "turkmenistan",
        "root_slug": null,
        "verification_status": "verification_required"
      },
      "geometry": {
        "type": "Point",
        "coordinates": [
          63.24565119999999752,
          39.34520359999999784
        ]
      }
    },
    {
      "type": "Feature",
      "properties": {
        "slug": "turkmenistan-satlyk",
        "name_tm": "Şatlyk",
        "name_en": "Şatlyk",
        "name_ru": "Шатлык",
        "type": "village",
        "parent_slug": "turkmenistan",
        "root_slug": null,
        "verification_status": "verification_required"
      },
      "geometry": {
        "type": "Point",
        "coordinates": [
          62.00314889999999935,
          37.90802790000000044
        ]
      }
    },
    {
      "type": "Feature",
      "properties": {
        "slug": "turkmenistan-scorumsa",
        "name_tm": "Scorumsa",
        "name_en": "Scorumsa",
        "name_ru": "Сджорумса",
        "type": "village",
        "parent_slug": "turkmenistan",
        "root_slug": null,
        "verification_status": "verification_required"
      },
      "geometry": {
        "type": "Point",
        "coordinates": [
          59.46513170000000059,
          41.95227750000000099
        ]
      }
    },
    {
      "type": "Feature",
      "properties": {
        "slug": "turkmenistan-serdaryap",
        "name_tm": "Serdarýap",
        "name_en": "Serdarýap",
        "name_ru": "Сердаряп",
        "type": "village",
        "parent_slug": "turkmenistan",
        "root_slug": null,
        "verification_status": "verification_required"
      },
      "geometry": {
        "type": "Point",
        "coordinates": [
          62.37456319999999721,
          37.36065320000000156
        ]
      }
    },
    {
      "type": "Feature",
      "properties": {
        "slug": "turkmenistan-sohrat",
        "name_tm": "Şöhrat",
        "name_en": "Şöhrat",
        "name_ru": "Шохрат",
        "type": "village",
        "parent_slug": "turkmenistan",
        "root_slug": null,
        "verification_status": "verification_required"
      },
      "geometry": {
        "type": "Point",
        "coordinates": [
          62.23498959999999869,
          37.34701019999999972
        ]
      }
    },
    {
      "type": "Feature",
      "properties": {
        "slug": "turkmenistan-soltanyazgala",
        "name_tm": "Soltanýazgala",
        "name_en": "Soltanýazgala",
        "name_ru": "Солтанязгала",
        "type": "village",
        "parent_slug": "turkmenistan",
        "root_slug": null,
        "verification_status": "verification_required"
      },
      "geometry": {
        "type": "Point",
        "coordinates": [
          63.9908672999999979,
          38.65436760000000049
        ]
      }
    },
    {
      "type": "Feature",
      "properties": {
        "slug": "turkmenistan-sowranly",
        "name_tm": "Sowranly",
        "name_en": "Sowranly",
        "name_ru": "Совранлы",
        "type": "village",
        "parent_slug": "turkmenistan",
        "root_slug": null,
        "verification_status": "verification_required"
      },
      "geometry": {
        "type": "Point",
        "coordinates": [
          58.91636400000000151,
          42.4111495000000005
        ]
      }
    },
    {
      "type": "Feature",
      "properties": {
        "slug": "turkmenistan-suhty",
        "name_tm": "Suhty",
        "name_en": "Suhty",
        "name_ru": "Сухты",
        "type": "village",
        "parent_slug": "turkmenistan",
        "root_slug": null,
        "verification_status": "verification_required"
      },
      "geometry": {
        "type": "Point",
        "coordinates": [
          61.93342690000000061,
          37.45513290000000239
        ]
      }
    },
    {
      "type": "Feature",
      "properties": {
        "slug": "turkmenistan-syhlar",
        "name_tm": "Şyhlar",
        "name_en": "Şyhlar",
        "name_ru": "Шыхлар",
        "type": "village",
        "parent_slug": "turkmenistan",
        "root_slug": null,
        "verification_status": "verification_required"
      },
      "geometry": {
        "type": "Point",
        "coordinates": [
          63.56219080000000332,
          39.01361289999999827
        ]
      }
    },
    {
      "type": "Feature",
      "properties": {
        "slug": "turkmenistan-syyadagsakar",
        "name_tm": "Syýadagsakar",
        "name_en": "Syýadagsakar",
        "name_ru": "Сыядагсакар",
        "type": "village",
        "parent_slug": "turkmenistan",
        "root_slug": null,
        "verification_status": "verification_required"
      },
      "geometry": {
        "type": "Point",
        "coordinates": [
          63.79384360000000242,
          38.92205369999999931
        ]
      }
    },
    {
      "type": "Feature",
      "properties": {
        "slug": "turkmenistan-taze-guyc-genesligi",
        "name_tm": "Täze Güýç geňeşligi",
        "name_en": "Täze Güýç geňeşligi",
        "name_ru": "Тязе Гуйч генгешлиги",
        "type": "village",
        "parent_slug": "turkmenistan",
        "root_slug": null,
        "verification_status": "verification_required"
      },
      "geometry": {
        "type": "Point",
        "coordinates": [
          61.7551054999999991,
          37.56505690000000186
        ]
      }
    },
    {
      "type": "Feature",
      "properties": {
        "slug": "turkmenistan-tazemekan",
        "name_tm": "Täzemekan",
        "name_en": "Täzemekan",
        "name_ru": "Таземекан",
        "type": "village",
        "parent_slug": "turkmenistan",
        "root_slug": null,
        "verification_status": "verification_required"
      },
      "geometry": {
        "type": "Point",
        "coordinates": [
          65.07459629999999607,
          37.96913709999999754
        ]
      }
    },
    {
      "type": "Feature",
      "properties": {
        "slug": "turkmenistan-traktorcy",
        "name_tm": "Traktorçy",
        "name_en": "Traktorçy",
        "name_ru": "Тракторчы",
        "type": "village",
        "parent_slug": "turkmenistan",
        "root_slug": null,
        "verification_status": "verification_required"
      },
      "geometry": {
        "type": "Point",
        "coordinates": [
          63.28141000000000104,
          39.25627810000000296
        ]
      }
    },
    {
      "type": "Feature",
      "properties": {
        "slug": "turkmenistan-usakyap",
        "name_tm": "Uşakýap",
        "name_en": "Uşakýap",
        "name_ru": "Ушакяп",
        "type": "village",
        "parent_slug": "turkmenistan",
        "root_slug": null,
        "verification_status": "verification_required"
      },
      "geometry": {
        "type": "Point",
        "coordinates": [
          59.35835869999999659,
          42.32826659999999919
        ]
      }
    },
    {
      "type": "Feature",
      "properties": {
        "slug": "turkmenistan-ussaly",
        "name_tm": "Ussaly",
        "name_en": "Ussaly",
        "name_ru": "Уссалы",
        "type": "village",
        "parent_slug": "turkmenistan",
        "root_slug": null,
        "verification_status": "verification_required"
      },
      "geometry": {
        "type": "Point",
        "coordinates": [
          59.72071249999999765,
          41.98207550000000054
        ]
      }
    },
    {
      "type": "Feature",
      "properties": {
        "slug": "turkmenistan-yalkym-dayhan-birlesigi",
        "name_tm": "Ýalkym Daýhan Birleşigi",
        "name_en": "Ýalkym Daýhan Birleşigi",
        "name_ru": "Ялкым дайхан бирлешиги",
        "type": "village",
        "parent_slug": "turkmenistan",
        "root_slug": null,
        "verification_status": "verification_required"
      },
      "geometry": {
        "type": "Point",
        "coordinates": [
          63.3875304999999969,
          39.18150159999999715
        ]
      }
    },
    {
      "type": "Feature",
      "properties": {
        "slug": "turkmenistan-yanyajy",
        "name_tm": "Ýaňyajy",
        "name_en": "Ýaňyajy",
        "name_ru": "Яныажы",
        "type": "village",
        "parent_slug": "turkmenistan",
        "root_slug": null,
        "verification_status": "verification_required"
      },
      "geometry": {
        "type": "Point",
        "coordinates": [
          53.32675480000000334,
          40.02050539999999757
        ]
      }
    },
    {
      "type": "Feature",
      "properties": {
        "slug": "turkmenistan-yapac-dayhan-birlesigi",
        "name_tm": "Ýapaç daýhan birleşigi",
        "name_en": "Ýapaç daýhan birleşigi",
        "name_ru": "Япач дайхан бирлешиги",
        "type": "village",
        "parent_slug": "turkmenistan",
        "root_slug": null,
        "verification_status": "verification_required"
      },
      "geometry": {
        "type": "Point",
        "coordinates": [
          63.92515590000000003,
          38.9312935999999965
        ]
      }
    },
    {
      "type": "Feature",
      "properties": {
        "slug": "turkmenistan-yasga-genesligi",
        "name_tm": "Ýasga geňeşligi",
        "name_en": "Ýasga geňeşligi",
        "name_ru": "Ясга генешлиги",
        "type": "village",
        "parent_slug": "turkmenistan",
        "root_slug": null,
        "verification_status": "verification_required"
      },
      "geometry": {
        "type": "Point",
        "coordinates": [
          55.52207860000000039,
          39.91109509999999716
        ]
      }
    },
    {
      "type": "Feature",
      "properties": {
        "slug": "turkmenistan-yazaryk",
        "name_tm": "Ýazaryk",
        "name_en": "Ýazaryk",
        "name_ru": "Язарык",
        "type": "village",
        "parent_slug": "turkmenistan",
        "root_slug": null,
        "verification_status": "verification_required"
      },
      "geometry": {
        "type": "Point",
        "coordinates": [
          63.25707690000000127,
          39.24255219999999867
        ]
      }
    },
    {
      "type": "Feature",
      "properties": {
        "slug": "turkmenistan-yedigara",
        "name_tm": "Ýedigara",
        "name_en": "Ýedigara",
        "name_ru": "Йедигара",
        "type": "village",
        "parent_slug": "turkmenistan",
        "root_slug": null,
        "verification_status": "verification_required"
      },
      "geometry": {
        "type": "Point",
        "coordinates": [
          59.13590460000000348,
          42.33969189999999828
        ]
      }
    },
    {
      "type": "Feature",
      "properties": {
        "slug": "turkmenistan-ymarat",
        "name_tm": "Ymarat",
        "name_en": "Ymarat",
        "name_ru": "Ымарат",
        "type": "village",
        "parent_slug": "turkmenistan",
        "root_slug": null,
        "verification_status": "verification_required"
      },
      "geometry": {
        "type": "Point",
        "coordinates": [
          56.68800199999999734,
          38.58377709999999894
        ]
      }
    },
    {
      "type": "Feature",
      "properties": {
        "slug": "turkmenistan-yndarlan-obasy",
        "name_tm": "Yňdarlan obasy",
        "name_en": "Yňdarlan obasy",
        "name_ru": "Ындарлан обасы",
        "type": "village",
        "parent_slug": "turkmenistan",
        "root_slug": null,
        "verification_status": "verification_required"
      },
      "geometry": {
        "type": "Point",
        "coordinates": [
          54.29886989999999969,
          37.97755870000000301
        ]
      }
    },
    {
      "type": "Feature",
      "properties": {
        "slug": "turkmenistan-zahmet",
        "name_tm": "Zähmet",
        "name_en": "Zähmet",
        "name_ru": "Захмет",
        "type": "village",
        "parent_slug": "turkmenistan",
        "root_slug": null,
        "verification_status": "verification_required"
      },
      "geometry": {
        "type": "Point",
        "coordinates": [
          54.27333240000000103,
          39.59241190000000187
        ]
      }
    }
  ]
}
