{
  "type": "FeatureCollection",
  "name": "Türkmenistan etraplary (ADM2)",
  "properties": {
    "source": "geoBoundaries",
    "boundary_id": "TKM-ADM2-10190150",
    "represented_year": 2009,
    "license": "CC BY-SA 3.0",
    "srid": 4326
  },
  "features": [
    {
      "type": "Feature",
      "properties": {
        "name": "Koneurgenc",
        "admin_level": 2,
        "source_shape_id": "10190150B53844356403959"
      },
      "geometry": {
        "type": "Polygon",
        "coordinates": [
          [
            [
              57.76416017699681,
              41.956526353872647
            ],
            [
              57.82202401602197,
              41.924713622004546
            ],
            [
              57.869670803320439,
              41.874801063820001
            ],
            [
              58.151139790258092,
              41.685304802629233
            ],
            [
              58.260550933025705,
              41.753798600883449
            ],
            [
              58.520174915259609,
              41.859097841534421
            ],
            [
              58.746362737540935,
              41.974510291795688
            ],
            [
              58.888326805091765,
              41.954534792998992
            ],
            [
              58.938017667400629,
              41.948526543432052
            ],
            [
              58.953491140460642,
              41.950684238819953
            ],
            [
              58.986143701343252,
              41.956435652912241
            ],
            [
              58.986116658528282,
              41.956524816700906
            ],
            [
              59.023736939127687,
              41.979651313444734
            ],
            [
              59.058336667885648,
              42.00263597970693
            ],
            [
              59.074351436014297,
              42.026471982963699
            ],
            [
              59.091927067074565,
              42.053713040779733
            ],
            [
              59.095174613746899,
              42.058987782744246
            ],
            [
              59.0978912679101,
              42.065038515687199
            ],
            [
              59.098936677093207,
              42.065098214835949
            ],
            [
              59.099563359640598,
              42.066116087422444
            ],
            [
              59.119875088376396,
              42.066950935361113
            ],
            [
              59.160407946260008,
              42.049897606003178
            ],
            [
              59.18607875628291,
              42.064944899159201
            ],
            [
              59.211589374837473,
              42.06690403091266
            ],
            [
              59.228557190798774,
              42.069603264034662
            ],
            [
              59.247197018201206,
              42.07790475044397
            ],
            [
              59.249580233424304,
              42.078985822960753
            ],
            [
              59.249580233424304,
              42.101019777299499
            ],
            [
              59.248541391087009,
              42.111811627905112
            ],
            [
              59.249580233424304,
              42.112004271914522
            ],
            [
              59.249580233424304,
              42.112069995995867
            ],
            [
              59.300921852571769,
              42.123094217998755
            ],
            [
              59.309383315523888,
              42.123094217998755
            ],
            [
              59.313548287147825,
              42.123866574692258
            ],
            [
              59.316180221864499,
              42.124354643418492
            ],
            [
              59.378323460812624,
              42.188131696946797
            ],
            [
              59.393166250471687,
              42.203364719985487
            ],
            [
              59.396117022119213,
              42.206393070687824
            ],
            [
              59.400951964393911,
              42.214897403411797
            ],
            [
              59.40841499159648,
              42.228024357748097
            ],
            [
              59.410581128719699,
              42.23283562439692
            ],
            [
              59.416101222407484,
              42.245096456074563
            ],
            [
              59.42225020669693,
              42.278089416194199
            ],
            [
              59.413804579539821,
              42.281213629620098
            ],
            [
              59.400728760785498,
              42.286050647374609
            ],
            [
              59.39567381492153,
              42.298513807278205
            ],
            [
              59.392634688960406,
              42.306006887093481
            ],
            [
              59.391505283452943,
              42.308791479018758
            ],
            [
              59.328478191341759,
              42.34856817377738
            ],
            [
              59.273137329143225,
              42.39286114566297
            ],
            [
              59.277749067809495,
              42.433719241264384
            ],
            [
              59.270062836998491,
              42.449601312048252
            ],
            [
              59.245466898942269,
              42.466613348971627
            ],
            [
              59.234706175088228,
              42.48362076418303
            ],
            [
              59.216259221321486,
              42.497223367683908
            ],
            [
              59.185514298077493,
              42.526685528416294
            ],
            [
              59.145545898399284,
              42.532349735985456
            ],
            [
              59.126410225168833,
              42.541888120206984
            ],
            [
              59.096060841822556,
              42.541721996235289
            ],
            [
              59.07599783682597,
              42.522686650520832
            ],
            [
              59.044087652233095,
              42.516488659504169
            ],
            [
              59.017954467655343,
              42.524419701451912
            ],
            [
              58.97035677171047,
              42.530077347079065
            ],
            [
              58.970150820751705,
              42.528711142299514
            ],
            [
              58.967225344123079,
              42.501756912204492
            ],
            [
              58.962232311693647,
              42.498075499083065
            ],
            [
              58.956292070970967,
              42.492965727530546
            ],
            [
              58.956292070970967,
              42.446381456168915
            ],
            [
              58.956464621167363,
              42.440526335791326
            ],
            [
              58.968762590644623,
              42.423507212570705
            ],
            [
              58.979219028152002,
              42.404978264402921
            ],
            [
              58.993511865801224,
              42.385185768114731
            ],
            [
              58.999507513888609,
              42.378100292109771
            ],
            [
              59.011805482467572,
              42.363335968538713
            ],
            [
              59.024103451944832,
              42.345159728242464
            ],
            [
              59.00859107463215,
              42.332928408994363
            ],
            [
              59.00170919481846,
              42.325297708062351
            ],
            [
              58.966024311859606,
              42.337288856754746
            ],
            [
              58.957223816368511,
              42.327529843932375
            ],
            [
              58.954927374645834,
              42.323568616235256
            ],
            [
              58.942629406066914,
              42.308791479018758
            ],
            [
              58.942392755829616,
              42.308572697478397
            ],
            [
              58.935205549794198,
              42.298909133424822
            ],
            [
              58.931487141032243,
              42.27690171881089
            ],
            [
              58.931868682212851,
              42.270127178361051
            ],
            [
              58.977986067078838,
              42.242820443103
            ],
            [
              58.976448821455634,
              42.209809029739233
            ],
            [
              58.974305759942261,
              42.208300795322529
            ],
            [
              58.974134512450405,
              42.206462007453887
            ],
            [
              58.955793096604673,
              42.195272034451023
            ],
            [
              58.945703898211647,
              42.188171502731151
            ],
            [
              58.896512021200891,
              42.187032480461099
            ],
            [
              58.889966516745105,
              42.181489298248067
            ],
            [
              58.886544346249352,
              42.17641756918173
            ],
            [
              58.877389617533275,
              42.177034326801788
            ],
            [
              58.868648784384909,
              42.176108951409176
            ],
            [
              58.863835784774736,
              42.039233927556403
            ],
            [
              58.839505183002331,
              42.029595858814147
            ],
            [
              58.82206123771671,
              42.029595858814147
            ],
            [
              58.815411330165375,
              42.029047020877613
            ],
            [
              58.792466019755288,
              42.019956329084685
            ],
            [
              58.787514794788763,
              42.020569365478771
            ],
            [
              58.761146942120448,
              42.021600346389185
            ],
            [
              58.750292976503445,
              42.011520541344083
            ],
            [
              58.746053573255892,
              42.011520541344083
            ],
            [
              58.745861897125643,
              42.011378135207728
            ],
            [
              58.635601518711766,
              42.010240280930574
            ],
            [
              58.630262007939159,
              42.004288975376959
            ],
            [
              58.62851077712115,
              42.004288975376959
            ],
            [
              58.627493943714249,
              42.003382287021992
            ],
            [
              58.549094389082711,
              42.002239941305874
            ],
            [
              58.54198258358047,
              41.996954646037985
            ],
            [
              58.536183681445102,
              41.991028969785731
            ],
            [
              58.498557958478862,
              41.993100434451485
            ],
            [
              58.491735786417699,
              41.993100434451485
            ],
            [
              58.488213372652943,
              41.991267759607695
            ],
            [
              58.478381066160509,
              41.983959615357733
            ],
            [
              58.424154210255708,
              41.970885159743688
            ],
            [
              58.420717708366567,
              41.943963100266572
            ],
            [
              58.419965711817262,
              41.91879328885593
            ],
            [
              58.417507221282072,
              41.918811673895298
            ],
            [
              58.417320582038982,
              41.917349514709812
            ],
            [
              58.113155619023843,
              41.920439296628423
            ],
            [
              58.114053726797131,
              42.029257865407985
            ],
            [
              58.114053726797131,
              42.046226389315208
            ],
            [
              58.076821920664479,
              42.047762399407496
            ],
            [
              58.070593286352022,
              42.040053095707421
            ],
            [
              58.069184388539199,
              42.0387451113426
            ],
            [
              58.066440863477055,
              42.027537441517197
            ],
            [
              58.066440863477055,
              42.026945134076435
            ],
            [
              58.059929966049182,
              42.01775474301499
            ],
            [
              58.055638373352188,
              42.011378135207728
            ],
            [
              58.026913296691802,
              42.002483990106363
            ],
            [
              58.001040206789561,
              41.993777634336219
            ],
            [
              57.999249450779196,
              41.980997074367259
            ],
            [
              57.997223019008949,
              41.955386094984355
            ],
            [
              57.76416017699681,
              41.956526353872647
            ]
          ]
        ]
      }
    },
    {
      "type": "Feature",
      "properties": {
        "name": "Saparmyrat Turkmenbasy",
        "admin_level": 2,
        "source_shape_id": "10190150B43921321162948"
      },
      "geometry": {
        "type": "Polygon",
        "coordinates": [
          [
            [
              57.999249450779196,
              41.980997074367259
            ],
            [
              58.001040206789561,
              41.993777634336219
            ],
            [
              58.026913296691802,
              42.002483990106363
            ],
            [
              58.056059807187964,
              42.012291859626259
            ],
            [
              58.059929966049182,
              42.01775474301499
            ],
            [
              58.066440863477055,
              42.026945134076435
            ],
            [
              58.066440863477055,
              42.027537441517197
            ],
            [
              58.066440863477055,
              42.036198093487137
            ],
            [
              58.069184388539199,
              42.0387451113426
            ],
            [
              58.070593286352022,
              42.040053095707421
            ],
            [
              58.076821920664479,
              42.047762399407496
            ],
            [
              58.114053726797131,
              42.046226389315208
            ],
            [
              58.114053726797131,
              42.029257865407985
            ],
            [
              58.113155619023843,
              41.920439296628423
            ],
            [
              58.417320582038982,
              41.917349514709812
            ],
            [
              58.417507221282072,
              41.918811673895298
            ],
            [
              58.420717708366567,
              41.943963100266572
            ],
            [
              58.424154210255708,
              41.970885159743688
            ],
            [
              58.424262913471637,
              41.971736756669557
            ],
            [
              58.476168196713807,
              41.985000781221018
            ],
            [
              58.488213372652943,
              41.991267759607695
            ],
            [
              58.491735786417699,
              41.993100434451485
            ],
            [
              58.492388597895427,
              41.993440085399065
            ],
            [
              58.498557958478862,
              41.993100434451485
            ],
            [
              58.536183681445102,
              41.991028969785731
            ],
            [
              58.54198258358047,
              41.996954646037985
            ],
            [
              58.549160002031073,
              42.004288975376959
            ],
            [
              58.62851077712115,
              42.004288975376959
            ],
            [
              58.630262007939159,
              42.004288975376959
            ],
            [
              58.635601518711766,
              42.010240280930574
            ],
            [
              58.636750168232119,
              42.011520541344083
            ],
            [
              58.746053573255892,
              42.011520541344083
            ],
            [
              58.750292976503445,
              42.011520541344083
            ],
            [
              58.761146942120448,
              42.021600346389185
            ],
            [
              58.763269297089415,
              42.023571324101717
            ],
            [
              58.787514794788763,
              42.020569365478771
            ],
            [
              58.792466019755288,
              42.019956329084685
            ],
            [
              58.815411330165375,
              42.029047020877613
            ],
            [
              58.816796621527743,
              42.029595858814147
            ],
            [
              58.82206123771671,
              42.029595858814147
            ],
            [
              58.839505183002331,
              42.029595858814147
            ],
            [
              58.863835784774736,
              42.039233927556403
            ],
            [
              58.868648784384909,
              42.176108951409176
            ],
            [
              58.8687019047699,
              42.177619621376202
            ],
            [
              58.877389617533275,
              42.177034326801788
            ],
            [
              58.886544346249352,
              42.17641756918173
            ],
            [
              58.889966516745105,
              42.181489298248067
            ],
            [
              58.894654546840137,
              42.188437058018174
            ],
            [
              58.94655983008235,
              42.189638881373746
            ],
            [
              58.955793096604673,
              42.195272034451023
            ],
            [
              58.974134512450405,
              42.206462007453887
            ],
            [
              58.974305759942261,
              42.208300795322529
            ],
            [
              58.977378593046055,
              42.241295662414387
            ],
            [
              58.93033942890073,
              42.270108980746656
            ],
            [
              58.931487141032243,
              42.27690171881089
            ],
            [
              58.935205549794198,
              42.298909133424822
            ],
            [
              58.942392755829616,
              42.308572697478397
            ],
            [
              58.953047991273642,
              42.322899203454682
            ],
            [
              58.957223816368511,
              42.327529843932375
            ],
            [
              58.966024311859606,
              42.337288856754746
            ],
            [
              59.00170919481846,
              42.325297708062351
            ],
            [
              59.00859107463215,
              42.332928408994363
            ],
            [
              59.021173675697433,
              42.346880129785085
            ],
            [
              58.993511865801224,
              42.385185768114731
            ],
            [
              58.979219028152002,
              42.404978264402921
            ],
            [
              58.956292070970967,
              42.43672715332491
            ],
            [
              58.956292070970967,
              42.446381456168915
            ],
            [
              58.956292070970967,
              42.492965727530546
            ],
            [
              58.962232311693647,
              42.498075499083065
            ],
            [
              58.966024311859606,
              42.501337362613477
            ],
            [
              58.970150820751705,
              42.528711142299514
            ],
            [
              58.97035677171047,
              42.530077347079065
            ],
            [
              58.970890431854748,
              42.533617457036108
            ],
            [
              58.941693710087165,
              42.544373782628611
            ],
            [
              58.918985148612585,
              42.556323082274211
            ],
            [
              58.878434145658517,
              42.581409165614545
            ],
            [
              58.670813010893184,
              42.75315619205751
            ],
            [
              58.630262007939159,
              42.7936383190236
            ],
            [
              58.625395887943988,
              42.786496337231945
            ],
            [
              58.618126799716634,
              42.781178165714081
            ],
            [
              58.597644090141237,
              42.760075966731868
            ],
            [
              58.58681285931717,
              42.741981248813381
            ],
            [
              58.583416048953538,
              42.709472892048005
            ],
            [
              58.587248772198691,
              42.6987714492384
            ],
            [
              58.56459369641609,
              42.664438701529434
            ],
            [
              58.541855304585852,
              42.653332833726679
            ],
            [
              58.474546157314293,
              42.651835119227954
            ],
            [
              58.433995154360254,
              42.661378269043531
            ],
            [
              58.401554351997028,
              42.672112561881974
            ],
            [
              58.372357629331141,
              42.679267727359679
            ],
            [
              58.338294787568387,
              42.685229736002753
            ],
            [
              58.317208265493292,
              42.69119117234483
            ],
            [
              58.288011543725744,
              42.69119117234483
            ],
            [
              58.229618099292246,
              42.678075256743639
            ],
            [
              58.189067096338221,
              42.647062995781525
            ],
            [
              58.142027933091192,
              42.629164269499128
            ],
            [
              58.146894053984667,
              42.612454147353155
            ],
            [
              58.190689136636038,
              42.587380555594486
            ],
            [
              58.250704621367333,
              42.557517886432535
            ],
            [
              58.300987864311708,
              42.54915377674152
            ],
            [
              58.354752224509078,
              42.488891864814356
            ],
            [
              58.379127950454851,
              42.456554349562047
            ],
            [
              58.382709696087709,
              42.44132703798946
            ],
            [
              58.425175723971158,
              42.396177920814431
            ],
            [
              58.433237128974056,
              42.374746480172163
            ],
            [
              58.447993364277472,
              42.363581866122921
            ],
            [
              58.456184198546495,
              42.348623899534928
            ],
            [
              58.467072779614917,
              42.334407917509971
            ],
            [
              58.480342401039479,
              42.322467294865312
            ],
            [
              58.48771019974351,
              42.307765391646569
            ],
            [
              58.477728111323202,
              42.29972009480457
            ],
            [
              58.466431076176562,
              42.300464041610404
            ],
            [
              58.453459635239199,
              42.297709390379715
            ],
            [
              58.438253501183645,
              42.303149305696763
            ],
            [
              58.422559241467312,
              42.293901508373636
            ],
            [
              58.404798431694381,
              42.298909133424822
            ],
            [
              58.401554351997028,
              42.325297708062351
            ],
            [
              58.404798431694381,
              42.351675217932602
            ],
            [
              58.373979669628973,
              42.422360272896761
            ],
            [
              58.346404988159208,
              42.43553003881722
            ],
            [
              58.319945458215145,
              42.445255930498774
            ],
            [
              58.28446333130411,
              42.463955324822834
            ],
            [
              58.241377889879445,
              42.463955324822834
            ],
            [
              58.213499075685391,
              42.467694533835498
            ],
            [
              58.193223574208389,
              42.46208563661682
            ],
            [
              58.166626976623334,
              42.476912420950576
            ],
            [
              58.095529395745075,
              42.497437312824523
            ],
            [
              58.043691751152224,
              42.50694274157587
            ],
            [
              57.993748263624731,
              42.49968810314941
            ],
            [
              57.979742382993344,
              42.49366426250586
            ],
            [
              57.965699781928066,
              42.482549571599399
            ],
            [
              57.949156704998082,
              42.477017364839973
            ],
            [
              57.934710931050127,
              42.46208563661682
            ],
            [
              57.911900992000774,
              42.443385683869842
            ],
            [
              57.904297679283736,
              42.426550952752891
            ],
            [
              57.906832116856087,
              42.409711699714094
            ],
            [
              57.923558521070959,
              42.378554203823754
            ],
            [
              57.921476985318776,
              42.356478908249201
            ],
            [
              57.91086538449683,
              42.327294151940869
            ],
            [
              57.830798986092688,
              42.218550862438903
            ],
            [
              57.843471174852709,
              42.203533302569035
            ],
            [
              57.817368088328536,
              42.195185286851746
            ],
            [
              57.798161009812809,
              42.185959288872859
            ],
            [
              57.772506919233955,
              42.186634280828365
            ],
            [
              57.718558964952067,
              42.171161692079941
            ],
            [
              57.692423115072899,
              42.17248020063046
            ],
            [
              57.665297499617033,
              42.162103111436366
            ],
            [
              57.641064548309267,
              42.166762733654643
            ],
            [
              57.613422501278038,
              42.166542921594548
            ],
            [
              57.552010841457424,
              42.171609134243823
            ],
            [
              57.506390963358712,
              42.179122153416209
            ],
            [
              57.453167771644665,
              42.177243982579718
            ],
            [
              57.334049201253201,
              42.149064721045896
            ],
            [
              57.247878319302131,
              42.096429855265747
            ],
            [
              57.207327317246403,
              42.068214621185369
            ],
            [
              57.194655128486424,
              42.047515475312942
            ],
            [
              57.189586253341737,
              42.024926893769901
            ],
            [
              57.176914064581723,
              41.996679877929331
            ],
            [
              57.146500812815361,
              41.968420319178527
            ],
            [
              57.220384739532854,
              41.965224315866195
            ],
            [
              57.227651479564052,
              41.977573267870561
            ],
            [
              57.39374838737632,
              41.972170895542277
            ],
            [
              57.400709214301649,
              41.979335726359956
            ],
            [
              57.404673448130154,
              41.98442601484787
            ],
            [
              57.405654567243822,
              41.98442601484787
            ],
            [
              57.407243760821672,
              41.986061783592589
            ],
            [
              57.499635166196505,
              41.985290146966115
            ],
            [
              57.504242607330255,
              41.987573200321698
            ],
            [
              57.50702580726157,
              41.992951790013173
            ],
            [
              57.524811568121777,
              41.993172103171517
            ],
            [
              57.559845295188623,
              41.993777634336219
            ],
            [
              57.593064676391755,
              42.005349656545128
            ],
            [
              57.616886769438189,
              42.00767108848494
            ],
            [
              57.664083737327651,
              42.013933447977379
            ],
            [
              57.699377654610238,
              42.021799785944367
            ],
            [
              57.760334466870077,
              41.959017427199129
            ],
            [
              57.995849678195846,
              41.956733022128496
            ],
            [
              57.999249450779196,
              41.980997074367259
            ]
          ]
        ]
      }
    },
    {
      "type": "Feature",
      "properties": {
        "name": "Boldumsaz",
        "admin_level": 2,
        "source_shape_id": "10190150B19279847457631"
      },
      "geometry": {
        "type": "Polygon",
        "coordinates": [
          [
            [
              59.39567381492153,
              42.298513807278205
            ],
            [
              59.399615909845195,
              42.291710329769195
            ],
            [
              59.413804579539821,
              42.281213629620098
            ],
            [
              59.42225020669693,
              42.278089416194199
            ],
            [
              59.416101222407484,
              42.245096456074563
            ],
            [
              59.410581128719699,
              42.23283562439692
            ],
            [
              59.409753661032866,
              42.227935023592217
            ],
            [
              59.400951964393911,
              42.214897403411797
            ],
            [
              59.396117022119213,
              42.206393070687824
            ],
            [
              59.393166250471687,
              42.203364719985487
            ],
            [
              59.3920125971282,
              42.201655856941322
            ],
            [
              59.378323460812624,
              42.188131696946797
            ],
            [
              59.316180221864499,
              42.124354643418492
            ],
            [
              59.313548287147825,
              42.123866574692258
            ],
            [
              59.3136524067476,
              42.123094217998755
            ],
            [
              59.314200269401269,
              42.123094217998755
            ],
            [
              59.317028460182406,
              42.10474247341751
            ],
            [
              59.32235206036794,
              42.09921243231571
            ],
            [
              59.327943757528075,
              42.094026223201119
            ],
            [
              59.328035899351576,
              42.093308182916793
            ],
            [
              59.328651655124808,
              42.092668549094569
            ],
            [
              59.328651655124808,
              42.088509738152993
            ],
            [
              59.330201123322368,
              42.076435084723137
            ],
            [
              59.336121710293511,
              42.064715421959093
            ],
            [
              59.366757629826743,
              42.067935380380447
            ],
            [
              59.372853395223807,
              42.079054160119149
            ],
            [
              59.372856714028636,
              42.079063654412941
            ],
            [
              59.374353402978933,
              42.083345317646852
            ],
            [
              59.382781127647263,
              42.091998216002004
            ],
            [
              59.38874442380687,
              42.099962629486328
            ],
            [
              59.394505544212493,
              42.108897774036009
            ],
            [
              59.420102831855594,
              42.106448452314488
            ],
            [
              59.432563600082226,
              42.105832145580088
            ],
            [
              59.432478562373078,
              42.105264258660888
            ],
            [
              59.434680283318201,
              42.105053583099838
            ],
            [
              59.430289257123981,
              42.088689873955296
            ],
            [
              59.490075188164226,
              42.038860658006563
            ],
            [
              59.490083758122189,
              42.038749242729182
            ],
            [
              59.490855666940952,
              42.038104542188599
            ],
            [
              59.492793929559085,
              42.037108868676718
            ],
            [
              59.492812269494962,
              42.037100138547537
            ],
            [
              59.664440693806419,
              41.949522275722529
            ],
            [
              59.736189424806568,
              41.946557652859383
            ],
            [
              59.754437185243887,
              41.945803641952537
            ],
            [
              59.757038121438356,
              41.941657327771651
            ],
            [
              59.768457709312727,
              41.923453691986964
            ],
            [
              59.772178249148553,
              41.917521508385221
            ],
            [
              59.762450155144101,
              41.903041878717865
            ],
            [
              59.753113269737696,
              41.884936874937758
            ],
            [
              59.758561624699446,
              41.874119345912717
            ],
            [
              59.769884106423127,
              41.868731255599897
            ],
            [
              59.813263392167158,
              41.854046157032244
            ],
            [
              59.815263689674929,
              41.853368918804051
            ],
            [
              59.817165478227231,
              41.837784268557755
            ],
            [
              59.817798127247265,
              41.832599878477204
            ],
            [
              59.815263689674929,
              41.808045957937772
            ],
            [
              59.805125939385583,
              41.789151920384029
            ],
            [
              59.789432089485103,
              41.769645328356511
            ],
            [
              59.785437662118227,
              41.757591187748332
            ],
            [
              59.782042285091698,
              41.76084125316769
            ],
            [
              59.758828321045613,
              41.764304358228387
            ],
            [
              59.735891240963959,
              41.747974918993634
            ],
            [
              59.673176387261506,
              41.698570238803974
            ],
            [
              59.666010876159497,
              41.691143103690898
            ],
            [
              59.674154577349029,
              41.667602098491805
            ],
            [
              59.697887544609145,
              41.662536542977541
            ],
            [
              59.701516636896109,
              41.661761879714895
            ],
            [
              59.733179979233846,
              41.659133522012787
            ],
            [
              59.761248486612558,
              41.668453177280881
            ],
            [
              59.76444291689527,
              41.668236240138484
            ],
            [
              59.794988188197912,
              41.669991412648351
            ],
            [
              59.802365419650251,
              41.665660882828355
            ],
            [
              59.804809134127581,
              41.66549492759107
            ],
            [
              59.824609428615936,
              41.653660572201481
            ],
            [
              59.851695930870356,
              41.649162946909108
            ],
            [
              59.860630163406668,
              41.649162946909108
            ],
            [
              59.864210017592647,
              41.662536542977541
            ],
            [
              59.871021318961311,
              41.661971136750481
            ],
            [
              59.871021318961311,
              41.662418204690709
            ],
            [
              59.877753109110664,
              41.661412330750906
            ],
            [
              59.899850547132672,
              41.659578022094827
            ],
            [
              59.90978620212217,
              41.656608685421958
            ],
            [
              59.933601211643023,
              41.652502392032616
            ],
            [
              59.955291371161088,
              41.650701643194139
            ],
            [
              59.986971842162752,
              41.647742578597608
            ],
            [
              59.99267429185911,
              41.647269109380794
            ],
            [
              60.074889439255692,
              41.649130762841395
            ],
            [
              60.085973314604537,
              41.668453177280881
            ],
            [
              60.13349402065792,
              41.662536542977541
            ],
            [
              60.141730269408846,
              41.658140981735208
            ],
            [
              60.154878338741263,
              41.656737713967409
            ],
            [
              60.078845208876167,
              41.728653570429799
            ],
            [
              60.07124189526084,
              41.755128616442832
            ],
            [
              60.078845208876167,
              41.787262210793088
            ],
            [
              60.078845208876167,
              41.815602013110237
            ],
            [
              60.157412776313613,
              41.796710204280259
            ],
            [
              60.195429341695288,
              41.794820716477211
            ],
            [
              60.225842593461671,
              41.779702813267804
            ],
            [
              60.249058042810056,
              41.772444952685603
            ],
            [
              60.278254765475971,
              41.778493226852028
            ],
            [
              60.283120885471121,
              41.790588063378046
            ],
            [
              60.275010684880321,
              41.808726039796142
            ],
            [
              60.244191922814913,
              41.830484834211354
            ],
            [
              60.195530719270053,
              41.853444430603759
            ],
            [
              60.159845836311177,
              41.875188026772555
            ],
            [
              60.142003395730065,
              41.892094600234394
            ],
            [
              60.12091687365497,
              41.919859973663357
            ],
            [
              60.106318512771189,
              41.956057530102981
            ],
            [
              60.086854031892216,
              41.992234538758787
            ],
            [
              60.052791189231158,
              42.022366348544679
            ],
            [
              60.031704667156106,
              42.04646152003815
            ],
            [
              60.026838547160921,
              42.217274508823486
            ],
            [
              60.005752025984172,
              42.240094822234127
            ],
            [
              59.910051659192284,
              42.309705796658953
            ],
            [
              59.864634535344791,
              42.32649692549132
            ],
            [
              59.81435129240041,
              42.333691751810399
            ],
            [
              59.793264770325322,
              42.334890810042438
            ],
            [
              59.762446008259936,
              42.320500608069999
            ],
            [
              59.684588082947506,
              42.321699917609408
            ],
            [
              59.660257481175066,
              42.313304272594223
            ],
            [
              59.611596277630241,
              42.309705796658953
            ],
            [
              59.579155475267008,
              42.308506258849341
            ],
            [
              59.395864942274081,
              42.312104803864855
            ],
            [
              59.392634688960406,
              42.306006887093481
            ],
            [
              59.39567381492153,
              42.298513807278205
            ]
          ]
        ]
      }
    },
    {
      "type": "Feature",
      "properties": {
        "name": "S.A. Nyyazow",
        "admin_level": 2,
        "source_shape_id": "10190150B78263811448824"
      },
      "geometry": {
        "type": "Polygon",
        "coordinates": [
          [
            [
              57.448098896499985,
              40.031013509262394
            ],
            [
              57.553062189386303,
              40.026784681617897
            ],
            [
              57.624040307661936,
              40.026784681617897
            ],
            [
              57.84583515874268,
              40.014989258738808
            ],
            [
              57.848540049997361,
              40.014880282366228
            ],
            [
              57.867471260976885,
              40.020057917127509
            ],
            [
              57.868340344485716,
              40.030043197089128
            ],
            [
              57.927741227052451,
              40.033075375920326
            ],
            [
              57.953481444965334,
              40.028148007599121
            ],
            [
              57.961904370114866,
              40.027825525677891
            ],
            [
              58.014862522980863,
              40.045202742276608
            ],
            [
              58.039089525310857,
              40.053761600997845
            ],
            [
              58.046542993982541,
              40.05732795126989
            ],
            [
              58.05120410574046,
              40.058041411638541
            ],
            [
              58.066343288470897,
              40.063389746706157
            ],
            [
              58.101983818010957,
              40.069451003432945
            ],
            [
              58.161384701475988,
              40.08763153632809
            ],
            [
              58.248505996506069,
              40.08460178472928
            ],
            [
              58.33958735007451,
              40.063389746706157
            ],
            [
              58.350320338444185,
              40.090046655375176
            ],
            [
              58.353027960358986,
              40.098370507097052
            ],
            [
              58.355427586024518,
              40.114893234400505
            ],
            [
              58.358921559871526,
              40.116488785791077
            ],
            [
              58.359387644562865,
              40.117921637194506
            ],
            [
              58.368224437462558,
              40.120737020015689
            ],
            [
              58.401047464123231,
              40.135725920369424
            ],
            [
              58.41338434537289,
              40.134546896385764
            ],
            [
              58.446508940491249,
              40.142144007301837
            ],
            [
              58.490069588006328,
              40.123978039132993
            ],
            [
              58.557390588548053,
              40.09066115340238
            ],
            [
              58.624711589089792,
              40.102778272265411
            ],
            [
              58.641319289202428,
              40.096914535562441
            ],
            [
              58.64181904337682,
              40.096962324502428
            ],
            [
              58.677988324138781,
              40.084510176925455
            ],
            [
              58.735593238044878,
              40.081571897918387
            ],
            [
              58.897955651591708,
              40.060358916239217
            ],
            [
              58.950027138349732,
              40.04707284260261
            ],
            [
              58.967944611171099,
              40.053307045450865
            ],
            [
              58.976539432226573,
              40.059885675488083
            ],
            [
              58.979362253682645,
              40.118873797296793
            ],
            [
              58.977156829545116,
              40.139116683036953
            ],
            [
              58.98413385576967,
              40.219043564306091
            ],
            [
              58.986502568486131,
              40.275091844444432
            ],
            [
              58.989026456533722,
              40.275091844444432
            ],
            [
              58.989037006058474,
              40.275212696879976
            ],
            [
              58.995056144878944,
              40.275091844444432
            ],
            [
              59.130965516397602,
              40.275091844444432
            ],
            [
              59.206998646262676,
              40.379428191107927
            ],
            [
              59.238574555086309,
              40.420774906423681
            ],
            [
              59.266241127098745,
              40.46227493986359
            ],
            [
              59.293251549160495,
              40.471614997771582
            ],
            [
              59.310218957340446,
              40.478448475599308
            ],
            [
              59.317721892588779,
              40.498420550631273
            ],
            [
              59.488382030782503,
              40.641652145851381
            ],
            [
              59.495924542085639,
              40.649178257555867
            ],
            [
              59.536475545039664,
              40.685703534805519
            ],
            [
              59.547691134326577,
              40.69952115981333
            ],
            [
              59.6068061901424,
              40.861800536898222
            ],
            [
              59.618686367554083,
              40.942614876700212
            ],
            [
              59.662247015069106,
              40.996436236443586
            ],
            [
              59.717687839097486,
              41.089025644618964
            ],
            [
              59.804809134127581,
              41.276789709611798
            ],
            [
              59.812729252102578,
              41.339258068324746
            ],
            [
              59.852329841079289,
              41.413547113244739
            ],
            [
              59.856289899617643,
              41.449175713310034
            ],
            [
              59.856289899617643,
              41.475189191914403
            ],
            [
              59.843142503868968,
              41.47659640915829
            ],
            [
              59.840985730892676,
              41.478750831030077
            ],
            [
              59.831694617331578,
              41.48049107511337
            ],
            [
              59.822183233879635,
              41.475296647013415
            ],
            [
              59.812729252102578,
              41.469000494108002
            ],
            [
              59.788375823985476,
              41.456833490646282
            ],
            [
              59.782130568298648,
              41.45342278474898
            ],
            [
              59.754993524094395,
              41.462337834380136
            ],
            [
              59.751899775100071,
              41.463354191416784
            ],
            [
              59.751090377803926,
              41.463620094254694
            ],
            [
              59.7514357360132,
              41.466208075680676
            ],
            [
              59.7493683100992,
              41.466982679645362
            ],
            [
              59.748876937927008,
              41.499424565346423
            ],
            [
              59.726092793102701,
              41.500565679041934
            ],
            [
              59.726053821070757,
              41.501733044488056
            ],
            [
              59.724023933477497,
              41.501276984784312
            ],
            [
              59.721489495905161,
              41.556299767994744
            ],
            [
              59.718942246950711,
              41.556473048881571
            ],
            [
              59.690671456657817,
              41.550497687176851
            ],
            [
              59.688541805668137,
              41.544919583494952
            ],
            [
              59.664280184092945,
              41.544919583494952
            ],
            [
              59.642097431405226,
              41.540230999640656
            ],
            [
              59.635318614852416,
              41.537331680602776
            ],
            [
              59.626525739471788,
              41.545009514903391
            ],
            [
              59.620485057959264,
              41.547044036687552
            ],
            [
              59.620383956216486,
              41.550372447061889
            ],
            [
              59.620111988520058,
              41.559326002929467
            ],
            [
              59.619446952240516,
              41.581219924748346
            ],
            [
              59.619446952240516,
              41.634001648073756
            ],
            [
              59.620111988520058,
              41.646426257175328
            ],
            [
              59.620111988520058,
              41.6516270117218
            ],
            [
              59.618955160498402,
              41.653277155625943
            ],
            [
              59.618686367554083,
              41.653660572201481
            ],
            [
              59.620111988520058,
              41.654070213513336
            ],
            [
              59.620111988520058,
              41.65863126651719
            ],
            [
              59.608309455409248,
              41.649488382609157
            ],
            [
              59.235244796975756,
              41.360492212869588
            ],
            [
              59.174050956923978,
              41.313088136962534
            ],
            [
              59.174050956923978,
              41.311007661050439
            ],
            [
              59.174050956923978,
              40.935076383292056
            ],
            [
              59.054932385634203,
              40.785565134420722
            ],
            [
              59.05247821612577,
              40.785565134420722
            ],
            [
              58.471034933922844,
              40.785565134420722
            ],
            [
              58.466942843698959,
              40.785565134420722
            ],
            [
              58.472833933945388,
              40.417008232868561
            ],
            [
              58.474546157314293,
              40.309888546492971
            ],
            [
              58.319945458215145,
              40.296358624593701
            ],
            [
              58.198292449353033,
              40.307955866632113
            ],
            [
              58.196776785754523,
              40.307876150863265
            ],
            [
              58.051295063869262,
              40.300224593271743
            ],
            [
              58.047005002223919,
              40.298588557934465
            ],
            [
              58.031019563290549,
              40.292492435048835
            ],
            [
              57.815592359760331,
              40.294425557343317
            ],
            [
              57.810579293869843,
              40.305895439600718
            ],
            [
              57.810523484615686,
              40.306023131035076
            ],
            [
              57.694770147177174,
              40.304104113735704
            ],
            [
              57.693939351796551,
              40.304090340390218
            ],
            [
              57.695532375272109,
              40.331407428278467
            ],
            [
              57.699008226941238,
              40.391011161047473
            ],
            [
              57.611041868122904,
              40.388673896787587
            ],
            [
              57.481046585838683,
              40.385219924936102
            ],
            [
              57.481046585838683,
              40.284759392002513
            ],
            [
              57.480018450080522,
              40.283347464088052
            ],
            [
              57.468374397977001,
              40.267356811032833
            ],
            [
              57.468374397977001,
              40.063995896769505
            ],
            [
              57.448836840293502,
              40.032213930775214
            ],
            [
              57.448098896499985,
              40.031013509262394
            ]
          ]
        ]
      }
    },
    {
      "type": "Feature",
      "properties": {
        "name": "Gorogly",
        "admin_level": 2,
        "source_shape_id": "10190150B22032040795574"
      },
      "geometry": {
        "type": "Polygon",
        "coordinates": [
          [
            [
              60.141730269408846,
              41.658140981735208
            ],
            [
              60.13349402065792,
              41.662536542977541
            ],
            [
              60.085973314604537,
              41.668453177280881
            ],
            [
              60.074889439255692,
              41.649130762841395
            ],
            [
              60.074093138091179,
              41.647742578597608
            ],
            [
              60.022612372601117,
              41.644783377739735
            ],
            [
              59.99267429185911,
              41.647269109380794
            ],
            [
              59.986971842162752,
              41.647742578597608
            ],
            [
              59.955291371161088,
              41.650701643194139
            ],
            [
              59.933601211643023,
              41.652502392032616
            ],
            [
              59.919650841621028,
              41.653660572201481
            ],
            [
              59.90978620212217,
              41.656608685421958
            ],
            [
              59.899850547132672,
              41.659578022094827
            ],
            [
              59.877753109110664,
              41.661412330750906
            ],
            [
              59.871021318961311,
              41.661971136750481
            ],
            [
              59.864210017592647,
              41.662536542977541
            ],
            [
              59.860630163406668,
              41.649162946909108
            ],
            [
              59.860249958155997,
              41.647742578597608
            ],
            [
              59.851695930870356,
              41.649162946909108
            ],
            [
              59.824609428615936,
              41.653660572201481
            ],
            [
              59.804809134127581,
              41.66549492759107
            ],
            [
              59.802365419650251,
              41.665660882828355
            ],
            [
              59.76444291689527,
              41.668236240138484
            ],
            [
              59.761248486612558,
              41.668453177280881
            ],
            [
              59.733179979233846,
              41.659133522012787
            ],
            [
              59.725607957072498,
              41.656619364944369
            ],
            [
              59.701516636896109,
              41.661761879714895
            ],
            [
              59.697887544609145,
              41.662536542977541
            ],
            [
              59.674154577349029,
              41.667602098491805
            ],
            [
              59.670167132145814,
              41.668453177280881
            ],
            [
              59.67006655090114,
              41.668424276027324
            ],
            [
              59.649283636511463,
              41.662452873859714
            ],
            [
              59.625674664919387,
              41.655668606152069
            ],
            [
              59.620111988520058,
              41.654070213513336
            ],
            [
              59.618686367554083,
              41.653660572201481
            ],
            [
              59.618955160498402,
              41.653277155625943
            ],
            [
              59.620111988520058,
              41.6516270117218
            ],
            [
              59.620111988520058,
              41.646426257175328
            ],
            [
              59.619446952240516,
              41.634001648073756
            ],
            [
              59.619446952240516,
              41.581219924748346
            ],
            [
              59.620111988520058,
              41.559326002929467
            ],
            [
              59.620383956216486,
              41.550372447061889
            ],
            [
              59.620485057959264,
              41.547044036687552
            ],
            [
              59.626525739471788,
              41.545009514903391
            ],
            [
              59.641247171435793,
              41.540051287265875
            ],
            [
              59.642097431405226,
              41.540230999640656
            ],
            [
              59.664280184092945,
              41.544919583494952
            ],
            [
              59.690671456657817,
              41.550497687176851
            ],
            [
              59.718942246950711,
              41.556473048881571
            ],
            [
              59.724189323202772,
              41.557582079728377
            ],
            [
              59.726053821070757,
              41.501733044488056
            ],
            [
              59.726092793102701,
              41.500565679041934
            ],
            [
              59.748876937927008,
              41.499424565346423
            ],
            [
              59.7493683100992,
              41.466982679645362
            ],
            [
              59.7514357360132,
              41.466208075680676
            ],
            [
              59.751090377803926,
              41.463620094254694
            ],
            [
              59.751899775100071,
              41.463354191416784
            ],
            [
              59.754993524094395,
              41.462337834380136
            ],
            [
              59.782130568298648,
              41.45342278474898
            ],
            [
              59.788375823985476,
              41.456833490646282
            ],
            [
              59.822183233879635,
              41.475296647013415
            ],
            [
              59.831694617331578,
              41.48049107511337
            ],
            [
              59.840985730892676,
              41.478750831030077
            ],
            [
              59.856289899617643,
              41.475884329733084
            ],
            [
              59.856289899617643,
              41.475189191914403
            ],
            [
              59.856289899617643,
              41.449175713310034
            ],
            [
              59.852329841079289,
              41.413547113244739
            ],
            [
              59.812729252102578,
              41.339258068324746
            ],
            [
              59.804809134127581,
              41.276789709611798
            ],
            [
              59.717687839097486,
              41.089025644618964
            ],
            [
              59.662247015069106,
              40.996436236443586
            ],
            [
              59.618686367554083,
              40.942614876700212
            ],
            [
              59.6068061901424,
              40.861800536898222
            ],
            [
              59.547691134326577,
              40.69952115981333
            ],
            [
              59.543445248139022,
              40.687865588213491
            ],
            [
              59.488382030782503,
              40.641652145851381
            ],
            [
              59.317721892588779,
              40.498420550631273
            ],
            [
              59.310218957340446,
              40.478448475599308
            ],
            [
              59.309801774613774,
              40.477337976248947
            ],
            [
              59.293251549160495,
              40.471614997771582
            ],
            [
              59.266241127098745,
              40.46227493986359
            ],
            [
              59.238574555086309,
              40.420774906423681
            ],
            [
              59.139519243091947,
              40.272191310367063
            ],
            [
              58.995056144878944,
              40.275091844444432
            ],
            [
              58.989037006058474,
              40.275212696879976
            ],
            [
              58.989026456533722,
              40.275091844444432
            ],
            [
              58.98413385576967,
              40.219043564306091
            ],
            [
              58.977156829545116,
              40.139116683036953
            ],
            [
              58.979362253682645,
              40.118873797296793
            ],
            [
              58.985076947520128,
              40.066420442668331
            ],
            [
              58.976539432226573,
              40.059885675488083
            ],
            [
              58.967944611171099,
              40.053307045450865
            ],
            [
              58.957356535056775,
              40.045202742276608
            ],
            [
              58.965276653031772,
              40.017913134941665
            ],
            [
              58.96821658377273,
              39.988626377293009
            ],
            [
              58.977156829545116,
              39.942051392125727
            ],
            [
              59.107838772090247,
              39.896493927232747
            ],
            [
              59.196969531218414,
              39.894884879051304
            ],
            [
              59.297921598100416,
              39.89953203452572
            ],
            [
              59.94341119464773,
              39.89953203452572
            ],
            [
              59.955100385607224,
              39.560906909919815
            ],
            [
              59.957414793734799,
              39.548413620696032
            ],
            [
              59.969120606470717,
              39.510041779293154
            ],
            [
              60.005322332351078,
              39.502061178045594
            ],
            [
              60.028458830353919,
              39.501121588873545
            ],
            [
              60.059427451690141,
              39.50794856223078
            ],
            [
              60.062212961577835,
              39.509560472588809
            ],
            [
              60.161214433121273,
              39.52788960486486
            ],
            [
              60.204775080636296,
              39.52788960486486
            ],
            [
              60.209867173348073,
              39.520634811517162
            ],
            [
              60.214357938879715,
              39.520139950012215
            ],
            [
              60.237798290442647,
              39.486981871965426
            ],
            [
              60.245112001594912,
              39.470420889662471
            ],
            [
              60.256255846126365,
              39.454544059889201
            ],
            [
              60.256804662130023,
              39.443944325280185
            ],
            [
              60.2600311270809,
              39.381628955508091
            ],
            [
              60.373311472355788,
              39.38600661630079
            ],
            [
              60.47794047227891,
              39.39335815288397
            ],
            [
              60.478019143138248,
              39.393363680526413
            ],
            [
              60.478019143138248,
              39.475944502878917
            ],
            [
              60.476101863051873,
              39.481492419853723
            ],
            [
              60.462178907188218,
              39.521780431878817
            ],
            [
              60.463854974109225,
              39.547626834852657
            ],
            [
              60.466138966624889,
              39.582847976806733
            ],
            [
              60.461349582517947,
              39.593919375228843
            ],
            [
              60.454258790111545,
              39.610310833108777
            ],
            [
              60.456773727173712,
              39.778550377802446
            ],
            [
              60.458218848649892,
              39.87522340506699
            ],
            [
              60.453419972380061,
              39.881667413235746
            ],
            [
              60.442378613598187,
              39.896493927232747
            ],
            [
              60.445127319524843,
              40.029163955677994
            ],
            [
              60.445127776371194,
              40.029242773508926
            ],
            [
              60.439692557150344,
              40.123213202580139
            ],
            [
              60.403755449142793,
              40.220724267621186
            ],
            [
              60.188934845584626,
              40.214759315682571
            ],
            [
              60.188934845584626,
              40.215889063604941
            ],
            [
              60.188934845584626,
              40.903716594845498
            ],
            [
              60.648301674660075,
              40.91269515342956
            ],
            [
              60.914503551955264,
              40.915568959630363
            ],
            [
              60.925493622026934,
              40.915776603823332
            ],
            [
              60.915876433669496,
              40.985982607840533
            ],
            [
              60.912586423480072,
              41.007509879048541
            ],
            [
              60.90570550121199,
              41.041253828685385
            ],
            [
              60.912903707100661,
              41.053013523743992
            ],
            [
              60.9266028057489,
              41.104652673115176
            ],
            [
              60.93270706381869,
              41.169015773925679
            ],
            [
              60.951019838926371,
              41.247086048444793
            ],
            [
              60.951961934812594,
              41.246820394174073
            ],
            [
              60.953226208163699,
              41.264884188753733
            ],
            [
              60.838384500670251,
              41.25297649732439
            ],
            [
              60.810664088206899,
              41.267860772696878
            ],
            [
              60.727502852613462,
              41.264884188753733
            ],
            [
              60.687902263636779,
              41.249999235223036
            ],
            [
              60.65622179263508,
              41.2440443042792
            ],
            [
              60.600780968606699,
              41.226176254260714
            ],
            [
              60.541380085141626,
              41.223197770640297
            ],
            [
              60.474059084599901,
              41.232132813444359
            ],
            [
              60.450298730674895,
              41.249999235223036
            ],
            [
              60.390897848108153,
              41.300594236439395
            ],
            [
              60.359217377106454,
              41.315467655981145
            ],
            [
              60.315656729591396,
              41.342231259443651
            ],
            [
              60.27605614061472,
              41.333311279860339
            ],
            [
              60.244375669613007,
              41.345204314474245
            ],
            [
              60.200815022097984,
              41.363039794152357
            ],
            [
              60.153294315146276,
              41.398696092847246
            ],
            [
              60.109733667631204,
              41.422456096399976
            ],
            [
              60.109733667631204,
              41.520374243476212
            ],
            [
              60.137454080094571,
              41.544089699674913
            ],
            [
              60.153294315146276,
              41.561870586473574
            ],
            [
              60.188934845584626,
              41.579646581704232
            ],
            [
              60.196854962661298,
              41.603340299629153
            ],
            [
              60.173094609634617,
              41.627025320629251
            ],
            [
              60.161214433121273,
              41.647742578597608
            ],
            [
              60.141730269408846,
              41.658140981735208
            ]
          ]
        ]
      }
    },
    {
      "type": "Feature",
      "properties": {
        "name": "Ak Bugday",
        "admin_level": 2,
        "source_shape_id": "10190150B31923585689840"
      },
      "geometry": {
        "type": "Polygon",
        "coordinates": [
          [
            [
              58.950027138349732,
              40.04707284260261
            ],
            [
              58.897955651591708,
              40.060358916239217
            ],
            [
              58.735593238044878,
              40.081571897918387
            ],
            [
              58.677988324138781,
              40.084510176925455
            ],
            [
              58.676192354579847,
              40.08460178472928
            ],
            [
              58.641319289202428,
              40.096914535562441
            ],
            [
              58.624711589089792,
              40.102778272265411
            ],
            [
              58.557390588548053,
              40.09066115340238
            ],
            [
              58.490069588006328,
              40.123978039132993
            ],
            [
              58.446508940491249,
              40.142144007301837
            ],
            [
              58.41338434537289,
              40.134546896385764
            ],
            [
              58.406908351514581,
              40.133061630121901
            ],
            [
              58.368224437462558,
              40.120737020015689
            ],
            [
              58.359387644562865,
              40.117921637194506
            ],
            [
              58.358921559871526,
              40.116488785791077
            ],
            [
              58.353027960358986,
              40.098370507097052
            ],
            [
              58.350320338444185,
              40.090046655375176
            ],
            [
              58.33958735007451,
              40.063389746706157
            ],
            [
              58.248505996506069,
              40.08460178472928
            ],
            [
              58.161384701475988,
              40.08763153632809
            ],
            [
              58.101983818010957,
              40.069451003432945
            ],
            [
              58.066343288470897,
              40.063389746706157
            ],
            [
              58.05120410574046,
              40.058041411638541
            ],
            [
              58.039089525310857,
              40.053761600997845
            ],
            [
              58.014862522980863,
              40.045202742276608
            ],
            [
              57.961904370114866,
              40.027825525677891
            ],
            [
              57.959421698054157,
              40.027010883780321
            ],
            [
              57.953481444965334,
              40.028148007599121
            ],
            [
              57.927741227052451,
              40.033075375920326
            ],
            [
              57.868340344485716,
              40.030043197089128
            ],
            [
              57.867471260976885,
              40.020057917127509
            ],
            [
              57.866384402193432,
              40.00757052193336
            ],
            [
              57.864380285049066,
              39.984544344864062
            ],
            [
              57.866384402193432,
              39.964575911798661
            ],
            [
              57.868340344485716,
              39.945087478773154
            ],
            [
              57.875859038500778,
              39.913376186172883
            ],
            [
              57.876260462460714,
              39.911683116522106
            ],
            [
              57.880220520999075,
              39.856986276938564
            ],
            [
              57.880286521920702,
              39.854500979990419
            ],
            [
              57.884180579537421,
              39.707868338024397
            ],
            [
              57.884180579537421,
              39.622513051562244
            ],
            [
              57.882756220233667,
              39.596167983393563
            ],
            [
              57.880504464398975,
              39.554519320161198
            ],
            [
              57.880220520999075,
              39.549267479416557
            ],
            [
              57.883205682164814,
              39.549153800762213
            ],
            [
              58.200985289554396,
              39.537052357610584
            ],
            [
              58.201659744475407,
              39.537572494528817
            ],
            [
              58.204945348991046,
              39.540106339496155
            ],
            [
              58.204596603685694,
              39.537416297123734
            ],
            [
              58.200985289554396,
              39.509560472588809
            ],
            [
              58.18118499506604,
              39.460659143297406
            ],
            [
              58.17789086020521,
              39.40722576428913
            ],
            [
              58.177224936527693,
              39.396423974515898
            ],
            [
              58.173264877989332,
              39.356629676904106
            ],
            [
              58.179811996345094,
              39.321182546608696
            ],
            [
              58.18118499506604,
              39.313748915213601
            ],
            [
              58.211917850908428,
              39.266176961710002
            ],
            [
              58.212865466067719,
              39.264710130754615
            ],
            [
              58.211165472808524,
              39.250883829022797
            ],
            [
              58.204945348991046,
              39.20029462330406
            ],
            [
              58.18118499506604,
              39.114315322128888
            ],
            [
              58.175728134044441,
              39.035106569234173
            ],
            [
              58.173123141943748,
              38.997293955942361
            ],
            [
              58.172948072731373,
              38.994752748840433
            ],
            [
              58.185620261491351,
              38.917889871737977
            ],
            [
              58.216033513257742,
              38.829098375860752
            ],
            [
              58.214679108550662,
              38.825177990990333
            ],
            [
              58.198292449353033,
              38.777746074622115
            ],
            [
              58.183085823919008,
              38.74612626650103
            ],
            [
              58.183477324091726,
              38.731154387769756
            ],
            [
              58.185620261491351,
              38.649203468940478
            ],
            [
              58.188154699063688,
              38.595740918298034
            ],
            [
              58.195758011780725,
              38.577911212862851
            ],
            [
              58.204035523741027,
              38.554176884521034
            ],
            [
              58.210437644636748,
              38.53581991443729
            ],
            [
              58.210964638113055,
              38.534308852144576
            ],
            [
              58.375703087501542,
              38.536291351664488
            ],
            [
              58.385040611412904,
              38.538725763152151
            ],
            [
              58.428926278317284,
              38.550167315823913
            ],
            [
              58.454270655837277,
              38.560077080267433
            ],
            [
              58.454517556612046,
              38.551825101014693
            ],
            [
              58.461873968554308,
              38.305957266948099
            ],
            [
              58.435650323469503,
              38.280963863734208
            ],
            [
              58.426391840744934,
              38.272139728449588
            ],
            [
              58.375703087501542,
              38.250249396795034
            ],
            [
              58.355427586024518,
              38.244278161339679
            ],
            [
              58.327545026641197,
              38.231395003876813
            ],
            [
              58.31234214549815,
              38.224370501249112
            ],
            [
              58.256584516211767,
              38.170592602182545
            ],
            [
              58.240744353879137,
              38.136336206912304
            ],
            [
              58.236309014734751,
              38.126744213617215
            ],
            [
              58.213018395161889,
              38.09772765529322
            ],
            [
              58.20589576296836,
              38.088853942345509
            ],
            [
              58.144254881014746,
              38.04218921804722
            ],
            [
              58.140000383392632,
              38.038968385504411
            ],
            [
              58.11289966953931,
              38.038968385504411
            ],
            [
              58.104518255583294,
              38.038968385504411
            ],
            [
              58.069036127773927,
              38.03697225608083
            ],
            [
              58.066420574571602,
              38.034225230568353
            ],
            [
              58.054591591259395,
              38.02180165649753
            ],
            [
              58.053829502339902,
              38.021001260733158
            ],
            [
              58.04115731357988,
              37.987051334833794
            ],
            [
              58.04115731357988,
              37.95908077166375
            ],
            [
              58.042369819006062,
              37.959186991027025
            ],
            [
              58.0867771916786,
              37.96307721926707
            ],
            [
              58.091527461911298,
              37.965365578222375
            ],
            [
              58.132397069777305,
              37.98505379143522
            ],
            [
              58.173882268335035,
              37.971588854674344
            ],
            [
              58.175482510303681,
              37.971069460826442
            ],
            [
              58.172948072731373,
              37.941094067966823
            ],
            [
              58.14760369610967,
              37.917104946440979
            ],
            [
              58.083303659821269,
              37.915226167796035
            ],
            [
              58.079173878961605,
              37.915105499993416
            ],
            [
              58.044533873222079,
              37.856521623406898
            ],
            [
              58.043691751152224,
              37.855096829546859
            ],
            [
              58.036384703341859,
              37.847264922699082
            ],
            [
              58.00820962334285,
              37.817066050636448
            ],
            [
              58.009529104869465,
              37.816759455143234
            ],
            [
              58.051295063869262,
              37.807054692673475
            ],
            [
              58.145069258537333,
              37.785024927220249
            ],
            [
              58.195758011780725,
              37.732928462720324
            ],
            [
              58.203361325396045,
              37.664746973769901
            ],
            [
              58.309807707925813,
              37.634646974014593
            ],
            [
              58.373168649929227,
              37.620596133318521
            ],
            [
              58.540441536890043,
              37.620596133318521
            ],
            [
              58.563251475939403,
              37.634646974014593
            ],
            [
              58.64435348184746,
              37.636654020142444
            ],
            [
              58.687438922373822,
              37.624610929798287
            ],
            [
              58.750799864377235,
              37.632639873932739
            ],
            [
              58.768540927383611,
              37.644681662950454
            ],
            [
              58.859780684479333,
              37.644681662950454
            ],
            [
              58.915538312867426,
              37.642674833363124
            ],
            [
              58.991571443630825,
              37.616581118907064
            ],
            [
              59.063120728780447,
              37.590814484315644
            ],
            [
              59.075207887111219,
              37.586461605159599
            ],
            [
              59.08803847760192,
              37.636654020142444
            ],
            [
              59.099918654115235,
              37.699346888904174
            ],
            [
              59.107838772090247,
              37.724409206272952
            ],
            [
              59.107255258965772,
              37.731558342871296
            ],
            [
              59.103672399554448,
              37.775455129884321
            ],
            [
              59.099918654115235,
              37.821445593123094
            ],
            [
              59.112109528211448,
              37.876790424688835
            ],
            [
              59.115758890065244,
              37.893358007581305
            ],
            [
              59.115895558023482,
              37.899175350539032
            ],
            [
              59.119718948603591,
              38.061919965683899
            ],
            [
              59.12123741563817,
              38.097763750077739
            ],
            [
              59.123679008040241,
              38.155398133732113
            ],
            [
              59.131599125116949,
              38.21765043594786
            ],
            [
              59.143479302528597,
              38.282958081948067
            ],
            [
              59.147468232229677,
              38.283349450932953
            ],
            [
              59.238520715533689,
              38.292282954562303
            ],
            [
              59.246440832610396,
              38.332676889745294
            ],
            [
              59.234560656097038,
              38.376152883205691
            ],
            [
              59.230600597558691,
              38.469227795823407
            ],
            [
              59.206840244532017,
              38.639553456455907
            ],
            [
              59.202516070961224,
              38.749170333962489
            ],
            [
              59.19892012655702,
              38.840326757455379
            ],
            [
              59.202516070961224,
              38.841005520612484
            ],
            [
              59.429381313610833,
              38.88382814271926
            ],
            [
              59.460284012545578,
              38.889661273361519
            ],
            [
              59.462249366004194,
              38.890470980489241
            ],
            [
              59.527605013087317,
              38.917396891982754
            ],
            [
              59.55532542555067,
              38.954360861343908
            ],
            [
              59.555919988950166,
              38.960831938993522
            ],
            [
              59.559285484089017,
              38.997461136807402
            ],
            [
              59.559285484089017,
              39.031804174884407
            ],
            [
              59.559285484089017,
              39.040535175623106
            ],
            [
              59.553522325009567,
              39.044115550981857
            ],
            [
              59.529424034417268,
              39.059086667453791
            ],
            [
              59.519684895112306,
              39.065137129344954
            ],
            [
              59.436523658620573,
              39.083582970192424
            ],
            [
              59.436523658620573,
              39.237110725759081
            ],
            [
              59.424329072194986,
              39.244194111419652
            ],
            [
              59.420683423568867,
              39.246311734297585
            ],
            [
              59.420630238756793,
              39.248204480213509
            ],
            [
              59.419012934731846,
              39.305761242537564
            ],
            [
              59.417343956186372,
              39.365157002385132
            ],
            [
              59.416835716214493,
              39.383244292600359
            ],
            [
              59.416723364132217,
              39.387242688694258
            ],
            [
              59.436523658620573,
              39.39948413458098
            ],
            [
              59.440483718057223,
              39.8235389526386
            ],
            [
              59.440571663450882,
              39.823619994513308
            ],
            [
              59.460284012545578,
              39.841784967788961
            ],
            [
              59.44444377659557,
              39.890417308165866
            ],
            [
              59.440798082271584,
              39.890483122682419
            ],
            [
              59.196969531218414,
              39.894884879051304
            ],
            [
              59.107838772090247,
              39.896493927232747
            ],
            [
              58.977156829545116,
              39.942051392125727
            ],
            [
              58.96821658377273,
              39.988626377293009
            ],
            [
              58.957356535056775,
              40.045202742276608
            ],
            [
              58.950027138349732,
              40.04707284260261
            ]
          ]
        ]
      }
    },
    {
      "type": "Feature",
      "properties": {
        "name": "Gokdepe",
        "admin_level": 2,
        "source_shape_id": "10190150B73322470423680"
      },
      "geometry": {
        "type": "Polygon",
        "coordinates": [
          [
            [
              58.036384703341859,
              37.847264922699082
            ],
            [
              58.044533873222079,
              37.856521623406898
            ],
            [
              58.079173878961605,
              37.915105499993416
            ],
            [
              58.083303659821269,
              37.915226167796035
            ],
            [
              58.150899308561577,
              37.92022477384355
            ],
            [
              58.173122672883245,
              37.943159499917378
            ],
            [
              58.173882268335035,
              37.971588854674344
            ],
            [
              58.132397069777305,
              37.98505379143522
            ],
            [
              58.091527461911298,
              37.965365578222375
            ],
            [
              58.085934249446929,
              37.962426222411764
            ],
            [
              58.042107727557237,
              37.956707777985216
            ],
            [
              58.042369819006062,
              37.959186991027025
            ],
            [
              58.04115731357988,
              37.95908077166375
            ],
            [
              58.04115731357988,
              37.987051334833794
            ],
            [
              58.053829502339902,
              38.021001260733158
            ],
            [
              58.054591591259395,
              38.02180165649753
            ],
            [
              58.058099790468333,
              38.033376101121689
            ],
            [
              58.066420574571602,
              38.034225230568353
            ],
            [
              58.069036127773927,
              38.03697225608083
            ],
            [
              58.104518255583294,
              38.038968385504411
            ],
            [
              58.11289966953931,
              38.038968385504411
            ],
            [
              58.144221175247274,
              38.04216472042674
            ],
            [
              58.144254881014746,
              38.04218921804722
            ],
            [
              58.20589576296836,
              38.088853942345509
            ],
            [
              58.213018395161889,
              38.09772765529322
            ],
            [
              58.236150613004064,
              38.130918419330683
            ],
            [
              58.240744353879137,
              38.136336206912304
            ],
            [
              58.256584516211767,
              38.170592602182545
            ],
            [
              58.31234214549815,
              38.224370501249112
            ],
            [
              58.327545026641197,
              38.231395003876813
            ],
            [
              58.337052912502173,
              38.240732508377484
            ],
            [
              58.395265778495578,
              38.265113153427336
            ],
            [
              58.435650323469503,
              38.280963863734208
            ],
            [
              58.461873968554308,
              38.305957266948099
            ],
            [
              58.454517556612046,
              38.551825101014693
            ],
            [
              58.391384920822546,
              38.538831349006074
            ],
            [
              58.385040611412904,
              38.538725763152151
            ],
            [
              58.375703087501542,
              38.536291351664488
            ],
            [
              58.210964638113055,
              38.534308852144576
            ],
            [
              58.210437644636748,
              38.53581991443729
            ],
            [
              58.208984608394722,
              38.535795732124846
            ],
            [
              58.204035523741027,
              38.554176884521034
            ],
            [
              58.195758011780725,
              38.577911212862851
            ],
            [
              58.188154699063688,
              38.595740918298034
            ],
            [
              58.185620261491351,
              38.649203468940478
            ],
            [
              58.183477324091726,
              38.731154387769756
            ],
            [
              58.181818604683691,
              38.75403253151277
            ],
            [
              58.214679108550662,
              38.825177990990333
            ],
            [
              58.216033513257742,
              38.829098375860752
            ],
            [
              58.185620261491351,
              38.917889871737977
            ],
            [
              58.172948072731373,
              38.994752748840433
            ],
            [
              58.173123141943748,
              38.997293955942361
            ],
            [
              58.172527594703041,
              38.999582594856221
            ],
            [
              58.175714705940031,
              39.034934235208027
            ],
            [
              58.175728134044441,
              39.035106569234173
            ],
            [
              58.18118499506604,
              39.114315322128888
            ],
            [
              58.204945348991046,
              39.20029462330406
            ],
            [
              58.211165472808524,
              39.250883829022797
            ],
            [
              58.211917850908428,
              39.266176961710002
            ],
            [
              58.18118499506604,
              39.313748915213601
            ],
            [
              58.179811996345094,
              39.321182546608696
            ],
            [
              58.170176031664674,
              39.359752818990501
            ],
            [
              58.170176031664674,
              39.392751605490545
            ],
            [
              58.17789086020521,
              39.40722576428913
            ],
            [
              58.18118499506604,
              39.460659143297406
            ],
            [
              58.200985289554396,
              39.509560472588809
            ],
            [
              58.204596603685694,
              39.537416297123734
            ],
            [
              58.201659744475407,
              39.537572494528817
            ],
            [
              58.200985289554396,
              39.537052357610584
            ],
            [
              57.883205682164814,
              39.549153800762213
            ],
            [
              57.883213853052837,
              39.548299117428236
            ],
            [
              57.860086689764373,
              39.480232959574906
            ],
            [
              57.851945700681689,
              39.446715968652526
            ],
            [
              57.841955693761697,
              39.426871152051731
            ],
            [
              57.829359610123056,
              39.389799289558809
            ],
            [
              57.842823170630901,
              39.168337224598567
            ],
            [
              57.842890154504637,
              39.163438595223091
            ],
            [
              57.848064843008693,
              39.158423545861545
            ],
            [
              57.848064843008693,
              38.868944946354624
            ],
            [
              57.847310822102948,
              38.840148660685152
            ],
            [
              57.849554951334014,
              38.67603218368847
            ],
            [
              57.833858605013333,
              38.614734023986635
            ],
            [
              57.836422269989697,
              38.514542826777529
            ],
            [
              57.832725499576306,
              38.504415953289104
            ],
            [
              57.832725499576306,
              38.478681773110011
            ],
            [
              57.822777339621446,
              38.429341818295121
            ],
            [
              57.823288773397913,
              38.417722902014056
            ],
            [
              57.825601347474205,
              38.379664049952076
            ],
            [
              57.827853040600679,
              38.368188210455607
            ],
            [
              57.832994771379326,
              38.354310340407402
            ],
            [
              57.839457280279362,
              38.1970373885081
            ],
            [
              57.803604633489073,
              38.196254707399142
            ],
            [
              57.760487129254116,
              38.193584531853922
            ],
            [
              57.705898757023007,
              38.12589928384552
            ],
            [
              57.658507022993277,
              38.115731032898431
            ],
            [
              57.658517264685976,
              38.114356959624985
            ],
            [
              57.660198022463881,
              38.091954071821242
            ],
            [
              57.646291150549821,
              38.087708329978703
            ],
            [
              57.650133472293788,
              38.00990167213449
            ],
            [
              57.628747578529122,
              38.009035649673478
            ],
            [
              57.586988587692645,
              38.006842134251876
            ],
            [
              57.585949145455771,
              38.007302799599323
            ],
            [
              57.564762231082774,
              38.015701048853352
            ],
            [
              57.564762231082774,
              38.063728344346032
            ],
            [
              57.520955333976673,
              38.069679784265333
            ],
            [
              57.515024296307644,
              38.067317463571911
            ],
            [
              57.46015107433908,
              38.036166484251488
            ],
            [
              57.421800958039867,
              38.094602529812846
            ],
            [
              57.416777593302456,
              38.101077368111476
            ],
            [
              57.386617661423912,
              38.090989362921391
            ],
            [
              57.359076772616902,
              38.079004240118181
            ],
            [
              57.347434199597885,
              37.990359647773076
            ],
            [
              57.359076772616902,
              37.968946606979031
            ],
            [
              57.421170496283295,
              37.926101784358089
            ],
            [
              57.53371536969874,
              37.904670005579504
            ],
            [
              57.700592250536232,
              37.904670005579504
            ],
            [
              58.003299150827189,
              37.809682805516296
            ],
            [
              58.009529104869465,
              37.816759455143234
            ],
            [
              58.00820962334285,
              37.817066050636448
            ],
            [
              58.036384703341859,
              37.847264922699082
            ]
          ]
        ]
      }
    },
    {
      "type": "Feature",
      "properties": {
        "name": "Darganata",
        "admin_level": 2,
        "source_shape_id": "10190150B50164786179090"
      },
      "geometry": {
        "type": "Polygon",
        "coordinates": [
          [
            [
              60.951961934812594,
              41.246820394174073
            ],
            [
              60.951019838926371,
              41.247086048444793
            ],
            [
              60.93270706381869,
              41.169015773925679
            ],
            [
              60.9266028057489,
              41.104652673115176
            ],
            [
              60.912903707100661,
              41.053013523743992
            ],
            [
              60.908290030641218,
              41.035622136620141
            ],
            [
              60.912586423480072,
              41.007509879048541
            ],
            [
              60.915876433669496,
              40.985982607840533
            ],
            [
              60.9266028057489,
              40.915797560519451
            ],
            [
              60.925493622026934,
              40.915776603823332
            ],
            [
              60.914503551955264,
              40.915568959630363
            ],
            [
              60.194091800542878,
              40.901957643619554
            ],
            [
              60.188934845584626,
              40.215889063604941
            ],
            [
              60.403755449142793,
              40.220724267621186
            ],
            [
              60.439692557150344,
              40.123213202580139
            ],
            [
              60.445127776371194,
              40.029242773508926
            ],
            [
              60.445127319524843,
              40.029163955677994
            ],
            [
              60.444366393980808,
              39.897884586163826
            ],
            [
              60.509825995069278,
              39.911578107712174
            ],
            [
              60.578660077804422,
              39.925977538498813
            ],
            [
              60.742562434788951,
              39.913407000093024
            ],
            [
              60.755884018671942,
              39.912385297385946
            ],
            [
              60.761787829779685,
              39.911932502895155
            ],
            [
              60.79508431869354,
              39.915922361059529
            ],
            [
              60.957124096996168,
              39.935339295201963
            ],
            [
              60.994672434634403,
              39.937738374069404
            ],
            [
              61.103626297857701,
              39.944699771756397
            ],
            [
              61.228793520692683,
              39.937022345413908
            ],
            [
              61.2536756444877,
              39.93549614176127
            ],
            [
              61.256232757687364,
              39.935339295201963
            ],
            [
              61.317275341080219,
              40.005511653298718
            ],
            [
              61.384422183441181,
              40.042907451068515
            ],
            [
              61.421733178557531,
              40.112236530034785
            ],
            [
              61.427151991726369,
              40.122305447385138
            ],
            [
              61.469881800909853,
              40.192285591625783
            ],
            [
              61.470102748931716,
              40.192289919128314
            ],
            [
              61.707947877309856,
              40.196948369498109
            ],
            [
              61.87886711134886,
              40.206272964817074
            ],
            [
              62.00705653710272,
              40.215596277214289
            ],
            [
              62.013964698268929,
              40.216742865239063
            ],
            [
              62.147454479894456,
              40.23889894720633
            ],
            [
              62.184080030109854,
              40.206272964817074
            ],
            [
              62.221520001075184,
              40.174094922402276
            ],
            [
              62.232914096464803,
              40.164302188186085
            ],
            [
              62.240806942429785,
              40.161462962282769
            ],
            [
              62.320813235859255,
              40.132682983332103
            ],
            [
              62.336686489041185,
              40.126973033865973
            ],
            [
              62.409937589471937,
              40.131640300110469
            ],
            [
              62.409937589471937,
              40.134273327888231
            ],
            [
              62.409937589471937,
              40.234239054342531
            ],
            [
              62.385520556294466,
              40.327375965944249
            ],
            [
              62.361103523116988,
              40.411089454973798
            ],
            [
              62.318373713933468,
              40.448262068034545
            ],
            [
              62.245122613502723,
              40.476128042664605
            ],
            [
              62.184080030109854,
              40.476128042664605
            ],
            [
              62.12914170478679,
              40.555018852258819
            ],
            [
              62.080307637533473,
              40.680125172740198
            ],
            [
              62.043682087318111,
              40.735652764637173
            ],
            [
              62.019265054140604,
              40.800376426747057
            ],
            [
              61.994848020064829,
              40.828095839154955
            ],
            [
              61.958222469849446,
              40.892729423920301
            ],
            [
              61.982639503925242,
              40.948079433082484
            ],
            [
              61.982639503925242,
              40.984953686221431
            ],
            [
              61.958222469849446,
              41.02180733266141
            ],
            [
              61.87276285327907,
              41.113851268453381
            ],
            [
              61.817824527955999,
              41.178205346790158
            ],
            [
              61.640801034948858,
              41.260853485046262
            ],
            [
              61.598071226663706,
              41.274618020343915
            ],
            [
              61.561445676448322,
              41.28837965348044
            ],
            [
              61.494298834087367,
              41.28837965348044
            ],
            [
              61.457673283871962,
              41.320478844442945
            ],
            [
              61.402734958548898,
              41.297552462870435
            ],
            [
              61.390526441510978,
              41.2654419858548
            ],
            [
              61.390526441510978,
              41.219542471374481
            ],
            [
              61.3661094083335,
              41.187393630897994
            ],
            [
              61.274545532795045,
              41.164420504141923
            ],
            [
              61.231815723611554,
              41.178205346790158
            ],
            [
              61.176877398288489,
              41.201173639079727
            ],
            [
              61.146356107041179,
              41.251675516334572
            ],
            [
              61.103626297857701,
              41.242496258433967
            ],
            [
              61.048687972534623,
              41.242496258433967
            ],
            [
              61.018166681287369,
              41.20576633058996
            ],
            [
              60.999853906179645,
              41.2333157107199
            ],
            [
              60.951961934812594,
              41.246820394174073
            ]
          ]
        ]
      }
    },
    {
      "type": "Feature",
      "properties": {
        "name": "Kaka",
        "admin_level": 2,
        "source_shape_id": "10190150B850620817547"
      },
      "geometry": {
        "type": "Polygon",
        "coordinates": [
          [
            [
              59.202516070961224,
              38.841005520612484
            ],
            [
              59.202516070961224,
              38.749170333962489
            ],
            [
              59.206840244532017,
              38.639553456455907
            ],
            [
              59.230600597558691,
              38.469227795823407
            ],
            [
              59.234560656097038,
              38.376152883205691
            ],
            [
              59.246440832610396,
              38.332676889745294
            ],
            [
              59.238520715533689,
              38.292282954562303
            ],
            [
              59.147468232229677,
              38.283349450932953
            ],
            [
              59.12123741563817,
              38.097763750077739
            ],
            [
              59.119718948603591,
              38.061919965683899
            ],
            [
              59.115895558023482,
              37.899175350539032
            ],
            [
              59.116568113134434,
              37.892279251526681
            ],
            [
              59.112109528211448,
              37.876790424688835
            ],
            [
              59.099918654115235,
              37.821445593123094
            ],
            [
              59.103672399554448,
              37.775455129884321
            ],
            [
              59.108754662014604,
              37.73796502750745
            ],
            [
              59.107255258965772,
              37.731558342871296
            ],
            [
              59.107838772090247,
              37.724409206272952
            ],
            [
              59.099918654115235,
              37.699346888904174
            ],
            [
              59.08803847760192,
              37.636654020142444
            ],
            [
              59.075207887111219,
              37.586461605159599
            ],
            [
              59.063120728780447,
              37.590814484315644
            ],
            [
              59.057967232430514,
              37.583328468755262
            ],
            [
              59.112661387574519,
              37.552362517124287
            ],
            [
              59.155635366937055,
              37.512087537193565
            ],
            [
              59.202516070961224,
              37.493491750139782
            ],
            [
              59.249396774985414,
              37.493491750139782
            ],
            [
              59.307997655689327,
              37.521383693413227
            ],
            [
              59.347064909491969,
              37.512087537193565
            ],
            [
              59.36659853639329,
              37.487292125631953
            ],
            [
              59.354878359713496,
              37.44077854081074
            ],
            [
              59.370505261054902,
              37.3134938361341
            ],
            [
              59.386132162396279,
              37.288632616720584
            ],
            [
              59.483800296902821,
              37.189105585971504
            ],
            [
              59.561934803609773,
              37.17354261918004
            ],
            [
              59.702576916580576,
              37.123719582115157
            ],
            [
              59.815871952428537,
              37.098795756529114
            ],
            [
              59.882286283354013,
              37.058277046862742
            ],
            [
              59.940887163159637,
              37.055159326338512
            ],
            [
              60.011208219645049,
              37.023975074989352
            ],
            [
              60.089342727250283,
              36.964689719873299
            ],
            [
              60.144036882394303,
              36.858484839773006
            ],
            [
              60.33937315050914,
              36.63309271914131
            ],
            [
              60.927046986099938,
              36.651829202105446
            ],
            [
              60.929288679515203,
              36.651900672788571
            ],
            [
              60.991138416968738,
              36.75107727053048
            ],
            [
              60.988018924360944,
              36.749596355400094
            ],
            [
              60.984920448542049,
              36.748125417559159
            ],
            [
              60.952416492817733,
              36.752132167510823
            ],
            [
              60.928387198331663,
              36.757479882176924
            ],
            [
              60.917568502835408,
              36.758392295518952
            ],
            [
              60.915215871065762,
              36.760411158416957
            ],
            [
              60.907411017457598,
              36.762148127021312
            ],
            [
              60.864905845485616,
              36.800196842832229
            ],
            [
              60.834902194047764,
              36.852232889874109
            ],
            [
              60.808972026477377,
              36.894798090625706
            ],
            [
              60.80629655418857,
              36.897993834423005
            ],
            [
              60.77301966520303,
              36.933468341592345
            ],
            [
              60.774805124322349,
              36.935609077938757
            ],
            [
              60.80358298543586,
              36.970104773970291
            ],
            [
              60.788236438904796,
              36.992491389830505
            ],
            [
              60.75739276296332,
              36.970932459358906
            ],
            [
              60.593310298429579,
              36.880362637041848
            ],
            [
              60.593020078384278,
              36.880608674233102
            ],
            [
              60.59237268454671,
              36.880237638832099
            ],
            [
              60.539866295428801,
              36.91822766292929
            ],
            [
              60.457356255771352,
              36.990156881531064
            ],
            [
              60.409279886814957,
              37.057119365990431
            ],
            [
              60.409265695390388,
              37.057136738608072
            ],
            [
              60.346925523359637,
              37.093733928240567
            ],
            [
              60.344602619908599,
              37.095850789778389
            ],
            [
              60.33937315050914,
              37.098795756529114
            ],
            [
              60.312274580341303,
              37.125306962411855
            ],
            [
              60.239829788236847,
              37.187611680104887
            ],
            [
              60.149818835719955,
              37.263265707194229
            ],
            [
              60.04738547859229,
              37.349231260576374
            ],
            [
              59.960420790060944,
              37.415959465639467
            ],
            [
              59.872767024934433,
              37.494617404735088
            ],
            [
              59.878703766539978,
              37.49391538361381
            ],
            [
              59.652092590553046,
              37.881494220845575
            ],
            [
              59.636162585655093,
              37.907692928246846
            ],
            [
              59.636609677849528,
              37.90797503882137
            ],
            [
              59.634756164381685,
              37.911145149878472
            ],
            [
              59.663127812544019,
              37.924707708966629
            ],
            [
              59.713593116775556,
              37.956550796695645
            ],
            [
              59.69262438336812,
              37.990593196029437
            ],
            [
              59.589281881630946,
              38.150800285590542
            ],
            [
              59.569635482102882,
              38.190263686809317
            ],
            [
              59.557246733297198,
              38.210376619998669
            ],
            [
              59.557216849020385,
              38.215208791851261
            ],
            [
              59.554121353388247,
              38.221426663269753
            ],
            [
              59.553300332744449,
              38.305688469716728
            ],
            [
              59.55315629360539,
              38.34175633930758
            ],
            [
              59.526791545757099,
              38.349435681202465
            ],
            [
              59.473789313273123,
              38.359027640345545
            ],
            [
              59.47370552721749,
              38.364898210506738
            ],
            [
              59.468929490468099,
              38.366289341547024
            ],
            [
              59.469736085066778,
              38.473156738199044
            ],
            [
              59.472157217555541,
              38.473382378107431
            ],
            [
              59.472080120223069,
              38.478784294883496
            ],
            [
              59.56584152916971,
              38.484900706110828
            ],
            [
              59.562093614969264,
              38.56699725553495
            ],
            [
              59.474736693639741,
              38.565099936113889
            ],
            [
              59.474644251684403,
              38.567508612848528
            ],
            [
              59.472080120223069,
              38.567421448161298
            ],
            [
              59.472080120223069,
              38.634319875901653
            ],
            [
              59.466795910694437,
              38.77200576220249
            ],
            [
              59.464266670001543,
              38.814415476770989
            ],
            [
              59.464923054612385,
              38.820805085578009
            ],
            [
              59.462307569859611,
              38.888954415073812
            ],
            [
              59.429381313610833,
              38.88382814271926
            ],
            [
              59.202516070961224,
              38.841005520612484
            ]
          ]
        ]
      }
    },
    {
      "type": "Feature",
      "properties": {
        "name": "Babadayhan",
        "admin_level": 2,
        "source_shape_id": "10190150B42989304972975"
      },
      "geometry": {
        "type": "Polygon",
        "coordinates": [
          [
            [
              60.344271239707517,
              38.686724030124303
            ],
            [
              60.33937315050914,
              38.686450945905975
            ],
            [
              60.323746248269444,
              38.726083524936087
            ],
            [
              60.325116286382396,
              38.754925293287968
            ],
            [
              60.324840132180789,
              38.756433312591753
            ],
            [
              60.322339827894297,
              38.811006067096542
            ],
            [
              60.307338002175371,
              38.840224286820828
            ],
            [
              60.304015948744606,
              38.847783932616238
            ],
            [
              60.300305896706519,
              38.853977046601116
            ],
            [
              60.233891565781036,
              38.954303780519972
            ],
            [
              60.237798290442647,
              38.981641007124168
            ],
            [
              60.178953750051541,
              39.061642583139928
            ],
            [
              59.909789629607062,
              39.058007757467429
            ],
            [
              59.884786587640512,
              39.042473991217385
            ],
            [
              59.882237185316434,
              39.042813403413703
            ],
            [
              59.878379557794098,
              39.039318277099298
            ],
            [
              59.829846036519292,
              39.049788448000804
            ],
            [
              59.806903056474233,
              39.052842939311823
            ],
            [
              59.776774693711417,
              39.009929834400531
            ],
            [
              59.756061745341952,
              38.967822937952278
            ],
            [
              59.745550895943154,
              38.926956004767412
            ],
            [
              59.713068222467086,
              38.722110673016601
            ],
            [
              59.693725385592749,
              38.581574618053587
            ],
            [
              59.686950015239198,
              38.524644727399028
            ],
            [
              59.67617217074681,
              38.389596191251606
            ],
            [
              59.676561197675724,
              38.374656308201502
            ],
            [
              59.692116428286205,
              38.338059540438422
            ],
            [
              59.692350719746528,
              38.337508323270569
            ],
            [
              59.698670191020661,
              38.322640512667434
            ],
            [
              59.701406860313071,
              38.290415049522608
            ],
            [
              59.712265595466143,
              38.233948016644419
            ],
            [
              59.897101619281138,
              37.976000123160262
            ],
            [
              59.919400173927521,
              37.946212996383849
            ],
            [
              60.096423666934662,
              37.705131713855017
            ],
            [
              60.169674767365414,
              37.598806617015704
            ],
            [
              60.187987542473131,
              37.569782448855946
            ],
            [
              60.187321291671282,
              37.524814460942146
            ],
            [
              60.222636100734299,
              37.503070334715275
            ],
            [
              60.22732826680442,
              37.50167446700776
            ],
            [
              60.233136730543904,
              37.496604859576102
            ],
            [
              60.273186996157406,
              37.465138989416459
            ],
            [
              60.294836480742944,
              37.493739724498468
            ],
            [
              60.312339042145936,
              37.507625128408627
            ],
            [
              60.314838915034827,
              37.511591709822007
            ],
            [
              60.387347737546357,
              37.513575000093624
            ],
            [
              60.388273694119583,
              37.510269457706947
            ],
            [
              60.399849258978783,
              37.493739724498468
            ],
            [
              60.416439291642867,
              37.47033411007078
            ],
            [
              60.433261958732821,
              37.460063032933675
            ],
            [
              60.439854126664258,
              37.503658020856363
            ],
            [
              60.442162161140537,
              37.503658020856363
            ],
            [
              60.442354430950758,
              37.507624970555305
            ],
            [
              60.459094228974671,
              37.502882077601662
            ],
            [
              60.487359906310907,
              37.497707201317297
            ],
            [
              60.494026941518534,
              37.484481752595613
            ],
            [
              60.494860819170363,
              37.48382011114186
            ],
            [
              60.499027108162373,
              37.475884314217851
            ],
            [
              60.512362949175746,
              37.460007664257077
            ],
            [
              60.549867512574764,
              37.458022951532165
            ],
            [
              60.549867512574764,
              37.471912702356022
            ],
            [
              60.548599521839215,
              37.4809697884644
            ],
            [
              60.527364773996375,
              37.499690860733018
            ],
            [
              60.522154537519597,
              37.507956254969095
            ],
            [
              60.519863862035223,
              37.509608366403747
            ],
            [
              60.50486203631629,
              37.529439425327354
            ],
            [
              60.511613007576024,
              37.565121890798849
            ],
            [
              60.512123615325521,
              37.569170032462523
            ],
            [
              60.502630846516311,
              37.572513741613143
            ],
            [
              60.472358081490277,
              37.577012459814334
            ],
            [
              60.437353822377766,
              37.616633453021471
            ],
            [
              60.399849258978783,
              37.670088320204798
            ],
            [
              60.349843174147345,
              37.715593600962315
            ],
            [
              60.344842565574389,
              37.901281231459087
            ],
            [
              60.307046045374165,
              37.914534971462025
            ],
            [
              60.269833438776388,
              37.924952414357378
            ],
            [
              60.12481579375337,
              37.988038323112931
            ],
            [
              59.977297843545585,
              38.060913839176834
            ],
            [
              59.977297843545585,
              38.104210858312584
            ],
            [
              59.98129833041839,
              38.119946327885899
            ],
            [
              59.982298452118556,
              38.135683492720275
            ],
            [
              59.9847122213273,
              38.156564464138434
            ],
            [
              59.9747975392591,
              38.206447311541382
            ],
            [
              59.980267043201735,
              38.221915872759951
            ],
            [
              59.982298452118556,
              38.237875840573402
            ],
            [
              59.985966903242293,
              38.238035914887973
            ],
            [
              59.987299060691512,
              38.241803451994116
            ],
            [
              60.052848464503974,
              38.239964753070581
            ],
            [
              60.077104307633604,
              38.245567665177326
            ],
            [
              60.104813359461481,
              38.253585012554453
            ],
            [
              60.140667760508265,
              38.255659445406344
            ],
            [
              60.184823094832446,
              38.261438326190422
            ],
            [
              60.226690963238561,
              38.260636501292346
            ],
            [
              60.342342261287882,
              38.267327753831324
            ],
            [
              60.362282187327523,
              38.266607925142246
            ],
            [
              60.369845607540938,
              38.267327753831324
            ],
            [
              60.553664710970118,
              38.261476631783751
            ],
            [
              60.524658055921492,
              38.344930723747154
            ],
            [
              60.492607903594845,
              38.392680665098119
            ],
            [
              60.48631487453293,
              38.400076604735844
            ],
            [
              60.397348954692283,
              38.482943511029688
            ],
            [
              60.399502564913,
              38.518325787841846
            ],
            [
              60.389382129712402,
              38.573736135230043
            ],
            [
              60.342345321848057,
              38.683972432646975
            ],
            [
              60.345990197037118,
              38.683972432646975
            ],
            [
              60.344271239707517,
              38.686724030124303
            ]
          ]
        ]
      }
    },
    {
      "type": "Feature",
      "properties": {
        "name": "Tejen",
        "admin_level": 2,
        "source_shape_id": "10190150B49022220136906"
      },
      "geometry": {
        "type": "Polygon",
        "coordinates": [
          [
            [
              60.373311472355788,
              39.38600661630079
            ],
            [
              60.2600311270809,
              39.381628955508091
            ],
            [
              60.253425191784025,
              39.381373672529584
            ],
            [
              60.256804662130023,
              39.443944325280185
            ],
            [
              60.245112001594912,
              39.470420889662471
            ],
            [
              60.237798290442647,
              39.486981871965426
            ],
            [
              60.214357938879715,
              39.520139950012215
            ],
            [
              60.209867173348073,
              39.520634811517162
            ],
            [
              60.159663783735709,
              39.526166991890875
            ],
            [
              60.07371582590892,
              39.511098407005939
            ],
            [
              60.059427451690141,
              39.50794856223078
            ],
            [
              60.028458830353919,
              39.501121588873545
            ],
            [
              60.0190216707649,
              39.499041185087314
            ],
            [
              60.005322332351078,
              39.502061178045594
            ],
            [
              59.969120606470717,
              39.510041779293154
            ],
            [
              59.964327515620894,
              39.511098407005939
            ],
            [
              59.957414793734799,
              39.548413620696032
            ],
            [
              59.955100385607224,
              39.560906909919815
            ],
            [
              59.952607339839432,
              39.574364493936251
            ],
            [
              59.940887163159637,
              39.895823983093642
            ],
            [
              59.440826317540285,
              39.898821203342273
            ],
            [
              59.440798082271584,
              39.890483122682419
            ],
            [
              59.44444377659557,
              39.890417308165866
            ],
            [
              59.460284012545578,
              39.841784967788961
            ],
            [
              59.440571663450882,
              39.823619994513308
            ],
            [
              59.439168366190657,
              39.409216084638409
            ],
            [
              59.43609599227338,
              39.39734601084632
            ],
            [
              59.416835716214493,
              39.383244292600359
            ],
            [
              59.417343956186372,
              39.365157002385132
            ],
            [
              59.422230305420136,
              39.350566306490684
            ],
            [
              59.419012934731846,
              39.305761242537564
            ],
            [
              59.420630238756793,
              39.248204480213509
            ],
            [
              59.424329072194986,
              39.244194111419652
            ],
            [
              59.436523658620573,
              39.237110725759081
            ],
            [
              59.436523658620573,
              39.083582970192424
            ],
            [
              59.519684895112306,
              39.065137129344954
            ],
            [
              59.529424034417268,
              39.059086667453791
            ],
            [
              59.549745820437735,
              39.052182995846145
            ],
            [
              59.553522325009567,
              39.044115550981857
            ],
            [
              59.559285484089017,
              39.040535175623106
            ],
            [
              59.559285484089017,
              39.031804174884407
            ],
            [
              59.569748254729625,
              39.009453394244453
            ],
            [
              59.557246733297198,
              38.962809826425797
            ],
            [
              59.555919988950166,
              38.960831938993522
            ],
            [
              59.55532542555067,
              38.954360861343908
            ],
            [
              59.527605013087317,
              38.917396891982754
            ],
            [
              59.462249366004194,
              38.890470980489241
            ],
            [
              59.462307569859611,
              38.888954415073812
            ],
            [
              59.464923054612385,
              38.820805085578009
            ],
            [
              59.466795910694437,
              38.77200576220249
            ],
            [
              59.472080120223069,
              38.634319875901653
            ],
            [
              59.474644251684403,
              38.567508612848528
            ],
            [
              59.474736693639741,
              38.565099936113889
            ],
            [
              59.562093614969264,
              38.56699725553495
            ],
            [
              59.564747646156654,
              38.567054898877224
            ],
            [
              59.574748863302617,
              38.482943511029688
            ],
            [
              59.472157217555541,
              38.473382378107431
            ],
            [
              59.469736085066778,
              38.473156738199044
            ],
            [
              59.468929490468099,
              38.366289341547024
            ],
            [
              59.47370552721749,
              38.364898210506738
            ],
            [
              59.526791545757099,
              38.349435681202465
            ],
            [
              59.55315629360539,
              38.34175633930758
            ],
            [
              59.556440138698512,
              38.340799843560113
            ],
            [
              59.557216849020385,
              38.215208791851261
            ],
            [
              59.557246733297198,
              38.210376619998669
            ],
            [
              59.569635482102882,
              38.190263686809317
            ],
            [
              59.69262438336812,
              37.990593196029437
            ],
            [
              59.713593116775556,
              37.956550796695645
            ],
            [
              59.717266204039099,
              37.950587598967687
            ],
            [
              59.663127812544019,
              37.924707708966629
            ],
            [
              59.634756164381685,
              37.911145149878472
            ],
            [
              59.636609677849528,
              37.90797503882137
            ],
            [
              59.652092590553046,
              37.881494220845575
            ],
            [
              59.878703766539978,
              37.49391538361381
            ],
            [
              59.882286283354013,
              37.487788114316082
            ],
            [
              60.04738547859229,
              37.349231260576374
            ],
            [
              60.149818835719955,
              37.263265707194229
            ],
            [
              60.239829788236847,
              37.187611680104887
            ],
            [
              60.312274580341303,
              37.125306962411855
            ],
            [
              60.312359710377756,
              37.125233747999417
            ],
            [
              60.344602619908599,
              37.095850789778389
            ],
            [
              60.346925523359637,
              37.093733928240567
            ],
            [
              60.409265695390388,
              37.057136738608072
            ],
            [
              60.409279886814957,
              37.057119365990431
            ],
            [
              60.457356255771352,
              36.990156881531064
            ],
            [
              60.539866295428801,
              36.91822766292929
            ],
            [
              60.59237268454671,
              36.880237638832099
            ],
            [
              60.593020078384278,
              36.880608674233102
            ],
            [
              60.788236438904796,
              36.992491389830505
            ],
            [
              60.80358298543586,
              36.970104773970291
            ],
            [
              60.804898543508259,
              36.968185717252943
            ],
            [
              60.774805124322349,
              36.935609077938757
            ],
            [
              60.80629655418857,
              36.897993834423005
            ],
            [
              60.808972026477377,
              36.894798090625706
            ],
            [
              60.834902194047764,
              36.852232889874109
            ],
            [
              60.864905845485616,
              36.800196842832229
            ],
            [
              60.907411017457598,
              36.762148127021312
            ],
            [
              60.915215871065762,
              36.760411158416957
            ],
            [
              60.928387198331663,
              36.757479882176924
            ],
            [
              60.952416492817733,
              36.752132167510823
            ],
            [
              60.984920448542049,
              36.748125417559159
            ],
            [
              60.988018924360944,
              36.749596355400094
            ],
            [
              60.991138416968738,
              36.75107727053048
            ],
            [
              61.052428662480587,
              36.78017355743836
            ],
            [
              61.067430487301216,
              36.844229647715373
            ],
            [
              61.093230437756247,
              36.871321248017843
            ],
            [
              61.107435354986684,
              36.886237320845474
            ],
            [
              61.118916921989708,
              36.895835139333229
            ],
            [
              61.162442048391085,
              36.932219220247198
            ],
            [
              61.189945394644134,
              36.96019462972064
            ],
            [
              61.204701085656254,
              36.976990328211429
            ],
            [
              61.191472398958666,
              36.994222087217295
            ],
            [
              61.163182588717959,
              37.031070737931437
            ],
            [
              61.162314433926817,
              37.032201545539984
            ],
            [
              61.026098133553262,
              37.209628924208488
            ],
            [
              61.025647322427425,
              37.2102161243902
            ],
            [
              60.995560516478903,
              37.249405436515957
            ],
            [
              60.935867348519622,
              37.327158262619648
            ],
            [
              60.867406149772115,
              37.41633181234139
            ],
            [
              60.85983178122131,
              37.43228241500541
            ],
            [
              60.854871516153011,
              37.442728066901267
            ],
            [
              60.853949967759824,
              37.444668724020964
            ],
            [
              60.802398239221759,
              37.553229739112659
            ],
            [
              60.988118820401866,
              37.592447364243249
            ],
            [
              60.98339210999346,
              37.601685300298101
            ],
            [
              60.952416492817733,
              37.662171508233023
            ],
            [
              60.929411835403137,
              37.697181200230069
            ],
            [
              60.919912537991728,
              37.71163772833949
            ],
            [
              60.920884940555688,
              37.717422586599547
            ],
            [
              60.93287139791687,
              37.788730457891198
            ],
            [
              61.002264200179262,
              37.809963990451557
            ],
            [
              61.007155200806565,
              37.811460584018121
            ],
            [
              61.021344886853591,
              37.855172954802093
            ],
            [
              61.023982952722506,
              37.863299710604345
            ],
            [
              61.002475802538385,
              37.914219333785454
            ],
            [
              60.802714844405706,
              38.053050006819653
            ],
            [
              60.799897934935252,
              38.055007713877707
            ],
            [
              60.704278359026802,
              38.107029442035952
            ],
            [
              60.647379377052808,
              38.188762798205765
            ],
            [
              60.557246721866356,
              38.259569731267575
            ],
            [
              60.554868121147734,
              38.261438326190422
            ],
            [
              60.553664710970118,
              38.261476631783751
            ],
            [
              60.369845607540938,
              38.267327753831324
            ],
            [
              60.362282187327523,
              38.266607925142246
            ],
            [
              60.287335567883481,
              38.259475077131306
            ],
            [
              60.226690963238561,
              38.260636501292346
            ],
            [
              60.184823094832446,
              38.261438326190422
            ],
            [
              60.140667760508265,
              38.255659445406344
            ],
            [
              60.094812142315519,
              38.249658037991551
            ],
            [
              60.077104307633604,
              38.245567665177326
            ],
            [
              60.052848464503974,
              38.239964753070581
            ],
            [
              60.052306971241876,
              38.239839672316315
            ],
            [
              60.02730392837703,
              38.239839672316315
            ],
            [
              59.985966903242293,
              38.238035914887973
            ],
            [
              59.982298452118556,
              38.237875840573402
            ],
            [
              59.980267043201735,
              38.221915872759951
            ],
            [
              59.977297843545585,
              38.198588057985013
            ],
            [
              59.984798756405048,
              38.157313059521385
            ],
            [
              59.9847122213273,
              38.156564464138434
            ],
            [
              59.982298452118556,
              38.135683492720275
            ],
            [
              59.98129833041839,
              38.119946327885899
            ],
            [
              59.979798147832057,
              38.096340580066624
            ],
            [
              59.982298452118556,
              38.060913839176834
            ],
            [
              60.299837089315908,
              37.917062866325956
            ],
            [
              60.307046045374165,
              37.914534971462025
            ],
            [
              60.344842565574389,
              37.901281231459087
            ],
            [
              60.349843174147345,
              37.715593600962315
            ],
            [
              60.399849258978783,
              37.670088320204798
            ],
            [
              60.437353822377766,
              37.616633453021471
            ],
            [
              60.472358081490277,
              37.577012459814334
            ],
            [
              60.502630846516311,
              37.572513741613143
            ],
            [
              60.512362949175746,
              37.571067491581729
            ],
            [
              60.512123615325521,
              37.569170032462523
            ],
            [
              60.511613007576024,
              37.565121890798849
            ],
            [
              60.507362340602796,
              37.531422241528446
            ],
            [
              60.522154537519597,
              37.507956254969095
            ],
            [
              60.527364773996375,
              37.499690860733018
            ],
            [
              60.548599521839215,
              37.4809697884644
            ],
            [
              60.549867512574764,
              37.479851896866542
            ],
            [
              60.549867512574764,
              37.471912702356022
            ],
            [
              60.549867512574764,
              37.458022951532165
            ],
            [
              60.512362949175746,
              37.460007664257077
            ],
            [
              60.499027108162373,
              37.475884314217851
            ],
            [
              60.497361123456834,
              37.477867710389368
            ],
            [
              60.494026941518534,
              37.484481752595613
            ],
            [
              60.487359906310907,
              37.497707201317297
            ],
            [
              60.459094228974671,
              37.502882077601662
            ],
            [
              60.454855951484859,
              37.503658020856363
            ],
            [
              60.442162161140537,
              37.503658020856363
            ],
            [
              60.439854126664258,
              37.503658020856363
            ],
            [
              60.433261958732821,
              37.460063032933675
            ],
            [
              60.432353213804795,
              37.454053367437552
            ],
            [
              60.422351996658833,
              37.461992324576414
            ],
            [
              60.416439291642867,
              37.47033411007078
            ],
            [
              60.399849258978783,
              37.493739724498468
            ],
            [
              60.388273694119583,
              37.510269457706947
            ],
            [
              60.387347737546357,
              37.511591709822007
            ],
            [
              60.314838915034827,
              37.509608366403747
            ],
            [
              60.312339042145936,
              37.507625128408627
            ],
            [
              60.294836480742944,
              37.493739724498468
            ],
            [
              60.273186996157406,
              37.465138989416459
            ],
            [
              60.233136730543904,
              37.496604859576102
            ],
            [
              60.222636100734299,
              37.503070334715275
            ],
            [
              60.187321291671282,
              37.524814460942146
            ],
            [
              60.187987542473131,
              37.569782448855946
            ],
            [
              60.169674767365414,
              37.598806617015704
            ],
            [
              60.096423666934662,
              37.705131713855017
            ],
            [
              59.919400173927521,
              37.946212996383849
            ],
            [
              59.897101619281138,
              37.976000123160262
            ],
            [
              59.706483642140519,
              38.230633750361427
            ],
            [
              59.701406860313071,
              38.290415049522608
            ],
            [
              59.698670191020661,
              38.322640512667434
            ],
            [
              59.692350719746528,
              38.337508323270569
            ],
            [
              59.692116428286205,
              38.338059540438422
            ],
            [
              59.676561197675724,
              38.374656308201502
            ],
            [
              59.675229839457735,
              38.377788592687239
            ],
            [
              59.67617217074681,
              38.389596191251606
            ],
            [
              59.686950015239198,
              38.524644727399028
            ],
            [
              59.693725385592749,
              38.581574618053587
            ],
            [
              59.702576916580576,
              38.655949399794899
            ],
            [
              59.713068222467086,
              38.722110673016601
            ],
            [
              59.745550895943154,
              38.926956004767412
            ],
            [
              59.756061745341952,
              38.967822937952278
            ],
            [
              59.761177797284525,
              38.987714513311666
            ],
            [
              59.776774693711417,
              39.009929834400531
            ],
            [
              59.806903056474233,
              39.052842939311823
            ],
            [
              59.808058501308686,
              39.054488688395189
            ],
            [
              59.829846036519292,
              39.049788448000804
            ],
            [
              59.878379557794098,
              39.039318277099298
            ],
            [
              59.882237185316434,
              39.042813403413703
            ],
            [
              59.901819910255327,
              39.060555939945665
            ],
            [
              60.175290685077087,
              39.066622670826177
            ],
            [
              60.178953750051541,
              39.061642583139928
            ],
            [
              60.237798290442647,
              38.981641007124168
            ],
            [
              60.233891565781036,
              38.954303780519972
            ],
            [
              60.300305896706519,
              38.853977046601116
            ],
            [
              60.304015948744606,
              38.847783932616238
            ],
            [
              60.327652973829345,
              38.808327130094241
            ],
            [
              60.325116286382396,
              38.754925293287968
            ],
            [
              60.323746248269444,
              38.726083524936087
            ],
            [
              60.33937315050914,
              38.686450945905975
            ],
            [
              60.344271239707517,
              38.686724030124303
            ],
            [
              60.448178139767407,
              38.692517173824385
            ],
            [
              60.448761459898833,
              38.69254969579687
            ],
            [
              60.455559229901205,
              38.858688887599307
            ],
            [
              60.455592199013637,
              38.859494660917832
            ],
            [
              60.576593292389219,
              38.868851054796856
            ],
            [
              60.574084211776444,
              39.142800188837974
            ],
            [
              60.573776671528265,
              39.176378378491322
            ],
            [
              60.573776671528265,
              39.275605443536342
            ],
            [
              60.79646001676592,
              39.284677559482574
            ],
            [
              60.798302810059802,
              39.284801583655089
            ],
            [
              60.8819991914974,
              39.290434540148027
            ],
            [
              60.88631470015266,
              39.290724983678352
            ],
            [
              60.90194160149403,
              39.320954272192985
            ],
            [
              60.878501249032809,
              39.357212182131086
            ],
            [
              60.87068779881124,
              39.390432076307199
            ],
            [
              60.882407974592709,
              39.42967156993334
            ],
            [
              60.869570383361356,
              39.430311272353634
            ],
            [
              60.77914882394672,
              39.434817015632277
            ],
            [
              60.761299488523221,
              39.43570645531495
            ],
            [
              60.648004453573598,
              39.42967156993334
            ],
            [
              60.57858427851599,
              39.415559391305557
            ],
            [
              60.573776671528265,
              39.414582070108565
            ],
            [
              60.540503281500001,
              39.405232782664733
            ],
            [
              60.487828713701475,
              39.390432076307199
            ],
            [
              60.48560668838379,
              39.390346207279435
            ],
            [
              60.47794047227891,
              39.390049950293374
            ],
            [
              60.373311472355788,
              39.38600661630079
            ]
          ]
        ]
      }
    },
    {
      "type": "Feature",
      "properties": {
        "name": "Avaza",
        "admin_level": 2,
        "source_shape_id": "10190150B47051626377462"
      },
      "geometry": {
        "type": "MultiPolygon",
        "coordinates": [
          [
            [
              [
                52.715306363533827,
                40.095664165263962
              ],
              [
                52.715373711090287,
                40.095432207836211
              ],
              [
                52.715471252193787,
                40.095674676275358
              ],
              [
                52.715306363533827,
                40.095664165263962
              ]
            ]
          ],
          [
            [
              [
                52.761057041213704,
                40.098580593201653
              ],
              [
                52.760994616900376,
                40.098562362267003
              ],
              [
                52.715636303764882,
                40.094527790147659
              ],
              [
                52.736203886361359,
                40.02368923556881
              ],
              [
                52.774080645138739,
                39.994677857916741
              ],
              [
                52.813263499542025,
                39.960648818133286
              ],
              [
                52.845915878510866,
                39.940623820809066
              ],
              [
                52.926893777670855,
                39.871492586597888
              ],
              [
                52.971301012781005,
                39.831384572609984
              ],
              [
                52.996116820689529,
                39.790249539669553
              ],
              [
                53.027463104930824,
                39.766159076273034
              ],
              [
                53.066645959334075,
                39.744068743133873
              ],
              [
                53.095380052323598,
                39.706900844698055
              ],
              [
                53.1476238584941,
                39.696852028208049
              ],
              [
                53.172439666402632,
                39.716948198722434
              ],
              [
                53.152848239200964,
                39.733020920331775
              ],
              [
                53.117583669878705,
                39.768166936918021
              ],
              [
                53.100604433030497,
                39.808311853581536
              ],
              [
                53.069258149687535,
                39.847430590479753
              ],
              [
                53.028769199658377,
                39.871492586597888
              ],
              [
                52.960852252265568,
                39.903562122855135
              ],
              [
                52.934730348731172,
                39.97065911824226
              ],
              [
                52.922975492589863,
                40.005683625203709
              ],
              [
                53.015473559429921,
                40.006681529627535
              ],
              [
                53.015473559429921,
                40.008541203049006
              ],
              [
                53.012247713877883,
                40.03406802978909
              ],
              [
                52.994363200156776,
                40.060556796585487
              ],
              [
                52.984361964548221,
                40.073679892124716
              ],
              [
                52.97599000690731,
                40.087769347000886
              ],
              [
                52.960398529385259,
                40.110861896148904
              ],
              [
                52.951699381616081,
                40.114188364893913
              ],
              [
                52.955988291820347,
                40.117389841816674
              ],
              [
                52.944148854787421,
                40.117641338689161
              ],
              [
                52.924281587317431,
                40.117641338689161
              ],
              [
                52.894216698899406,
                40.110250785747354
              ],
              [
                52.892063877063435,
                40.109610504526323
              ],
              [
                52.89138607762861,
                40.109554962231599
              ],
              [
                52.887710923267569,
                40.108651535533419
              ],
              [
                52.879283839467732,
                40.10856324396768
              ],
              [
                52.877084533481103,
                40.108383021773577
              ],
              [
                52.790719441214627,
                40.107159781533475
              ],
              [
                52.76232578899743,
                40.098661470943142
              ],
              [
                52.761057041213704,
                40.098580593201653
              ]
            ]
          ]
        ]
      }
    },
    {
      "type": "Feature",
      "properties": {
        "name": "Hazar",
        "admin_level": 2,
        "source_shape_id": "10190150B7816159308361"
      },
      "geometry": {
        "type": "Polygon",
        "coordinates": [
          [
            [
              53.445821707437219,
              39.618924090854001
            ],
            [
              53.353986891924258,
              39.601629783140716
            ],
            [
              53.309089871066689,
              39.582758339259421
            ],
            [
              53.268274397804795,
              39.584331155924041
            ],
            [
              53.288682134884873,
              39.62521185869943
            ],
            [
              53.31521219246018,
              39.672351906400394
            ],
            [
              53.351946118126406,
              39.706900844698055
            ],
            [
              53.335619928641997,
              39.741432492406773
            ],
            [
              53.298886002975777,
              39.752416207862844
            ],
            [
              53.266233624006937,
              39.717890062733765
            ],
            [
              53.209091961260633,
              39.614207889857596
            ],
            [
              53.164194940403064,
              39.571747622801269
            ],
            [
              53.131542561434223,
              39.521390649457736
            ],
            [
              53.092767861970181,
              39.478873532024394
            ],
            [
              53.094808635768004,
              39.442634734824409
            ],
            [
              53.121338693343311,
              39.395338388566934
            ],
            [
              53.153991072312159,
              39.352744242431434
            ],
            [
              53.194806545574053,
              39.239032851880332
            ],
            [
              53.217255056451982,
              39.246935442782025
            ],
            [
              53.223377376947219,
              39.314860967259058
            ],
            [
              53.249907434522527,
              39.355900255625713
            ],
            [
              53.253988982118209,
              39.403223341272174
            ],
            [
              53.325416060551092,
              39.374833339799444
            ],
            [
              53.449903255032929,
              39.340118764478007
            ],
            [
              53.451199154780312,
              39.343676641788825
            ],
            [
              53.489349159507576,
              39.452869027264157
            ],
            [
              53.54077186149091,
              39.477851276659656
            ],
            [
              53.582478806671105,
              39.522205098260422
            ],
            [
              53.582486686581333,
              39.522211953365648
            ],
            [
              53.588675864302992,
              39.529261335222429
            ],
            [
              53.613151498147566,
              39.548888717941232
            ],
            [
              53.613195758173774,
              39.548927221823661
            ],
            [
              53.636397034801945,
              39.567530396185049
            ],
            [
              53.659298778080078,
              39.607256006463615
            ],
            [
              53.662143716533727,
              39.612635751344605
            ],
            [
              53.614489627704991,
              39.614966528536769
            ],
            [
              53.484791030283517,
              39.618924090854001
            ],
            [
              53.445821707437219,
              39.618924090854001
            ]
          ]
        ]
      }
    },
    {
      "type": "Feature",
      "properties": {
        "name": "Etrek",
        "admin_level": 2,
        "source_shape_id": "10190150B33098588070062"
      },
      "geometry": {
        "type": "Polygon",
        "coordinates": [
          [
            [
              53.94338783808778,
              38.918726479882508
            ],
            [
              53.911500750079178,
              38.83184059478284
            ],
            [
              53.88917978739515,
              38.76474178453099
            ],
            [
              53.866858825609462,
              38.652770095666334
            ],
            [
              53.828594318921134,
              38.583010346505468
            ],
            [
              53.825405610479606,
              38.508192491127488
            ],
            [
              53.83816044604238,
              38.443287403366455
            ],
            [
              53.834971736702521,
              38.3708243504392
            ],
            [
              53.850915281605154,
              38.285775172609917
            ],
            [
              53.847726572265294,
              38.210648924936564
            ],
            [
              53.841349154483915,
              38.147984418469122
            ],
            [
              53.806273357135439,
              38.012445247518485
            ],
            [
              53.825405610479606,
              37.816223255172403
            ],
            [
              53.841349154483915,
              37.735570590585418
            ],
            [
              53.850915281605154,
              37.654829970068008
            ],
            [
              53.882802369613763,
              37.606848638186079
            ],
            [
              53.905123332297784,
              37.53102558724882
            ],
            [
              53.937010420306393,
              37.477903538518746
            ],
            [
              53.930633002525006,
              37.422211337312042
            ],
            [
              53.940199129646253,
              37.346200627732905
            ],
            [
              54.125144243509865,
              37.323382392338559
            ],
            [
              54.249503888899426,
              37.315774773714722
            ],
            [
              54.386618370750099,
              37.330989240800655
            ],
            [
              54.46633609166998,
              37.374080167851041
            ],
            [
              54.552431231269544,
              37.42727597835745
            ],
            [
              54.619394117524948,
              37.450062620969376
            ],
            [
              54.708677965566046,
              37.455125377339137
            ],
            [
              54.756508598477325,
              37.488024938111742
            ],
            [
              54.794773105165646,
              37.510793073515529
            ],
            [
              54.813905357611475,
              37.563891719304785
            ],
            [
              54.802498657931579,
              37.66224433131454
            ],
            [
              54.810915943110679,
              37.686537454670848
            ],
            [
              54.85077480401975,
              37.757475229502873
            ],
            [
              54.970351386747041,
              37.800792640477347
            ],
            [
              55.050069108565218,
              37.848019042069261
            ],
            [
              55.094910326975658,
              37.914871364005364
            ],
            [
              55.169645690394177,
              37.973808299511894
            ],
            [
              55.234416339708318,
              37.973808299511894
            ],
            [
              55.375118117881968,
              38.022493800321456
            ],
            [
              55.442081004137407,
              38.072715894770624
            ],
            [
              55.48672292770879,
              38.092795084010731
            ],
            [
              55.569629358866827,
              38.102832610936822
            ],
            [
              55.678045460252086,
              38.105341777226577
            ],
            [
              55.780213658528503,
              38.121891463988561
            ],
            [
              55.786461561637346,
              38.122903528810248
            ],
            [
              55.843883939644513,
              38.168056861712451
            ],
            [
              55.867401921357683,
              38.186549917805493
            ],
            [
              55.869367991897086,
              38.188095911556637
            ],
            [
              55.811971231864597,
              38.215659757141566
            ],
            [
              55.831103485208757,
              38.250725920556683
            ],
            [
              55.815159941204456,
              38.28076917232341
            ],
            [
              55.794211753604621,
              38.331903582891499
            ],
            [
              55.786461561637346,
              38.35082175880278
            ],
            [
              55.760951890511791,
              38.435794595303967
            ],
            [
              55.75138576339058,
              38.495715282206582
            ],
            [
              55.754352185511671,
              38.563012653487526
            ],
            [
              55.683647658089697,
              38.594949782665402
            ],
            [
              55.682085971654985,
              38.595542003478812
            ],
            [
              55.529082632791855,
              38.65244395323743
            ],
            [
              55.467554021161554,
              38.667818239120194
            ],
            [
              55.409627589427558,
              38.672898393519461
            ],
            [
              55.324098776529198,
              38.677667847418824
            ],
            [
              55.276538762220135,
              38.691588993843141
            ],
            [
              55.220158682862341,
              38.702810986191757
            ],
            [
              55.220131630852364,
              38.702813506824484
            ],
            [
              55.11417300671593,
              38.712686443278976
            ],
            [
              55.013619604697183,
              38.714647936365019
            ],
            [
              54.947635603715852,
              38.707744992102036
            ],
            [
              54.896811788769519,
              38.700068421018358
            ],
            [
              54.77894108529172,
              38.764429900984553
            ],
            [
              54.717662614535243,
              38.786952726080045
            ],
            [
              54.679979585998964,
              38.799541646660629
            ],
            [
              54.606639281962174,
              38.851709589853421
            ],
            [
              54.583919224914077,
              38.872933190375022
            ],
            [
              54.536941392179273,
              38.908065242532416
            ],
            [
              54.521560432851416,
              38.977556505496942
            ],
            [
              54.517355433921075,
              38.990637149820216
            ],
            [
              54.517355433921075,
              39.020317187150511
            ],
            [
              54.514548245370591,
              39.048879919532553
            ],
            [
              54.517355433921075,
              39.049236264389627
            ],
            [
              54.517355433921075,
              39.055046733956765
            ],
            [
              54.501317243053123,
              39.052555565799352
            ],
            [
              54.441703018602688,
              39.043295851976119
            ],
            [
              54.405750623195956,
              39.037711465098738
            ],
            [
              54.375793006753717,
              39.032652537763653
            ],
            [
              54.33241032005747,
              39.025326525695235
            ],
            [
              54.293830602898709,
              39.023020957467033
            ],
            [
              54.249503888899426,
              39.020371942103942
            ],
            [
              54.246521414782507,
              39.019084624697697
            ],
            [
              54.192107129765269,
              38.99559381661593
            ],
            [
              54.13793632186907,
              38.999603318795117
            ],
            [
              54.125144243509865,
              39.000550136242545
            ],
            [
              54.057398596312055,
              38.997153381885006
            ],
            [
              54.026294269245817,
              38.99559381661593
            ],
            [
              54.013367545672885,
              38.990570088551486
            ],
            [
              53.994407180338882,
              38.983201499062957
            ],
            [
              53.982657101575064,
              38.96835249238741
            ],
            [
              53.94338783808778,
              38.918726479882508
            ]
          ]
        ]
      }
    },
    {
      "type": "Feature",
      "properties": {
        "name": "Turkmenbasy",
        "admin_level": 2,
        "source_shape_id": "10190150B25855408224134"
      },
      "geometry": {
        "type": "Polygon",
        "coordinates": [
          [
            [
              52.715471252193787,
              40.095674676275358
            ],
            [
              52.715373711090287,
              40.095432207836211
            ],
            [
              52.714986631564649,
              40.094470002519223
            ],
            [
              52.715636303764882,
              40.094527790147659
            ],
            [
              52.760994616900376,
              40.098562362267003
            ],
            [
              52.761057041213704,
              40.098580593201653
            ],
            [
              52.790418328567235,
              40.107155516695713
            ],
            [
              52.790719441214627,
              40.107159781533475
            ],
            [
              52.877084533481103,
              40.108383021773577
            ],
            [
              52.879283839467732,
              40.10856324396768
            ],
            [
              52.89138607762861,
              40.109554962231599
            ],
            [
              52.892063877063435,
              40.109610504526323
            ],
            [
              52.894216698899406,
              40.110250785747354
            ],
            [
              52.911323033611161,
              40.115338464018578
            ],
            [
              52.925767401695687,
              40.118611367597694
            ],
            [
              52.937001909606991,
              40.117793156242286
            ],
            [
              52.944148854787421,
              40.117641338689161
            ],
            [
              52.955988291820347,
              40.117389841816674
            ],
            [
              52.951699381616081,
              40.114188364893913
            ],
            [
              52.960398529385259,
              40.110861896148904
            ],
            [
              52.97599000690731,
              40.087769347000886
            ],
            [
              52.994363200156776,
              40.060556796585487
            ],
            [
              53.012247713877883,
              40.03406802978909
            ],
            [
              53.012730074009532,
              40.033353605833348
            ],
            [
              53.015473559429921,
              40.023900210769547
            ],
            [
              53.015473559429921,
              40.008541203049006
            ],
            [
              53.015473559429921,
              40.006681529627535
            ],
            [
              53.015473559429921,
              39.994591868758569
            ],
            [
              53.111134825252442,
              39.997034710857527
            ],
            [
              53.171720293726459,
              40.01901636097665
            ],
            [
              53.251438014646311,
              39.972602354558127
            ],
            [
              53.400908743279992,
              39.976115043289177
            ],
            [
              53.43578524578944,
              39.922641552179257
            ],
            [
              53.410873458282701,
              39.861477815742518
            ],
            [
              53.375996954874964,
              39.819396091522172
            ],
            [
              53.375996954874964,
              39.777288583416542
            ],
            [
              53.430802888288071,
              39.723659927764437
            ],
            [
              53.445749961690439,
              39.669989531664015
            ],
            [
              53.445749961690439,
              39.620115371754181
            ],
            [
              53.484791030283517,
              39.618924090854001
            ],
            [
              53.614489627704991,
              39.614966528536769
            ],
            [
              53.666143633321227,
              39.613390382377716
            ],
            [
              53.687333751877198,
              39.60944326332001
            ],
            [
              53.784998292156956,
              39.591251124980523
            ],
            [
              53.814080743728823,
              39.617392643180722
            ],
            [
              53.81634457549989,
              39.619427133528141
            ],
            [
              53.862220971121268,
              39.619427133528141
            ],
            [
              54.004267375459968,
              39.619427133528141
            ],
            [
              54.033156370343818,
              39.619427133528141
            ],
            [
              54.058156694008318,
              39.634831559810713
            ],
            [
              54.059278272979881,
              39.635522561512957
            ],
            [
              54.092983464274944,
              39.640241805056874
            ],
            [
              54.102379413362492,
              39.641557381986324
            ],
            [
              54.114080672420705,
              39.649215936147307
            ],
            [
              54.128501315998555,
              39.658653179575019
            ],
            [
              54.138147393135334,
              39.661128394725012
            ],
            [
              54.163765885320856,
              39.66770218416071
            ],
            [
              54.219927976572343,
              39.683786378036331
            ],
            [
              54.229669998493868,
              39.696279096211605
            ],
            [
              54.243437689753293,
              39.713934146489009
            ],
            [
              54.245329054771283,
              39.714843373096464
            ],
            [
              54.274783973096262,
              39.729003091187202
            ],
            [
              54.287223573921388,
              39.736746846107422
            ],
            [
              54.302211971358204,
              39.746077248105777
            ],
            [
              54.31114014121767,
              39.751047506937105
            ],
            [
              54.311176749036122,
              39.751067886290969
            ],
            [
              54.340088731033916,
              39.767163013973082
            ],
            [
              54.340951358465524,
              39.766872896134409
            ],
            [
              54.381883775790648,
              39.753106553898064
            ],
            [
              54.382738755447157,
              39.753172285125217
            ],
            [
              54.394944726659539,
              39.754110682019629
            ],
            [
              54.46677996003163,
              39.73603413868198
            ],
            [
              54.479852078488307,
              39.732012874370042
            ],
            [
              54.499432339000471,
              39.725989565823923
            ],
            [
              54.509232051451782,
              39.724733378912795
            ],
            [
              54.547826351268334,
              39.719109293819947
            ],
            [
              54.547839240268161,
              39.719107415593577
            ],
            [
              54.555594430251965,
              39.717952853761894
            ],
            [
              54.557140800058754,
              39.71729196675377
            ],
            [
              54.590858999574223,
              39.702881493981153
            ],
            [
              54.665306423299796,
              39.680770877468582
            ],
            [
              54.691428325935867,
              39.681776058608975
            ],
            [
              54.701672915556905,
              39.688533668529615
            ],
            [
              54.709713658409946,
              39.693837097254793
            ],
            [
              54.714478183339089,
              39.695059076324661
            ],
            [
              54.741059941752923,
              39.701876619081837
            ],
            [
              54.772406225095857,
              39.709915204600442
            ],
            [
              54.774843443444979,
              39.709290179475069
            ],
            [
              54.797389145698389,
              39.703508545731225
            ],
            [
              54.81550736547846,
              39.698861908665272
            ],
            [
              54.819642624933316,
              39.696892086489335
            ],
            [
              54.842935363740438,
              39.685796639168188
            ],
            [
              54.885055568683505,
              39.6791228420715
            ],
            [
              54.885557626280281,
              39.679043292825803
            ],
            [
              54.887342598850594,
              39.678760470252328
            ],
            [
              54.913875508996753,
              39.726055732618967
            ],
            [
              54.9172195249513,
              39.732016485173332
            ],
            [
              54.920006065950503,
              39.735015206392475
            ],
            [
              54.978442735293278,
              39.797901516116404
            ],
            [
              55.005632529455546,
              39.859233326452532
            ],
            [
              55.011095114262119,
              39.871555237140875
            ],
            [
              55.012936449084137,
              39.873721565732083
            ],
            [
              55.041706719433137,
              39.907569760252912
            ],
            [
              55.064155229412741,
              39.935741839117924
            ],
            [
              55.078440645099327,
              39.973286579539774
            ],
            [
              55.088644514088536,
              40.021751359853539
            ],
            [
              55.094714611024699,
              40.077510350191929
            ],
            [
              55.104573753470419,
              40.091492793812833
            ],
            [
              55.123135583645549,
              40.117051043504546
            ],
            [
              55.125378439754748,
              40.120138295446417
            ],
            [
              55.133993645563976,
              40.123761240567973
            ],
            [
              55.166193913016649,
              40.137302391466029
            ],
            [
              55.205564739833257,
              40.123470389664284
            ],
            [
              55.240082501990472,
              40.111343505510625
            ],
            [
              55.263465526691562,
              40.100570642334077
            ],
            [
              55.296554708746022,
              40.085057500035624
            ],
            [
              55.304966523185037,
              40.081112869660991
            ],
            [
              55.315197475107134,
              40.071146703512824
            ],
            [
              55.330961831817433,
              40.055790341818415
            ],
            [
              55.349863544042606,
              40.03737782204945
            ],
            [
              55.360091521714118,
              40.078249952009706
            ],
            [
              55.368230506426571,
              40.110774235068931
            ],
            [
              55.368230506426571,
              40.149246094177791
            ],
            [
              55.368230506426571,
              40.151342517999211
            ],
            [
              55.375252431854115,
              40.16705324520187
            ],
            [
              55.396801337799701,
              40.215266372259407
            ],
            [
              55.416289790273531,
              40.266653933733934
            ],
            [
              55.419249848677666,
              40.274459078006686
            ],
            [
              55.423127580220928,
              40.282444654735663
            ],
            [
              55.43965758575775,
              40.316485594927599
            ],
            [
              55.607001026401008,
              40.314929523475321
            ],
            [
              55.604892005794397,
              40.298042069832547
            ],
            [
              55.603050638439051,
              40.283294089047473
            ],
            [
              55.602919478805298,
              40.282243738541844
            ],
            [
              55.601717789689452,
              40.255649662923645
            ],
            [
              55.60171516948764,
              40.255595317690897
            ],
            [
              55.600878705007474,
              40.237080233286221
            ],
            [
              55.604960252603156,
              40.209032550438749
            ],
            [
              55.6539388210564,
              40.152902353447367
            ],
            [
              55.713121257600555,
              40.138862548410103
            ],
            [
              55.78658910983129,
              40.123259362641221
            ],
            [
              55.831486130688866,
              40.131061403351069
            ],
            [
              55.882515277152983,
              40.141564754662049
            ],
            [
              55.905680414433206,
              40.144290649883004
            ],
            [
              55.932161211217306,
              40.147182445942917
            ],
            [
              55.941687908585784,
              40.148222740853015
            ],
            [
              55.942675322676791,
              40.148062627678684
            ],
            [
              56.009033440321325,
              40.137302391466029
            ],
            [
              56.047808139785367,
              40.174736281148924
            ],
            [
              56.051889687381042,
              40.204356807588773
            ],
            [
              56.051146705264777,
              40.22137444456402
            ],
            [
              56.049977772669905,
              40.248148266049881
            ],
            [
              56.049848913583183,
              40.251099719538111
            ],
            [
              56.00087034512994,
              40.339822364843776
            ],
            [
              55.998931007796386,
              40.348983923252909
            ],
            [
              55.998444263245489,
              40.353275699893004
            ],
            [
              55.99098822303111,
              40.386506694201451
            ],
            [
              55.990237548558881,
              40.39880646398548
            ],
            [
              55.989413390099784,
              40.419515389712892
            ],
            [
              55.988678870031293,
              40.43931649241653
            ],
            [
              56.196304007714325,
              40.496255569995007
            ],
            [
              56.288619432659324,
              40.521572138290864
            ],
            [
              56.289762092492737,
              40.520443509125705
            ],
            [
              56.404943531949783,
              40.406676377337739
            ],
            [
              56.442195004898956,
              40.379656089648435
            ],
            [
              56.447799779907832,
              40.375589738148769
            ],
            [
              56.469662310040448,
              40.353571701435712
            ],
            [
              56.504941442654129,
              40.318041630927823
            ],
            [
              56.530700434101455,
              40.298396558894034
            ],
            [
              56.564592037739814,
              40.272543108655981
            ],
            [
              56.573775254240168,
              40.265536229257521
            ],
            [
              56.588613162975776,
              40.254214767215139
            ],
            [
              56.606200508587136,
              40.239446392374845
            ],
            [
              56.629428636237641,
              40.219941362817735
            ],
            [
              56.630466586596498,
              40.219921548860228
            ],
            [
              56.708776986512518,
              40.21842664216917
            ],
            [
              56.711059583659726,
              40.218383068521838
            ],
            [
              56.725110359283846,
              40.233708472107587
            ],
            [
              56.725344999346312,
              40.233964397741218
            ],
            [
              56.82330213535451,
              40.229290374878808
            ],
            [
              56.886886679166132,
              40.238998520445641
            ],
            [
              56.889681242049278,
              40.239425196830169
            ],
            [
              56.894729213787393,
              40.240195925713529
            ],
            [
              56.919275542414766,
              40.238556282633432
            ],
            [
              57.057991107733272,
              40.229290374878808
            ],
            [
              57.076344544184003,
              40.232626426937713
            ],
            [
              57.097948233239613,
              40.2365532681888
            ],
            [
              57.100847354793018,
              40.237080233286221
            ],
            [
              57.100897973832978,
              40.23912698214486
            ],
            [
              57.102327325630313,
              40.296921917848444
            ],
            [
              57.102888128590841,
              40.31959763078806
            ],
            [
              57.102327325630313,
              40.322931275551163
            ],
            [
              57.092684259601633,
              40.38025364870068
            ],
            [
              57.051868786339739,
              40.470359118959173
            ],
            [
              57.00289021878482,
              40.537083516539248
            ],
            [
              56.927381592756234,
              40.605290923497861
            ],
            [
              56.896640073064546,
              40.638436543744604
            ],
            [
              56.849832192929817,
              40.688904973251702
            ],
            [
              56.81333190689535,
              40.776470593628844
            ],
            [
              56.800853624476574,
              40.806406483451994
            ],
            [
              56.787907163022894,
              40.849479943363534
            ],
            [
              56.760038151214673,
              40.94220139989357
            ],
            [
              56.745552178450609,
              40.971180514645141
            ],
            [
              56.74550937336808,
              40.971266145994775
            ],
            [
              56.719222677952779,
              41.023852546320583
            ],
            [
              56.715264609559362,
              41.024528552047322
            ],
            [
              56.61106167295538,
              41.04232556182226
            ],
            [
              56.610898135450448,
              41.043075264044013
            ],
            [
              56.600809684809683,
              41.089323577925924
            ],
            [
              56.586572389177924,
              41.154591371827422
            ],
            [
              56.558001557804751,
              41.235979168957883
            ],
            [
              56.527389952633769,
              41.297336906110075
            ],
            [
              56.070256649765007,
              41.318798491263784
            ],
            [
              55.958014098070223,
              41.329526634846438
            ],
            [
              55.888627793435163,
              41.341785206968041
            ],
            [
              55.788629883629149,
              41.280469276543329
            ],
            [
              55.696795068116145,
              41.271266913081242
            ],
            [
              55.421290622475489,
              41.285069971457368
            ],
            [
              55.374352827820061,
              41.387734304829742
            ],
            [
              55.288640333700627,
              41.426000432103123
            ],
            [
              55.196805518187638,
              41.499408212470847
            ],
            [
              55.174357008207998,
              41.560517874687839
            ],
            [
              55.078440645099327,
              41.693232030847518
            ],
            [
              54.962116545808868,
              41.790686396369139
            ],
            [
              54.943749582526614,
              41.859120425279528
            ],
            [
              54.951912677717964,
              41.921407739291084
            ],
            [
              54.75395763100542,
              42.079132340135899
            ],
            [
              54.645796626906353,
              42.123043522280696
            ],
            [
              54.409066880729732,
              42.242509360691358
            ],
            [
              54.296824329034955,
              42.305930926982157
            ],
            [
              54.202948739724135,
              42.343651556494393
            ],
            [
              54.015197562000793,
              42.345159910833225
            ],
            [
              53.788671683915084,
              42.305930926982157
            ],
            [
              53.651939848442851,
              42.293855549087787
            ],
            [
              53.432457089171386,
              42.26695294598062
            ],
            [
              53.400692854761026,
              42.259529517200079
            ],
            [
              53.211779252568462,
              42.195775804763826
            ],
            [
              53.114814747762672,
              42.168521583352536
            ],
            [
              52.97354749628736,
              42.118318322206598
            ],
            [
              52.804120833754133,
              42.014997736032257
            ],
            [
              52.744040456523351,
              41.963546322683129
            ],
            [
              52.6434711301617,
              41.903305103882047
            ],
            [
              52.515228913113553,
              41.804379053755923
            ],
            [
              52.439720287084995,
              41.761770068848811
            ],
            [
              52.5642074806685,
              41.69170813264315
            ],
            [
              52.531555101699659,
              41.549827850412008
            ],
            [
              52.525432781204465,
              41.508578341707718
            ],
            [
              52.613186049121744,
              41.514691039675334
            ],
            [
              52.745836337896641,
              41.383140855410062
            ],
            [
              52.792774132552069,
              41.298870110884444
            ],
            [
              52.823385736824726,
              41.216025490996998
            ],
            [
              52.817263416329524,
              41.096175580031499
            ],
            [
              52.915220552337715,
              40.983809898949481
            ],
            [
              52.792774132552069,
              40.753865683150053
            ],
            [
              52.823385736824726,
              40.715206231118444
            ],
            [
              52.767915876551427,
              40.603268024436076
            ],
            [
              52.718597723361178,
              40.527067299429802
            ],
            [
              52.690757387604044,
              40.367479515415845
            ],
            [
              52.675398364778687,
              40.310617847939966
            ],
            [
              52.697867381499641,
              40.256339296097551
            ],
            [
              52.720871373718353,
              40.1725915276796
            ],
            [
              52.723546256597139,
              40.115747585475965
            ],
            [
              52.715471252193787,
              40.095674676275358
            ]
          ]
        ]
      }
    },
    {
      "type": "Feature",
      "properties": {
        "name": "Gubadag",
        "admin_level": 2,
        "source_shape_id": "10190150B74382957458545"
      },
      "geometry": {
        "type": "Polygon",
        "coordinates": [
          [
            [
              58.888326805091765,
              41.954534792998992
            ],
            [
              58.746362737540935,
              41.974510291795688
            ],
            [
              58.520174915259609,
              41.859097841534421
            ],
            [
              58.260550933025705,
              41.753798600883449
            ],
            [
              58.151139790258092,
              41.685304802629233
            ],
            [
              57.869670803320439,
              41.874801063820001
            ],
            [
              57.82202401602197,
              41.924713622004546
            ],
            [
              57.76416017699681,
              41.956526353872647
            ],
            [
              57.761142009181057,
              41.958185700453747
            ],
            [
              57.760334466870077,
              41.959017427199129
            ],
            [
              57.699377654610238,
              42.021799785944367
            ],
            [
              57.664083737327651,
              42.013933447977379
            ],
            [
              57.616886769438189,
              42.00767108848494
            ],
            [
              57.589966511842633,
              42.004099157103937
            ],
            [
              57.559966682736338,
              41.993607571431411
            ],
            [
              57.524811568121777,
              41.993172103171517
            ],
            [
              57.50702580726157,
              41.992951790013173
            ],
            [
              57.504242607330255,
              41.987573200321698
            ],
            [
              57.502614067713544,
              41.98442601484787
            ],
            [
              57.405654567243822,
              41.98442601484787
            ],
            [
              57.404673448130154,
              41.98442601484787
            ],
            [
              57.400709214301649,
              41.979335726359956
            ],
            [
              57.394967621304119,
              41.97196321353605
            ],
            [
              57.229086212141986,
              41.975899098758624
            ],
            [
              57.221145080775855,
              41.964746792271278
            ],
            [
              57.141245431248031,
              41.967246819546311
            ],
            [
              57.122522666841306,
              41.922340061398501
            ],
            [
              57.004716509927093,
              41.902301761847134
            ],
            [
              56.991252948520916,
              41.796997495730182
            ],
            [
              56.984521168716142,
              41.696546589908323
            ],
            [
              56.991252948520916,
              41.613556297013105
            ],
            [
              57.018180070434973,
              41.527939323709411
            ],
            [
              57.031643630942817,
              41.414448303956441
            ],
            [
              57.1157908861382,
              41.346258339579393
            ],
            [
              57.048473082700568,
              41.262817969802562
            ],
            [
              56.960959937153653,
              41.265348034481079
            ],
            [
              56.792665426762895,
              41.305815736737408
            ],
            [
              56.735445293481575,
              41.290643290031355
            ],
            [
              56.533491880473726,
              41.300758646481697
            ],
            [
              56.573882563793923,
              41.19700188421438
            ],
            [
              56.600809684809683,
              41.1184422817485
            ],
            [
              56.600809684809683,
              41.089323577925924
            ],
            [
              56.610898135450448,
              41.043075264044013
            ],
            [
              56.715249952270625,
              41.024554364200107
            ],
            [
              56.715264609559362,
              41.024528552047322
            ],
            [
              56.719222677952779,
              41.023852546320583
            ],
            [
              56.74550937336808,
              40.971266145994775
            ],
            [
              56.745552178450609,
              40.971180514645141
            ],
            [
              56.760038151214673,
              40.94220139989357
            ],
            [
              56.787907163022894,
              40.849479943363534
            ],
            [
              56.812860767973845,
              40.777779575420197
            ],
            [
              56.81333190689535,
              40.776470593628844
            ],
            [
              56.849832192929817,
              40.688904973251702
            ],
            [
              56.896640073064546,
              40.638436543744604
            ],
            [
              56.981155278364604,
              40.568448081240724
            ],
            [
              57.05857075285688,
              40.466096759659912
            ],
            [
              57.102327325630313,
              40.381539318942977
            ],
            [
              57.102327325630313,
              40.322931275551163
            ],
            [
              57.102888128590841,
              40.31959763078806
            ],
            [
              57.102327325630313,
              40.296921917848444
            ],
            [
              57.102327325630313,
              40.240374123224719
            ],
            [
              57.100897973832978,
              40.23912698214486
            ],
            [
              57.100847354793018,
              40.237080233286221
            ],
            [
              57.097948233239613,
              40.2365532681888
            ],
            [
              57.078766094067831,
              40.219816427191837
            ],
            [
              57.078766094067831,
              40.147852268003376
            ],
            [
              57.078766094067831,
              40.14115320476553
            ],
            [
              57.078766094067831,
              40.14009642688719
            ],
            [
              57.083494552885377,
              40.141391820503813
            ],
            [
              57.098297862805509,
              40.14544728845128
            ],
            [
              57.25484447304477,
              40.188334302472789
            ],
            [
              57.257158274614895,
              40.188968184229978
            ],
            [
              57.275876469055284,
              40.28058747254471
            ],
            [
              57.297548957036803,
              40.386667037601015
            ],
            [
              57.303432298211703,
              40.393811252600223
            ],
            [
              57.322456544919575,
              40.41691263404973
            ],
            [
              57.382773297647709,
              40.503780215984065
            ],
            [
              57.399188046775777,
              40.530280676638043
            ],
            [
              57.451706729208674,
              40.615068404220921
            ],
            [
              57.492635953440065,
              40.665741318382267
            ],
            [
              57.493474162281657,
              40.668601794765344
            ],
            [
              57.501252632272887,
              40.695146646838275
            ],
            [
              57.673611459390614,
              40.955409520515289
            ],
            [
              57.698782407007229,
              40.966292895794048
            ],
            [
              57.755186160881046,
              40.990112142515457
            ],
            [
              57.94819976835344,
              41.07019353321337
            ],
            [
              58.099853317787577,
              41.151215615931378
            ],
            [
              58.28183757638989,
              41.257016667458338
            ],
            [
              58.545163284144309,
              41.29224566693906
            ],
            [
              58.57273665676869,
              41.353333214518919
            ],
            [
              58.629262070738527,
              41.49702490082219
            ],
            [
              58.771264939125288,
              41.737175807549114
            ],
            [
              58.831926359258269,
              41.847159991245981
            ],
            [
              58.958763872611783,
              41.913880658302148
            ],
            [
              58.990473251399322,
              41.945676747113588
            ],
            [
              58.989130431822858,
              41.956662144180846
            ],
            [
              58.989094582678277,
              41.956955420429281
            ],
            [
              58.986143701343252,
              41.956435652912241
            ],
            [
              58.953491140460642,
              41.950684238819953
            ],
            [
              58.936705174871626,
              41.947727562944259
            ],
            [
              58.888326805091765,
              41.954534792998992
            ]
          ]
        ]
      }
    },
    {
      "type": "Feature",
      "properties": {
        "name": "Baherden",
        "admin_level": 2,
        "source_shape_id": "10190150B40000077655635"
      },
      "geometry": {
        "type": "Polygon",
        "coordinates": [
          [
            [
              57.159547458911639,
              40.031939306734962
            ],
            [
              57.159509768117822,
              40.031020485930711
            ],
            [
              57.158739645299164,
              40.012246541527432
            ],
            [
              57.140113540809097,
              39.951579250061037
            ],
            [
              57.132889608800674,
              39.928050101015288
            ],
            [
              57.147968796533526,
              39.881780513047524
            ],
            [
              57.147968796533526,
              39.876081859442507
            ],
            [
              57.147968796533526,
              39.867774170874497
            ],
            [
              57.147968796533526,
              39.830517025764713
            ],
            [
              57.158222645090213,
              39.77722860902459
            ],
            [
              57.196599132129997,
              39.706579349477735
            ],
            [
              57.199290252052187,
              39.701625127647645
            ],
            [
              57.203718709291614,
              39.6934725517077
            ],
            [
              57.222027428505797,
              39.604133913309354
            ],
            [
              57.218403679295704,
              39.546962824603689
            ],
            [
              57.216239226499056,
              39.51281473221038
            ],
            [
              57.073934153172615,
              39.463131956722371
            ],
            [
              57.072618958916273,
              39.458658015824902
            ],
            [
              57.046130397292778,
              39.368550977574834
            ],
            [
              57.038553222855228,
              39.34277544636344
            ],
            [
              57.037924398414283,
              39.341665967607966
            ],
            [
              57.005852187957068,
              39.290028143593773
            ],
            [
              56.904547617484837,
              39.12038026219966
            ],
            [
              56.903914927430947,
              39.099266615000595
            ],
            [
              56.903168948763785,
              39.074372387093149
            ],
            [
              56.861808889827202,
              39.010125193155396
            ],
            [
              56.803904807136327,
              38.900770921742229
            ],
            [
              56.759787410757646,
              38.821329886086644
            ],
            [
              56.714792897382445,
              38.743160396588429
            ],
            [
              56.711534009114111,
              38.737498692234766
            ],
            [
              56.71011019786058,
              38.710278891006574
            ],
            [
              56.708776671672013,
              38.684785120188721
            ],
            [
              56.700731350643416,
              38.67886110125896
            ],
            [
              56.696148067372974,
              38.675486287903709
            ],
            [
              56.631736668713984,
              38.532752961772722
            ],
            [
              56.613342509673316,
              38.511719240368457
            ],
            [
              56.608795623243843,
              38.506519875602564
            ],
            [
              56.541705367559253,
              38.473784680884179
            ],
            [
              56.540854832766783,
              38.473369681391894
            ],
            [
              56.541705367559253,
              38.438495686201684
            ],
            [
              56.543460209025312,
              38.366542917909463
            ],
            [
              56.543501876854911,
              38.364834435550129
            ],
            [
              56.626442581436017,
              38.344768685287121
            ],
            [
              56.859051552385104,
              38.346066207841275
            ],
            [
              56.865944895092021,
              38.306048569580703
            ],
            [
              57.032763799559412,
              38.266008840162947
            ],
            [
              57.146515522250013,
              38.245561150585161
            ],
            [
              57.147193295321784,
              38.245439316005005
            ],
            [
              57.163737319076077,
              38.260596372338867
            ],
            [
              57.211990720719612,
              38.269256127953064
            ],
            [
              57.246457436949242,
              38.260596372338867
            ],
            [
              57.260244123261444,
              38.21944843763518
            ],
            [
              57.29608950731383,
              38.197782277366883
            ],
            [
              57.293332169871732,
              38.146841418816614
            ],
            [
              57.338828234971459,
              38.128407235358708
            ],
            [
              57.362265601432703,
              38.082843996129128
            ],
            [
              57.386617661423912,
              38.090989362921391
            ],
            [
              57.416777593302456,
              38.101077368111476
            ],
            [
              57.417412346681452,
              38.101289682761504
            ],
            [
              57.421800958039867,
              38.094602529812846
            ],
            [
              57.46015107433908,
              38.036166484251488
            ],
            [
              57.515024296307644,
              38.067317463571911
            ],
            [
              57.519433824852719,
              38.069820708826931
            ],
            [
              57.520955333976673,
              38.069679784265333
            ],
            [
              57.566308558673505,
              38.065479097455786
            ],
            [
              57.564929889952452,
              38.016618221174468
            ],
            [
              57.585949145455771,
              38.007302799599323
            ],
            [
              57.586988587692645,
              38.006842134251876
            ],
            [
              57.628747578529122,
              38.009035649673478
            ],
            [
              57.649028676546664,
              38.010100974777785
            ],
            [
              57.646271339104572,
              38.08826968075261
            ],
            [
              57.658679356695714,
              38.09260993938944
            ],
            [
              57.658517264685976,
              38.114356959624985
            ],
            [
              57.658507022993277,
              38.115731032898431
            ],
            [
              57.705898757023007,
              38.12589928384552
            ],
            [
              57.760487129254116,
              38.193584531853922
            ],
            [
              57.761907169885589,
              38.195344431032524
            ],
            [
              57.803604633489073,
              38.196254707399142
            ],
            [
              57.839457280279362,
              38.1970373885081
            ],
            [
              57.832994771379326,
              38.354310340407402
            ],
            [
              57.827853040600679,
              38.368188210455607
            ],
            [
              57.825993719771517,
              38.373206639843673
            ],
            [
              57.825601347474205,
              38.379664049952076
            ],
            [
              57.823288773397913,
              38.417722902014056
            ],
            [
              57.822777339621446,
              38.429341818295121
            ],
            [
              57.832725499576306,
              38.478681773110011
            ],
            [
              57.832725499576306,
              38.504415953289104
            ],
            [
              57.832725499576306,
              38.61030896374529
            ],
            [
              57.833858605013333,
              38.614734023986635
            ],
            [
              57.849554951334014,
              38.67603218368847
            ],
            [
              57.847310822102948,
              38.840148660685152
            ],
            [
              57.842890154504637,
              39.163438595223091
            ],
            [
              57.842823170630901,
              39.168337224598567
            ],
            [
              57.829359610123056,
              39.389799289558809
            ],
            [
              57.841955693761697,
              39.426871152051731
            ],
            [
              57.860086689764373,
              39.480232959574906
            ],
            [
              57.883213853052837,
              39.548299117428236
            ],
            [
              57.883205682164814,
              39.549153800762213
            ],
            [
              57.880220520999075,
              39.549267479416557
            ],
            [
              57.880504464398975,
              39.554519320161198
            ],
            [
              57.882756220233667,
              39.596167983393563
            ],
            [
              57.880286521920702,
              39.854500979990419
            ],
            [
              57.880220520999075,
              39.856986276938564
            ],
            [
              57.876260462460714,
              39.911683116522106
            ],
            [
              57.875859038500778,
              39.913376186172883
            ],
            [
              57.866384402193432,
              39.944257718199196
            ],
            [
              57.866384402193432,
              39.964575911798661
            ],
            [
              57.864380285049066,
              39.984544344864062
            ],
            [
              57.866384402193432,
              40.00757052193336
            ],
            [
              57.866384402193432,
              40.013896415441657
            ],
            [
              57.84583515874268,
              40.014989258738808
            ],
            [
              57.624040307661936,
              40.026784681617897
            ],
            [
              57.553062189386303,
              40.026784681617897
            ],
            [
              57.401891553443129,
              40.026784681617897
            ],
            [
              57.351403200864887,
              39.962319009861403
            ],
            [
              57.298097669633911,
              39.958914072963466
            ],
            [
              57.230231153599171,
              39.954579040571055
            ],
            [
              57.177249826400931,
              40.012564826287147
            ],
            [
              57.159547458911639,
              40.031939306734962
            ]
          ]
        ]
      }
    },
    {
      "type": "Feature",
      "properties": {
        "name": "Akdepe",
        "admin_level": 2,
        "source_shape_id": "10190150B20893258254384"
      },
      "geometry": {
        "type": "Polygon",
        "coordinates": [
          [
            [
              57.493474162281657,
              40.668601794765344
            ],
            [
              57.493006279424378,
              40.663988786759852
            ],
            [
              57.399188046775777,
              40.530280676638043
            ],
            [
              57.382773297647709,
              40.503780215984065
            ],
            [
              57.322456544919575,
              40.41691263404973
            ],
            [
              57.303432298211703,
              40.393811252600223
            ],
            [
              57.300850510047681,
              40.390131733103843
            ],
            [
              57.275876469055284,
              40.28058747254471
            ],
            [
              57.257158274614895,
              40.188968184229978
            ],
            [
              57.25484447304477,
              40.188334302472789
            ],
            [
              57.252811567703546,
              40.1794173189354
            ],
            [
              57.098297862805509,
              40.14544728845128
            ],
            [
              57.083494552885377,
              40.141391820503813
            ],
            [
              57.177492496081378,
              40.012963340841267
            ],
            [
              57.177249826400931,
              40.012564826287147
            ],
            [
              57.230231153599171,
              39.954579040571055
            ],
            [
              57.298097669633911,
              39.958914072963466
            ],
            [
              57.348889452391859,
              39.964364655163543
            ],
            [
              57.399330341583727,
              40.028767824253421
            ],
            [
              57.448836840293502,
              40.032213930775214
            ],
            [
              57.468374397977001,
              40.063995896769505
            ],
            [
              57.468374397977001,
              40.267356811032833
            ],
            [
              57.480018450080522,
              40.283347464088052
            ],
            [
              57.480996543389175,
              40.28577277433974
            ],
            [
              57.480996543389175,
              40.386472747588911
            ],
            [
              57.611041868122904,
              40.388673896787587
            ],
            [
              57.699008226941238,
              40.391011161047473
            ],
            [
              57.695532375272109,
              40.331407428278467
            ],
            [
              57.694770147177174,
              40.304104113735704
            ],
            [
              57.810523484615686,
              40.306023131035076
            ],
            [
              57.810579293869843,
              40.305895439600718
            ],
            [
              57.812465246102882,
              40.305924791629046
            ],
            [
              57.81967108754435,
              40.29493352731108
            ],
            [
              58.026238539803948,
              40.29493352731108
            ],
            [
              58.047005002223919,
              40.298588557934465
            ],
            [
              58.051295063869262,
              40.300224593271743
            ],
            [
              58.196776785754523,
              40.307876150863265
            ],
            [
              58.196776785754523,
              40.332600979051854
            ],
            [
              58.196776785754523,
              40.338887854266886
            ],
            [
              58.186807298901051,
              40.344966806547099
            ],
            [
              58.184767049719333,
              40.346210793140138
            ],
            [
              58.182365102871628,
              40.507114273649371
            ],
            [
              58.197760560801846,
              40.51714678826098
            ],
            [
              58.199178732602263,
              40.51807094585174
            ],
            [
              58.218902867920832,
              40.84282023123189
            ],
            [
              58.218858812725145,
              40.845274147836108
            ],
            [
              58.21769392778787,
              40.910159354790402
            ],
            [
              58.291895358266792,
              40.944105136391407
            ],
            [
              58.424047305777407,
              41.004562207358752
            ],
            [
              58.518224026889094,
              41.04764631484997
            ],
            [
              58.582348194364698,
              41.072039353749133
            ],
            [
              58.723058109112252,
              41.125565856455623
            ],
            [
              58.742775107044679,
              41.13306626568469
            ],
            [
              58.804027849476249,
              41.153199117927173
            ],
            [
              58.806881961550964,
              41.154137221502666
            ],
            [
              58.839112479085991,
              41.196791831607833
            ],
            [
              58.838695933832796,
              41.204750902056063
            ],
            [
              58.837341571775895,
              41.230629154036123
            ],
            [
              58.845455340664785,
              41.232976029495717
            ],
            [
              58.851154650591148,
              41.234624532279803
            ],
            [
              58.852312628399702,
              41.343502173961951
            ],
            [
              58.852358227781835,
              41.347785930835499
            ],
            [
              58.867141032534334,
              41.372213614604796
            ],
            [
              58.899684343328936,
              41.425989452018996
            ],
            [
              58.930307999997147,
              41.476593178001636
            ],
            [
              58.932072847717343,
              41.479509481283166
            ],
            [
              58.930804546402534,
              41.509908354033847
            ],
            [
              58.93072175278396,
              41.511892766291602
            ],
            [
              58.931602148512489,
              41.512288301522055
            ],
            [
              58.944232705711244,
              41.517962829680727
            ],
            [
              58.945227294342708,
              41.582718997498702
            ],
            [
              58.945583800644656,
              41.605914771825745
            ],
            [
              58.949039056980489,
              41.611511996351076
            ],
            [
              58.953690372041713,
              41.619046735370517
            ],
            [
              58.958634543047623,
              41.619046735370517
            ],
            [
              58.989485814255872,
              41.619046735370517
            ],
            [
              59.00638308702095,
              41.619046735370517
            ],
            [
              59.011020189619231,
              41.632911616322836
            ],
            [
              59.013138563484581,
              41.639244535184297
            ],
            [
              59.013800545580956,
              41.639724030672994
            ],
            [
              59.082408981361226,
              41.689419385915372
            ],
            [
              59.102310850648877,
              41.703834966929413
            ],
            [
              59.124615864174423,
              41.717987943812204
            ],
            [
              59.124643576716274,
              41.718005527973887
            ],
            [
              59.139854714101375,
              41.727406069233005
            ],
            [
              59.142956603407491,
              41.729300265575539
            ],
            [
              59.144194803465872,
              41.730056315755725
            ],
            [
              59.156929434403835,
              41.731244261545214
            ],
            [
              59.165812326891952,
              41.732072899201157
            ],
            [
              59.217108745509293,
              41.78701661960968
            ],
            [
              59.218505041871147,
              41.788511538424629
            ],
            [
              59.225996042719771,
              41.788511538424629
            ],
            [
              59.265793376218404,
              41.788511538424629
            ],
            [
              59.265973642044791,
              41.788847556790877
            ],
            [
              59.271197756850341,
              41.798584643313916
            ],
            [
              59.271766045472113,
              41.798584643313916
            ],
            [
              59.388906222875697,
              41.798584643313916
            ],
            [
              59.391445234669462,
              41.798584643313916
            ],
            [
              59.415469965359421,
              41.809926111393061
            ],
            [
              59.431978092553088,
              41.817719180960822
            ],
            [
              59.432851701610169,
              41.817259555622599
            ],
            [
              59.454946711810869,
              41.805634874703472
            ],
            [
              59.52655476034932,
              41.807649084234257
            ],
            [
              59.52655476034932,
              41.80805569458628
            ],
            [
              59.52655476034932,
              41.832427479068087
            ],
            [
              59.52655476034932,
              41.845907029889752
            ],
            [
              59.51759110454303,
              41.857174151614061
            ],
            [
              59.504937236024951,
              41.873076413004355
            ],
            [
              59.504887969694025,
              41.874066696581416
            ],
            [
              59.503626892592081,
              41.899415122576457
            ],
            [
              59.503586141091539,
              41.900234252821598
            ],
            [
              59.509124974231597,
              41.909656157167802
            ],
            [
              59.50913175430378,
              41.909667690498011
            ],
            [
              59.51937685593817,
              41.925745966388078
            ],
            [
              59.52655476034932,
              41.936426745641768
            ],
            [
              59.526177367743017,
              41.939795276474399
            ],
            [
              59.525366496774424,
              41.947032948366726
            ],
            [
              59.525203665415908,
              41.948486348466602
            ],
            [
              59.518761963294466,
              41.95396153162126
            ],
            [
              59.515983719360754,
              41.956322779429556
            ],
            [
              59.515745998187121,
              41.961763563243622
            ],
            [
              59.515745998187121,
              41.968408532910665
            ],
            [
              59.515745998187121,
              41.975612115242136
            ],
            [
              59.51539166401151,
              41.975875537723049
            ],
            [
              59.503586141091539,
              41.984651471188641
            ],
            [
              59.49277737892934,
              42.003730341736883
            ],
            [
              59.490083758122189,
              42.038749242729182
            ],
            [
              59.490075188164226,
              42.038860658006563
            ],
            [
              59.430289257123981,
              42.088689873955296
            ],
            [
              59.434680283318201,
              42.105053583099838
            ],
            [
              59.432478562373078,
              42.105264258660888
            ],
            [
              59.420102831855594,
              42.106448452314488
            ],
            [
              59.394505544212493,
              42.108897774036009
            ],
            [
              59.38874442380687,
              42.099962629486328
            ],
            [
              59.385231035385303,
              42.094513579441262
            ],
            [
              59.382781127647263,
              42.091998216002004
            ],
            [
              59.374353402978933,
              42.083345317646852
            ],
            [
              59.372856714028636,
              42.079063654412941
            ],
            [
              59.372853395223807,
              42.079054160119149
            ],
            [
              59.366757629826743,
              42.067935380380447
            ],
            [
              59.336121710293511,
              42.064715421959093
            ],
            [
              59.330645948293224,
              42.072968664845327
            ],
            [
              59.330201123322368,
              42.076435084723137
            ],
            [
              59.328651655124808,
              42.088509738152993
            ],
            [
              59.328035899351576,
              42.093308182916793
            ],
            [
              59.327943757528075,
              42.094026223201119
            ],
            [
              59.32235206036794,
              42.09921243231571
            ],
            [
              59.317134996264201,
              42.104051175300413
            ],
            [
              59.317028460182406,
              42.10474247341751
            ],
            [
              59.314200269401269,
              42.123094217998755
            ],
            [
              59.3136524067476,
              42.123094217998755
            ],
            [
              59.309383315523888,
              42.123094217998755
            ],
            [
              59.300921852571769,
              42.123094217998755
            ],
            [
              59.249580233424304,
              42.112069995995867
            ],
            [
              59.249580233424304,
              42.112004271914522
            ],
            [
              59.249580233424304,
              42.101019777299499
            ],
            [
              59.249580233424304,
              42.078985822960753
            ],
            [
              59.247197018201206,
              42.07790475044397
            ],
            [
              59.225260518334785,
              42.067953929850802
            ],
            [
              59.211589374837473,
              42.06690403091266
            ],
            [
              59.18607875628291,
              42.064944899159201
            ],
            [
              59.160407946260008,
              42.049897606003178
            ],
            [
              59.119875088376396,
              42.066950935361113
            ],
            [
              59.099563359640598,
              42.066116087422444
            ],
            [
              59.098936677093207,
              42.065098214835949
            ],
            [
              59.095174613746899,
              42.058987782744246
            ],
            [
              59.091927067074565,
              42.053713040779733
            ],
            [
              59.074351436014297,
              42.026471982963699
            ],
            [
              59.058336667885648,
              42.00263597970693
            ],
            [
              59.056373611234989,
              41.999714212476675
            ],
            [
              59.023736939127687,
              41.979651313444734
            ],
            [
              58.986116658528282,
              41.956524816700906
            ],
            [
              58.986143701343252,
              41.956435652912241
            ],
            [
              58.989094582678277,
              41.956955420429281
            ],
            [
              58.989130431822858,
              41.956662144180846
            ],
            [
              58.990473251399322,
              41.945676747113588
            ],
            [
              58.958763872611783,
              41.913880658302148
            ],
            [
              58.831926359258269,
              41.847159991245981
            ],
            [
              58.771264939125288,
              41.737175807549114
            ],
            [
              58.629262070738527,
              41.49702490082219
            ],
            [
              58.57273665676869,
              41.353333214518919
            ],
            [
              58.545163284144309,
              41.29224566693906
            ],
            [
              58.28183757638989,
              41.257016667458338
            ],
            [
              58.099853317787577,
              41.151215615931378
            ],
            [
              57.94819976835344,
              41.07019353321337
            ],
            [
              57.755186160881046,
              40.990112142515457
            ],
            [
              57.698782407007229,
              40.966292895794048
            ],
            [
              57.673611459390614,
              40.955409520515289
            ],
            [
              57.501252632272887,
              40.695146646838275
            ],
            [
              57.493474162281657,
              40.668601794765344
            ]
          ]
        ]
      }
    },
    {
      "type": "Feature",
      "properties": {
        "name": "Ady görkezilmedik etrap",
        "admin_level": 2,
        "source_shape_id": "10190150B22950665135778"
      },
      "geometry": {
        "type": "Polygon",
        "coordinates": [
          [
            [
              60.456773727173712,
              39.778550377802446
            ],
            [
              60.461349582517947,
              39.637857731291092
            ],
            [
              60.461349582517947,
              39.593919375228843
            ],
            [
              60.466138966624889,
              39.582847976806733
            ],
            [
              60.463854974109225,
              39.547626834852657
            ],
            [
              60.476101863051873,
              39.481492419853723
            ],
            [
              60.478019143138248,
              39.475944502878917
            ],
            [
              60.478019143138248,
              39.393363680526413
            ],
            [
              60.47794047227891,
              39.39335815288397
            ],
            [
              60.47794047227891,
              39.390049950293374
            ],
            [
              60.48560668838379,
              39.390346207279435
            ],
            [
              60.540503281500001,
              39.405232782664733
            ],
            [
              60.573776671528265,
              39.414582070108565
            ],
            [
              60.57858427851599,
              39.415559391305557
            ],
            [
              60.648004453573598,
              39.42967156993334
            ],
            [
              60.761299488523221,
              39.43570645531495
            ],
            [
              60.77914882394672,
              39.434817015632277
            ],
            [
              60.867826378967081,
              39.439538445696947
            ],
            [
              60.911384732541009,
              39.439538445696947
            ],
            [
              60.917599047351715,
              39.439538445696947
            ],
            [
              60.975667161515162,
              39.439538445696947
            ],
            [
              60.999190446214065,
              39.431462772021071
            ],
            [
              61.03749393271989,
              39.418312973358653
            ],
            [
              61.050326164541261,
              39.413907597236694
            ],
            [
              61.170853024463497,
              39.413907597236694
            ],
            [
              61.174405950864056,
              39.413907597236694
            ],
            [
              61.176944456922229,
              39.413907597236694
            ],
            [
              61.191348726611302,
              39.413907597236694
            ],
            [
              61.241121395894261,
              39.362617623179069
            ],
            [
              61.315780398920367,
              39.298452153737728
            ],
            [
              61.325169163281473,
              39.285733336561243
            ],
            [
              61.348962178442328,
              39.253501298534836
            ],
            [
              61.352250524662509,
              39.253594104221428
            ],
            [
              61.362627998319368,
              39.253886983530158
            ],
            [
              62.106510432228362,
              39.27488128139327
            ],
            [
              62.936919448775939,
              39.298317584560159
            ],
            [
              62.94168758381862,
              39.298452153737728
            ],
            [
              62.905232959308705,
              39.3136376430312
            ],
            [
              62.833846801270553,
              39.343374164889923
            ],
            [
              62.836623972569036,
              39.346809310393645
            ],
            [
              62.875324025673024,
              39.394678274575476
            ],
            [
              62.883619470553512,
              39.433131616970812
            ],
            [
              62.875324025673024,
              39.484369743304924
            ],
            [
              62.858733135912033,
              39.529172159325398
            ],
            [
              62.825551356390072,
              39.554760569671032
            ],
            [
              62.814835462250379,
              39.550628933811765
            ],
            [
              62.775778687107106,
              39.535570146311102
            ],
            [
              62.776013644509646,
              39.537924414043296
            ],
            [
              62.783038720431016,
              39.608315512085916
            ],
            [
              62.783552607256823,
              39.6134646461797
            ],
            [
              62.78407413198763,
              39.6186903119047
            ],
            [
              62.701119684080993,
              39.631469181560327
            ],
            [
              62.671588537578337,
              39.633364410432506
            ],
            [
              62.601574346413408,
              39.637857731291092
            ],
            [
              62.569761008129831,
              39.678670861984472
            ],
            [
              62.551801677130484,
              39.701710774259894
            ],
            [
              62.549581885070403,
              39.70307656052173
            ],
            [
              62.502841007951979,
              39.731835131643052
            ],
            [
              62.468847229223854,
              39.752750710543268
            ],
            [
              62.468847229223854,
              39.810125466095506
            ],
            [
              62.452256339462892,
              39.867452375560873
            ],
            [
              62.435665449701887,
              39.95653242633616
            ],
            [
              62.443473581576747,
              40.022335754616755
            ],
            [
              62.443960894582411,
              40.026442603502119
            ],
            [
              62.419074559940924,
              40.070893635587069
            ],
            [
              62.410779115060407,
              40.134344817436848
            ],
            [
              62.409937589471937,
              40.134273327888231
            ],
            [
              62.409937589471937,
              40.131640300110469
            ],
            [
              62.336686489041185,
              40.126973033865973
            ],
            [
              62.320813235859255,
              40.132682983332103
            ],
            [
              62.253165664127707,
              40.153368631681253
            ],
            [
              62.240806942429785,
              40.161462962282769
            ],
            [
              62.232914096464803,
              40.164302188186085
            ],
            [
              62.221520001075184,
              40.174094922402276
            ],
            [
              62.195097549964267,
              40.191400276452782
            ],
            [
              62.137029436699166,
              40.235743588844713
            ],
            [
              62.02918865325276,
              40.216742865239063
            ],
            [
              62.013964698268929,
              40.216742865239063
            ],
            [
              62.00705653710272,
              40.215596277214289
            ],
            [
              61.87886711134886,
              40.206272964817074
            ],
            [
              61.707947877309856,
              40.196948369498109
            ],
            [
              61.470102748931716,
              40.192289919128314
            ],
            [
              61.421733178557531,
              40.112236530034785
            ],
            [
              61.384422183441181,
              40.042907451068515
            ],
            [
              61.317275341080219,
              40.005511653298718
            ],
            [
              61.256232757687364,
              39.935339295201963
            ],
            [
              61.2536756444877,
              39.93549614176127
            ],
            [
              61.249416840774742,
              39.931092805556489
            ],
            [
              61.228793520692683,
              39.937022345413908
            ],
            [
              61.103626297857701,
              39.944699771756397
            ],
            [
              60.994672434634403,
              39.937738374069404
            ],
            [
              60.992258051276146,
              39.937453597781428
            ],
            [
              60.892712712710235,
              39.924731422362548
            ],
            [
              60.79508431869354,
              39.915922361059529
            ],
            [
              60.761787829779685,
              39.911932502895155
            ],
            [
              60.755884018671942,
              39.912385297385946
            ],
            [
              60.751690150640194,
              39.912006882469257
            ],
            [
              60.742562434788951,
              39.913407000093024
            ],
            [
              60.578660077804422,
              39.925977538498813
            ],
            [
              60.509825995069278,
              39.911578107712174
            ],
            [
              60.45305413763743,
              39.892915639906924
            ],
            [
              60.453419972380061,
              39.881667413235746
            ],
            [
              60.458218848649892,
              39.87522340506699
            ],
            [
              60.456773727173712,
              39.778550377802446
            ]
          ]
        ]
      }
    },
    {
      "type": "Feature",
      "properties": {
        "name": "Sakarcage",
        "admin_level": 2,
        "source_shape_id": "10190150B2260035962137"
      },
      "geometry": {
        "type": "Polygon",
        "coordinates": [
          [
            [
              60.883268615432129,
              39.2872373695213
            ],
            [
              60.879870381956323,
              39.287139949517638
            ],
            [
              60.798302810059802,
              39.284801583655089
            ],
            [
              60.79646001676592,
              39.284677559482574
            ],
            [
              60.573776671528265,
              39.275605443536342
            ],
            [
              60.573776671528265,
              39.176378378491322
            ],
            [
              60.574084211776444,
              39.142800188837974
            ],
            [
              60.577529362068105,
              39.086720420031121
            ],
            [
              60.577529362068105,
              38.867322724350196
            ],
            [
              60.455559229901205,
              38.858688887599307
            ],
            [
              60.448761459898833,
              38.69254969579687
            ],
            [
              60.448178139767407,
              38.692517173824385
            ],
            [
              60.448178139767407,
              38.683972432646975
            ],
            [
              60.345990197037118,
              38.683972432646975
            ],
            [
              60.342345321848057,
              38.683972432646975
            ],
            [
              60.389382129712402,
              38.573736135230043
            ],
            [
              60.399502564913,
              38.518325787841846
            ],
            [
              60.401141331903062,
              38.509353382366406
            ],
            [
              60.424659735386108,
              38.472537367748217
            ],
            [
              60.48631487453293,
              38.400076604735844
            ],
            [
              60.492607903594845,
              38.392680665098119
            ],
            [
              60.518733352013108,
              38.361976494243528
            ],
            [
              60.524658055921492,
              38.344930723747154
            ],
            [
              60.553664710970118,
              38.261476631783751
            ],
            [
              60.554868121147734,
              38.261438326190422
            ],
            [
              60.557246721866356,
              38.259569731267575
            ],
            [
              60.647379377052808,
              38.188762798205765
            ],
            [
              60.704278359026802,
              38.107029442035952
            ],
            [
              60.799897934935252,
              38.055007713877707
            ],
            [
              60.802714844405706,
              38.053050006819653
            ],
            [
              60.812713403186457,
              38.047802776853096
            ],
            [
              61.000860636440464,
              37.918043348049402
            ],
            [
              61.002475802538385,
              37.914219333785454
            ],
            [
              61.023982952722506,
              37.863299710604345
            ],
            [
              61.024379039923502,
              37.862361947541878
            ],
            [
              61.021344886853591,
              37.855172954802093
            ],
            [
              61.007155200806565,
              37.811460584018121
            ],
            [
              61.002264200179262,
              37.809963990451557
            ],
            [
              61.000860636440464,
              37.806638446454429
            ],
            [
              60.93287139791687,
              37.788730457891198
            ],
            [
              60.920884940555688,
              37.717422586599547
            ],
            [
              60.929411835403137,
              37.697181200230069
            ],
            [
              60.952416492817733,
              37.662171508233023
            ],
            [
              60.98339210999346,
              37.601685300298101
            ],
            [
              60.989101434249797,
              37.592642060917214
            ],
            [
              60.988118820401866,
              37.592447364243249
            ],
            [
              60.802398239221759,
              37.553229739112659
            ],
            [
              60.853949967759824,
              37.444668724020964
            ],
            [
              60.854871516153011,
              37.442728066901267
            ],
            [
              60.942064626385466,
              37.434074110220678
            ],
            [
              61.024379039923502,
              37.480746711135048
            ],
            [
              61.082446030616858,
              37.52681183911109
            ],
            [
              61.083557137801797,
              37.527582923913329
            ],
            [
              61.098219570983751,
              37.5349794629877
            ],
            [
              61.143300803134935,
              37.55772092008349
            ],
            [
              61.212526273177509,
              37.592642060917214
            ],
            [
              61.307980439614944,
              37.601045404845294
            ],
            [
              61.318359091995177,
              37.601959093463783
            ],
            [
              61.367470376548738,
              37.582499552296611
            ],
            [
              61.408901893764877,
              37.566082993002453
            ],
            [
              61.412432707723852,
              37.564683965870238
            ],
            [
              61.519554675643256,
              37.57681271901842
            ],
            [
              61.577061536596538,
              37.583323862665019
            ],
            [
              61.600579940977866,
              37.536715374316564
            ],
            [
              61.601020884005457,
              37.536715374316564
            ],
            [
              61.635857546651579,
              37.536715374316564
            ],
            [
              61.646493324995099,
              37.553578714238419
            ],
            [
              61.659375951032899,
              37.574004497377643
            ],
            [
              61.706412758897244,
              37.564683965870238
            ],
            [
              61.730232933133756,
              37.569404028525923
            ],
            [
              61.753449567659906,
              37.574004497377643
            ],
            [
              61.818895221013513,
              37.582648960779572
            ],
            [
              61.824004779905586,
              37.583323862665019
            ],
            [
              61.816907313286521,
              37.588947668021376
            ],
            [
              61.81070403792242,
              37.593862944850706
            ],
            [
              61.800486375524251,
              37.601959093463783
            ],
            [
              61.767082709541668,
              37.612134629971727
            ],
            [
              61.705264757090944,
              37.630965821504311
            ],
            [
              61.647616748842232,
              37.648526750680496
            ],
            [
              61.65451811106788,
              37.686760130413383
            ],
            [
              61.657849065142926,
              37.705213535387635
            ],
            [
              61.659375951032899,
              37.713672446270955
            ],
            [
              61.625087622117796,
              37.767901466308729
            ],
            [
              61.624098344460911,
              37.769466067430322
            ],
            [
              61.625919178159933,
              37.779536981512265
            ],
            [
              61.635857546651579,
              37.83450545845119
            ],
            [
              61.630070906833524,
              37.837629881635429
            ],
            [
              61.630010702542485,
              37.837662388183034
            ],
            [
              61.541350110366373,
              37.885533556673423
            ],
            [
              61.538216817141183,
              37.887225338830881
            ],
            [
              61.491816362135985,
              37.912278679272958
            ],
            [
              61.423167845029027,
              37.949344580237337
            ],
            [
              61.412432707723852,
              37.955140882225514
            ],
            [
              61.402824790297174,
              37.960929364071632
            ],
            [
              61.212526273177509,
              38.075578508394216
            ],
            [
              61.100821303947519,
              38.147483458168459
            ],
            [
              61.083175050876804,
              38.158842424107931
            ],
            [
              61.08337782373362,
              38.163298826465791
            ],
            [
              61.083378910179945,
              38.163322703635806
            ],
            [
              61.08634843099955,
              38.228584789449314
            ],
            [
              61.094934253067471,
              38.417278080594791
            ],
            [
              61.093851478887508,
              38.417278080594791
            ],
            [
              61.073450839971301,
              38.417278080594791
            ],
            [
              60.895027817622797,
              38.417278080594791
            ],
            [
              60.89498486248926,
              38.420455950727515
            ],
            [
              60.883268615432129,
              39.2872373695213
            ]
          ]
        ]
      }
    },
    {
      "type": "Feature",
      "properties": {
        "name": "Oguzhan",
        "admin_level": 2,
        "source_shape_id": "10190150B14895102239013"
      },
      "geometry": {
        "type": "Polygon",
        "coordinates": [
          [
            [
              60.85983178122131,
              37.43228241500541
            ],
            [
              60.935867348519622,
              37.327158262619648
            ],
            [
              60.995560516478903,
              37.249405436515957
            ],
            [
              61.029399185057279,
              37.253894625464497
            ],
            [
              61.0342446267329,
              37.262893245615238
            ],
            [
              61.038646997750824,
              37.271068093727834
            ],
            [
              61.039552987358789,
              37.271140189325422
            ],
            [
              61.068492172897827,
              37.273443073045684
            ],
            [
              61.069473039763317,
              37.273521126191532
            ],
            [
              61.075030055585849,
              37.264676521172454
            ],
            [
              61.075638248525145,
              37.263708514872803
            ],
            [
              61.075771785787062,
              37.26368194592613
            ],
            [
              61.112629500197706,
              37.256348217810356
            ],
            [
              61.113962604681525,
              37.255286963303043
            ],
            [
              61.14653814704026,
              37.229354306428867
            ],
            [
              61.220520649487142,
              37.187617430531475
            ],
            [
              61.221450651451121,
              37.188001511315079
            ],
            [
              61.255869633691418,
              37.202216179865964
            ],
            [
              61.284338131361892,
              37.213973362449181
            ],
            [
              61.303750963729286,
              37.22199065290274
            ],
            [
              61.30435428389908,
              37.221914793014832
            ],
            [
              61.362320444720794,
              37.214626280741228
            ],
            [
              61.38949092212615,
              37.20826167347245
            ],
            [
              61.414212241821978,
              37.202470774450596
            ],
            [
              61.414724717848813,
              37.20235072839484
            ],
            [
              61.429452360926078,
              37.221347921209372
            ],
            [
              61.497955032989246,
              37.318274936298856
            ],
            [
              61.521844738785667,
              37.317662049992762
            ],
            [
              61.639754829121223,
              37.317662049992762
            ],
            [
              61.729966461333646,
              37.353525326888089
            ],
            [
              61.733774164835324,
              37.363612381432645
            ],
            [
              61.737982330901026,
              37.388694195854782
            ],
            [
              61.738398164818776,
              37.391172679116281
            ],
            [
              61.726067748193429,
              37.415660220675349
            ],
            [
              61.713131408455389,
              37.427512701684556
            ],
            [
              61.70524111877571,
              37.434741911065203
            ],
            [
              61.685993892589082,
              37.452376526998023
            ],
            [
              61.639754829121223,
              37.486628826280715
            ],
            [
              61.611395839502315,
              37.522247060122062
            ],
            [
              61.602763577448613,
              37.533088981239153
            ],
            [
              61.601020884005457,
              37.536715374316564
            ],
            [
              61.600579940977866,
              37.536715374316564
            ],
            [
              61.577061536596538,
              37.583323862665019
            ],
            [
              61.519554675643256,
              37.57681271901842
            ],
            [
              61.409881485130448,
              37.562588812273361
            ],
            [
              61.408901893764877,
              37.566082993002453
            ],
            [
              61.367470376548738,
              37.582499552296611
            ],
            [
              61.316081381252928,
              37.601503852493444
            ],
            [
              61.307980439614944,
              37.601045404845294
            ],
            [
              61.212526273177509,
              37.592642060917214
            ],
            [
              61.143300803134935,
              37.55772092008349
            ],
            [
              61.134998141863747,
              37.549258608657524
            ],
            [
              61.134207729516611,
              37.550198589862475
            ],
            [
              61.098219570983751,
              37.5349794629877
            ],
            [
              61.083557137801797,
              37.527582923913329
            ],
            [
              61.082446030616858,
              37.52681183911109
            ],
            [
              61.024379039923502,
              37.480746711135048
            ],
            [
              60.942064626385466,
              37.434074110220678
            ],
            [
              60.854871516153011,
              37.442728066901267
            ],
            [
              60.85983178122131,
              37.43228241500541
            ]
          ]
        ]
      }
    },
    {
      "type": "Feature",
      "properties": {
        "name": "Tedzhen Sovkhoz",
        "admin_level": 2,
        "source_shape_id": "10190150B68029188897987"
      },
      "geometry": {
        "type": "Polygon",
        "coordinates": [
          [
            [
              61.025647322427425,
              37.2102161243902
            ],
            [
              61.07154743531423,
              37.22772480799263
            ],
            [
              61.088210860718668,
              37.23408110266795
            ],
            [
              61.180002861866605,
              37.165138333183179
            ],
            [
              61.195868640105417,
              37.15308080109444
            ],
            [
              61.19894241926994,
              37.121282018301002
            ],
            [
              61.19894241926994,
              37.10161590666219
            ],
            [
              61.19894241926994,
              37.101383930098258
            ],
            [
              61.245574476230409,
              37.083015589236346
            ],
            [
              61.245964216285891,
              37.082862070848925
            ],
            [
              61.287123668360472,
              37.067374260359657
            ],
            [
              61.287807329893461,
              37.067117006685763
            ],
            [
              61.386085002957223,
              37.074409367622806
            ],
            [
              61.388970443600179,
              37.074624070632517
            ],
            [
              61.378304693187275,
              37.096402022431668
            ],
            [
              61.37773346617621,
              37.097313263627385
            ],
            [
              61.399517596937201,
              37.135528662450611
            ],
            [
              61.399524121906971,
              37.135540697584801
            ],
            [
              61.414212241821978,
              37.202470774450596
            ],
            [
              61.38949092212615,
              37.20826167347245
            ],
            [
              61.359237840789071,
              37.214626280741228
            ],
            [
              61.30435428389908,
              37.221914793014832
            ],
            [
              61.284338131361892,
              37.213973362449181
            ],
            [
              61.255869633691418,
              37.202216179865964
            ],
            [
              61.22210298694435,
              37.187643877025636
            ],
            [
              61.221450651451121,
              37.188001511315079
            ],
            [
              61.220520649487142,
              37.187617430531475
            ],
            [
              61.14653814704026,
              37.229354306428867
            ],
            [
              61.113962604681525,
              37.255286963303043
            ],
            [
              61.075771785787062,
              37.26368194592613
            ],
            [
              61.075638248525145,
              37.263708514872803
            ],
            [
              61.075030055585849,
              37.264676521172454
            ],
            [
              61.068492172897827,
              37.273443073045684
            ],
            [
              61.039552987358789,
              37.271140189325422
            ],
            [
              61.0342446267329,
              37.262893245615238
            ],
            [
              61.029399185057279,
              37.253894625464497
            ],
            [
              60.995560516478903,
              37.249405436515957
            ],
            [
              61.025647322427425,
              37.2102161243902
            ]
          ]
        ]
      }
    },
    {
      "type": "Feature",
      "properties": {
        "name": "Ady görkezilmedik etrap",
        "admin_level": 2,
        "source_shape_id": "10190150B79296156714764"
      },
      "geometry": {
        "type": "Polygon",
        "coordinates": [
          [
            [
              61.162314433926817,
              37.032201545539984
            ],
            [
              61.192777210508126,
              37.038280941790063
            ],
            [
              61.201155083742528,
              37.035112487185224
            ],
            [
              61.202025023201706,
              37.035205082553468
            ],
            [
              61.213011597498742,
              37.030628434424202
            ],
            [
              61.280631431995388,
              37.005055073501339
            ],
            [
              61.326870496361543,
              36.979202687177704
            ],
            [
              61.347523992432301,
              36.979202687177704
            ],
            [
              61.354100354025981,
              36.985769149571375
            ],
            [
              61.359237840789071,
              36.993976555552862
            ],
            [
              61.378276979501649,
              36.9896316197838
            ],
            [
              61.391605185216541,
              36.988744467688619
            ],
            [
              61.391605185216541,
              37.064113235840445
            ],
            [
              61.390284033314437,
              37.069383737240656
            ],
            [
              61.386085002957223,
              37.074409367622806
            ],
            [
              61.287807329893461,
              37.067117006685763
            ],
            [
              61.287123668360472,
              37.067374260359657
            ],
            [
              61.285255338342147,
              37.067187923053076
            ],
            [
              61.245574476230409,
              37.083015589236346
            ],
            [
              61.19894241926994,
              37.101383930098258
            ],
            [
              61.19894241926994,
              37.10161590666219
            ],
            [
              61.195868640105417,
              37.15308080109444
            ],
            [
              61.180002861866605,
              37.165138333183179
            ],
            [
              61.088210860718668,
              37.23408110266795
            ],
            [
              61.07154743531423,
              37.22772480799263
            ],
            [
              61.026098133553262,
              37.209628924208488
            ],
            [
              61.162314433926817,
              37.032201545539984
            ]
          ]
        ]
      }
    },
    {
      "type": "Feature",
      "properties": {
        "name": "Serakhs",
        "admin_level": 2,
        "source_shape_id": "10190150B96789976776616"
      },
      "geometry": {
        "type": "Polygon",
        "coordinates": [
          [
            [
              60.927046986099938,
              36.651829202105446
            ],
            [
              60.926902593322147,
              36.651597671482605
            ],
            [
              61.09798712994985,
              36.662725872774836
            ],
            [
              61.148850099764502,
              36.651597671482605
            ],
            [
              61.167345725151641,
              36.595932540306109
            ],
            [
              61.176593538743532,
              36.543942160469143
            ],
            [
              61.162721818804854,
              36.477045976948219
            ],
            [
              61.153474006111267,
              36.421255005713427
            ],
            [
              61.158097912458054,
              36.357976749092366
            ],
            [
              61.176593538743532,
              36.287193063824731
            ],
            [
              61.185841351437112,
              36.23126581024669
            ],
            [
              61.21358478951781,
              36.201421572254944
            ],
            [
              61.21358478951781,
              36.108084983534823
            ],
            [
              61.208960883171052,
              36.063243972668936
            ],
            [
              61.19046525778387,
              36.010897141937463
            ],
            [
              61.195089164130671,
              35.962258224404678
            ],
            [
              61.204336976824251,
              35.917334155660342
            ],
            [
              61.222832602211383,
              35.894862547060342
            ],
            [
              61.241328227598522,
              35.849900190352251
            ],
            [
              61.250576040292117,
              35.804912325308123
            ],
            [
              61.255199946638875,
              35.771154694020211
            ],
            [
              61.245952133945323,
              35.737382727931539
            ],
            [
              61.227456508558184,
              35.68857570130298
            ],
            [
              61.227456508558184,
              35.651011500451851
            ],
            [
              61.250576040292117,
              35.602151619345257
            ],
            [
              61.282943385617934,
              35.594632064641893
            ],
            [
              61.292191198311478,
              35.609670467128133
            ],
            [
              61.324558542738998,
              35.624706043881069
            ],
            [
              61.380045419798755,
              35.613429626638265
            ],
            [
              61.426284483266606,
              35.54573774178516
            ],
            [
              61.477147453979562,
              35.511870350656622
            ],
            [
              61.537258237386105,
              35.466691598122253
            ],
            [
              61.597805147321679,
              35.440386613178383
            ],
            [
              61.60199292624111,
              35.549499902700155
            ],
            [
              61.606616832587896,
              35.552393125763146
            ],
            [
              61.606616832587896,
              35.557023695398208
            ],
            [
              61.638984177913713,
              35.583351407982732
            ],
            [
              61.652855896954051,
              35.605911131605708
            ],
            [
              61.634360271566912,
              35.632222771991614
            ],
            [
              61.627524845462396,
              35.651664352423246
            ],
            [
              61.620488552526574,
              35.658525754651322
            ],
            [
              61.592745113547522,
              35.658525754651322
            ],
            [
              61.565001675466831,
              35.68482007689304
            ],
            [
              61.504890892060288,
              35.681064275580425
            ],
            [
              61.504241857096154,
              35.681525495851368
            ],
            [
              61.500266985713502,
              35.681064275580425
            ],
            [
              61.444780109552049,
              35.722368364946774
            ],
            [
              61.398541045185887,
              35.733629402500327
            ],
            [
              61.398541045185887,
              35.763651051387065
            ],
            [
              61.403164951532681,
              35.763795355611116
            ],
            [
              61.403164951532681,
              35.7674029612404
            ],
            [
              61.509514798407075,
              35.771154694020211
            ],
            [
              61.588121207200757,
              35.782408831304743
            ],
            [
              61.60470036680163,
              35.790093667502475
            ],
            [
              61.620488552526574,
              35.834907069105689
            ],
            [
              61.628895853461003,
              35.834907069105689
            ],
            [
              61.629736365220126,
              35.838655615437638
            ],
            [
              61.671424091644916,
              35.835583274704362
            ],
            [
              61.680450254690726,
              35.919689662291496
            ],
            [
              61.666727398754645,
              35.921078802852669
            ],
            [
              61.652855896954051,
              35.921078802852669
            ],
            [
              61.648971405341058,
              35.922876210824427
            ],
            [
              61.648231990607265,
              35.922951060476933
            ],
            [
              61.646971467985047,
              35.923801609487839
            ],
            [
              61.620488552526574,
              35.936055620592185
            ],
            [
              61.574249488160383,
              35.939799381501075
            ],
            [
              61.555089149111033,
              35.978558571847095
            ],
            [
              61.523386517447427,
              36.027726703212842
            ],
            [
              61.532201030394489,
              36.120341064268281
            ],
            [
              61.525697233255244,
              36.136098824340927
            ],
            [
              61.518762611100641,
              36.147299882364685
            ],
            [
              61.509514798407075,
              36.214479827158847
            ],
            [
              61.518215581590106,
              36.213653918647886
            ],
            [
              61.51413870475384,
              36.666434916277396
            ],
            [
              61.204701085656254,
              36.976990328211429
            ],
            [
              61.189945394644134,
              36.96019462972064
            ],
            [
              61.162442048391085,
              36.932219220247198
            ],
            [
              61.118916921989708,
              36.895835139333229
            ],
            [
              61.093230437756247,
              36.871321248017843
            ],
            [
              61.067430487301216,
              36.844229647715373
            ],
            [
              61.052428662480587,
              36.78017355743836
            ],
            [
              60.991138416968738,
              36.75107727053048
            ],
            [
              60.929288679515203,
              36.651900672788571
            ],
            [
              60.927046986099938,
              36.651829202105446
            ]
          ]
        ]
      }
    },
    {
      "type": "Feature",
      "properties": {
        "name": "Murgap",
        "admin_level": 2,
        "source_shape_id": "10190150B75003432350729"
      },
      "geometry": {
        "type": "Polygon",
        "coordinates": [
          [
            [
              61.191472398958666,
              36.994222087217295
            ],
            [
              61.349990028095483,
              36.83130627931579
            ],
            [
              61.525698471069973,
              36.65716197348231
            ],
            [
              61.525698471069973,
              36.374731887635079
            ],
            [
              61.525698471069973,
              36.292783586468467
            ],
            [
              61.525698471069973,
              36.212943616830444
            ],
            [
              61.565905430913503,
              36.209127032778618
            ],
            [
              61.595913621127181,
              36.207916399276591
            ],
            [
              61.685223241381578,
              36.218210356654062
            ],
            [
              61.731285622658106,
              36.222227472500506
            ],
            [
              61.756893791104204,
              36.225670882424403
            ],
            [
              61.827800632717334,
              36.230644579162913
            ],
            [
              61.856307778009267,
              36.2331306969431
            ],
            [
              61.842436058968929,
              36.359838609013288
            ],
            [
              61.845860947616785,
              36.361907032226014
            ],
            [
              61.844748012591474,
              36.367285604501419
            ],
            [
              61.860880227302005,
              36.373780385607397
            ],
            [
              61.858551626049184,
              36.499202173788582
            ],
            [
              61.853995825285025,
              36.620059032914817
            ],
            [
              61.877115357018951,
              36.649742814984606
            ],
            [
              61.873839941591029,
              36.694398211740392
            ],
            [
              61.870179497049619,
              36.709076062868007
            ],
            [
              61.874803403396406,
              36.79058452659833
            ],
            [
              61.911794655069023,
              36.968120403516046
            ],
            [
              61.942705884124067,
              37.056270993045374
            ],
            [
              61.944173849519437,
              37.060763575608561
            ],
            [
              61.948785905843302,
              37.193142754606484
            ],
            [
              61.951097859465875,
              37.197959798881605
            ],
            [
              61.951097859465875,
              37.200509223392352
            ],
            [
              62.01583254832088,
              37.340335503671042
            ],
            [
              62.031009593533085,
              37.364458969689018
            ],
            [
              62.045887940024109,
              37.395458576726163
            ],
            [
              62.050292536589126,
              37.395108639307502
            ],
            [
              62.05282379999344,
              37.399132007879096
            ],
            [
              62.089815050767761,
              37.402805259605444
            ],
            [
              62.104718881178741,
              37.414642895442945
            ],
            [
              62.124494348817791,
              37.450541139756425
            ],
            [
              62.130869872983453,
              37.450541139756425
            ],
            [
              62.132272363171339,
              37.450541139756425
            ],
            [
              62.140678021480717,
              37.465222978159829
            ],
            [
              62.140453881344648,
              37.46575661490531
            ],
            [
              62.135329785225615,
              37.477956152321745
            ],
            [
              62.13143020878713,
              37.487240331924241
            ],
            [
              62.128505730177984,
              37.489560645282303
            ],
            [
              62.112934583399991,
              37.501914963674764
            ],
            [
              62.112364994994266,
              37.502592723593203
            ],
            [
              62.109287227425995,
              37.506254995288153
            ],
            [
              62.103686769808107,
              37.512919045434167
            ],
            [
              62.103686769808107,
              37.514251550445444
            ],
            [
              62.103686769808107,
              37.527588630200029
            ],
            [
              62.117558489746777,
              37.545921555517467
            ],
            [
              62.116053884612633,
              37.54607067048682
            ],
            [
              62.115398185137281,
              37.546135654052904
            ],
            [
              62.115324454195346,
              37.545814145492486
            ],
            [
              62.080425644282329,
              37.549503399341638
            ],
            [
              62.08013032068213,
              37.549327781166511
            ],
            [
              62.062572586951305,
              37.538432866366513
            ],
            [
              62.043954280442463,
              37.542123597331575
            ],
            [
              62.043946543014769,
              37.542181875744774
            ],
            [
              62.043575987299896,
              37.542255331353601
            ],
            [
              62.043575987299896,
              37.544972906551905
            ],
            [
              62.042402755199497,
              37.553809707077974
            ],
            [
              62.025335973933586,
              37.563649220189461
            ],
            [
              62.024110306041138,
              37.565531373492313
            ],
            [
              62.011249414911816,
              37.582520024059484
            ],
            [
              62.009917458752987,
              37.582369232070725
            ],
            [
              62.005119661623226,
              37.581608786282111
            ],
            [
              61.992857514193659,
              37.57513033850671
            ],
            [
              61.991910246961794,
              37.539528903503694
            ],
            [
              61.992713016586947,
              37.531255575864783
            ],
            [
              61.981449214427407,
              37.522322484182403
            ],
            [
              61.980349919251552,
              37.521097319152126
            ],
            [
              61.978841297546559,
              37.499473600231852
            ],
            [
              61.978841297546559,
              37.498246576018175
            ],
            [
              61.895452397425906,
              37.492231879391419
            ],
            [
              61.884484708011804,
              37.49127941515593
            ],
            [
              61.884440928661334,
              37.491437641262145
            ],
            [
              61.877115357018951,
              37.490909260494647
            ],
            [
              61.883914159185935,
              37.47742133157557
            ],
            [
              61.886363169712538,
              37.472562816929369
            ],
            [
              61.863243637978613,
              37.454211869539343
            ],
            [
              61.853995825285025,
              37.410151221886757
            ],
            [
              61.830876292652796,
              37.399132007879096
            ],
            [
              61.784637229184931,
              37.402805259605444
            ],
            [
              61.743022071165541,
              37.38811117329886
            ],
            [
              61.733774164835324,
              37.363612381432645
            ],
            [
              61.729966461333646,
              37.353525326888089
            ],
            [
              61.729150352125188,
              37.351363357581292
            ],
            [
              61.641296130637933,
              37.31459754501585
            ],
            [
              61.521844738785667,
              37.317662049992762
            ],
            [
              61.497955032989246,
              37.318274936298856
            ],
            [
              61.429452360926078,
              37.221347921209372
            ],
            [
              61.414724717848813,
              37.200509223392352
            ],
            [
              61.400852998808439,
              37.13787132719397
            ],
            [
              61.399517596937201,
              37.135528662450611
            ],
            [
              61.37773346617621,
              37.097313263627385
            ],
            [
              61.378304693187275,
              37.096402022431668
            ],
            [
              61.386981278869754,
              37.082559490836843
            ],
            [
              61.388970443600179,
              37.074624070632517
            ],
            [
              61.390284033314437,
              37.069383737240656
            ],
            [
              61.391605185216541,
              37.064113235840445
            ],
            [
              61.391605185216541,
              36.988744467688619
            ],
            [
              61.391605185216541,
              36.986589980210589
            ],
            [
              61.378276979501649,
              36.9896316197838
            ],
            [
              61.359237840789071,
              36.993976555552862
            ],
            [
              61.354100354025981,
              36.985769149571375
            ],
            [
              61.349990028095483,
              36.979202687177704
            ],
            [
              61.347523992432301,
              36.979202687177704
            ],
            [
              61.326870496361543,
              36.979202687177704
            ],
            [
              61.280631431995388,
              37.005055073501339
            ],
            [
              61.213011597498742,
              37.030628434424202
            ],
            [
              61.201155083742528,
              37.035112487185224
            ],
            [
              61.192777210508126,
              37.038280941790063
            ],
            [
              61.162314433926817,
              37.032201545539984
            ],
            [
              61.163182588717959,
              37.031070737931437
            ],
            [
              61.191472398958666,
              36.994222087217295
            ]
          ]
        ]
      }
    },
    {
      "type": "Feature",
      "properties": {
        "name": "Ady görkezilmedik etrap",
        "admin_level": 2,
        "source_shape_id": "10190150B24678300417334"
      },
      "geometry": {
        "type": "Polygon",
        "coordinates": [
          [
            [
              63.151001568584064,
              36.402649100252958
            ],
            [
              63.095118884827009,
              36.402649100252958
            ],
            [
              63.050818106538799,
              36.402649100252958
            ],
            [
              63.026280329267379,
              36.398946133117285
            ],
            [
              63.026393014652278,
              36.395587384274357
            ],
            [
              63.0354039081178,
              36.26855509496248
            ],
            [
              63.187992819358364,
              36.272283044485064
            ],
            [
              63.192616725705165,
              36.273028563240565
            ],
            [
              63.192616725705165,
              36.331906028943976
            ],
            [
              63.229607977377732,
              36.331906028943976
            ],
            [
              63.224984071030967,
              36.395205490957622
            ],
            [
              63.169497193971225,
              36.391483418457248
            ],
            [
              63.151001568584064,
              36.402649100252958
            ]
          ]
        ]
      }
    },
    {
      "type": "Feature",
      "properties": {
        "name": "Serhetabat",
        "admin_level": 2,
        "source_shape_id": "10190150B87689177497329"
      },
      "geometry": {
        "type": "Polygon",
        "coordinates": [
          [
            [
              61.627524845462396,
              35.651664352423246
            ],
            [
              61.643608084260499,
              35.635980870861232
            ],
            [
              61.662103709647639,
              35.587111803081143
            ],
            [
              61.606616832587896,
              35.552393125763146
            ],
            [
              61.60199292624111,
              35.549499902700155
            ],
            [
              61.597805147321679,
              35.440386613178383
            ],
            [
              61.597369019894309,
              35.429023239140101
            ],
            [
              61.638984177913713,
              35.425255434284324
            ],
            [
              61.712966680360594,
              35.413950960143538
            ],
            [
              61.763829650175246,
              35.410182449912703
            ],
            [
              61.800820901847857,
              35.398875861310785
            ],
            [
              61.85168387166248,
              35.421487452337402
            ],
            [
              61.911794655069023,
              35.436558321222535
            ],
            [
              61.97652934482236,
              35.440325598432999
            ],
            [
              62.05051184637091,
              35.425255434284324
            ],
            [
              62.087503098043513,
              35.398875861310785
            ],
            [
              62.133742161511378,
              35.338547277955293
            ],
            [
              62.161485600490401,
              35.331003035136142
            ],
            [
              62.221596382998641,
              35.278173621623559
            ],
            [
              62.267835447364796,
              35.263073168338217
            ],
            [
              62.267835447364796,
              35.179970381291447
            ],
            [
              62.286331072751935,
              35.153510745150797
            ],
            [
              62.314074510832661,
              35.153510745150797
            ],
            [
              62.475911234766812,
              35.293271259750782
            ],
            [
              62.559141549907281,
              35.240417211688509
            ],
            [
              62.619252333313788,
              35.225309723540498
            ],
            [
              62.642371865047714,
              35.244193644036606
            ],
            [
              62.697858742107456,
              35.251745981564447
            ],
            [
              62.744097805575322,
              35.278173621623559
            ],
            [
              62.794960776288278,
              35.297045229306804
            ],
            [
              62.841199839756143,
              35.31213934738242
            ],
            [
              62.864319371490069,
              35.334775244994631
            ],
            [
              62.961421406569222,
              35.413950960143538
            ],
            [
              63.007660470037088,
              35.425255434284324
            ],
            [
              63.053899534403243,
              35.425255434284324
            ],
            [
              63.090890785177557,
              35.432790868367292
            ],
            [
              63.114010316911482,
              35.541975404258579
            ],
            [
              63.090890785177557,
              35.568308060027675
            ],
            [
              63.109386410564696,
              35.602151619345257
            ],
            [
              63.109386410564696,
              35.632222771991614
            ],
            [
              63.146377662237299,
              35.651011500451851
            ],
            [
              63.23885579007132,
              35.68482007689304
            ],
            [
              63.23885579007132,
              35.711105735300485
            ],
            [
              63.114010316911482,
              35.831158345561498
            ],
            [
              63.127882035951835,
              35.868637606266169
            ],
            [
              63.224984071030967,
              35.872384558075026
            ],
            [
              63.248103602764907,
              35.853648027758759
            ],
            [
              63.345205636945714,
              35.853648027758759
            ],
            [
              63.386820794066793,
              35.868637606266169
            ],
            [
              63.54403361165415,
              35.906099149102708
            ],
            [
              63.581024863326753,
              35.921078802852669
            ],
            [
              63.604144395060693,
              35.962258224404678
            ],
            [
              63.668879084813987,
              35.958515527432318
            ],
            [
              63.687374710201127,
              35.973485251196323
            ],
            [
              63.747485492709366,
              35.969743085929146
            ],
            [
              63.798348463422322,
              35.995934515169992
            ],
            [
              63.79581922727062,
              35.998747444274002
            ],
            [
              63.761357212648043,
              36.037074906835905
            ],
            [
              63.750894540162705,
              36.04891763607327
            ],
            [
              63.75084811758321,
              36.04897018192522
            ],
            [
              63.738237680015779,
              36.063243972668936
            ],
            [
              63.737699485854336,
              36.063492577045274
            ],
            [
              63.705870335588301,
              36.078193818002653
            ],
            [
              63.678126897507575,
              36.108084983534823
            ],
            [
              63.664385369208951,
              36.126585904660161
            ],
            [
              63.664255177568897,
              36.126761188312123
            ],
            [
              63.641916384509052,
              36.144801123358867
            ],
            [
              63.627263926794619,
              36.156633874785292
            ],
            [
              63.609146099094609,
              36.172170324578637
            ],
            [
              63.553281424347695,
              36.220075555205504
            ],
            [
              63.456179390166888,
              36.298373708692424
            ],
            [
              63.377572981373206,
              36.294647005197042
            ],
            [
              63.322086105211788,
              36.283465825962423
            ],
            [
              63.257351415458459,
              36.283465825962423
            ],
            [
              63.192616725705165,
              36.273028563240565
            ],
            [
              63.187992819358364,
              36.272283044485064
            ],
            [
              63.0354039081178,
              36.26855509496248
            ],
            [
              63.026393014652278,
              36.395587384274357
            ],
            [
              63.026280329267379,
              36.398946133117285
            ],
            [
              63.050818106538799,
              36.402649100252958
            ],
            [
              63.096072371682467,
              36.409478368231156
            ],
            [
              63.100138597871108,
              36.410091997647392
            ],
            [
              63.099250212720889,
              36.432239382627294
            ],
            [
              63.095514691524308,
              36.525365687160019
            ],
            [
              63.183368913011577,
              36.529081338414834
            ],
            [
              63.187992819358364,
              36.536512106629083
            ],
            [
              63.271223134498833,
              36.540227222124528
            ],
            [
              63.268925600633203,
              36.597429813875223
            ],
            [
              63.268921194138144,
              36.597518037009998
            ],
            [
              63.266599228152046,
              36.655307250732335
            ],
            [
              63.264830343180812,
              36.67942161128321
            ],
            [
              63.261975321805245,
              36.71834274858174
            ],
            [
              63.229607977377732,
              36.72204910952199
            ],
            [
              63.229607977377732,
              36.714636208707617
            ],
            [
              63.205664838853053,
              36.710979976037486
            ],
            [
              63.178436587087283,
              36.706822090739621
            ],
            [
              63.132505943196925,
              36.699808260009824
            ],
            [
              62.924430154896619,
              36.681269301120366
            ],
            [
              62.697858742107456,
              36.629336442668802
            ],
            [
              62.694498397277002,
              36.62898844564311
            ],
            [
              62.631045812464485,
              36.622417301340555
            ],
            [
              62.55451764356048,
              36.614492050658264
            ],
            [
              62.425048264952146,
              36.603356880033033
            ],
            [
              62.397765668820512,
              36.601896677017812
            ],
            [
              62.343552092777564,
              36.598995089983283
            ],
            [
              62.286331072751935,
              36.595932540306109
            ],
            [
              62.231421088471855,
              36.587114476131063
            ],
            [
              62.170733413183989,
              36.577368565212687
            ],
            [
              62.168423042633727,
              36.558806146604226
            ],
            [
              62.161993236356196,
              36.507146573778869
            ],
            [
              62.161485600490401,
              36.50306802913137
            ],
            [
              62.167429879202444,
              36.491119762312962
            ],
            [
              62.179981225877576,
              36.465890992554769
            ],
            [
              62.177721817096938,
              36.425895005182824
            ],
            [
              62.175357319530775,
              36.384038739239323
            ],
            [
              62.184604952434171,
              36.372869799130164
            ],
            [
              62.193852944917914,
              36.361700424733506
            ],
            [
              62.189229038571128,
              36.294647005197042
            ],
            [
              62.194208113363906,
              36.274576950034586
            ],
            [
              62.198476851264715,
              36.257370177951657
            ],
            [
              62.193852944917914,
              36.152900411132009
            ],
            [
              62.207145994879774,
              36.142165975146078
            ],
            [
              62.212348570305053,
              36.137964778804772
            ],
            [
              62.212348570305053,
              36.132363183778033
            ],
            [
              62.212348570305053,
              36.063243972668936
            ],
            [
              62.198476851264715,
              36.044552670589972
            ],
            [
              62.198476851264715,
              36.022739575234191
            ],
            [
              62.198476851264715,
              36.018377390668199
            ],
            [
              62.189229038571128,
              36.003416183661301
            ],
            [
              62.193852944917914,
              35.966000743906129
            ],
            [
              62.179981225877576,
              35.943542965714826
            ],
            [
              62.169761101729065,
              35.933199028940749
            ],
            [
              62.16338975788765,
              35.926750498873616
            ],
            [
              62.161485600490401,
              35.924823273388014
            ],
            [
              61.79476213691666,
              35.932247124026539
            ],
            [
              61.791573088255937,
              35.932311682265343
            ],
            [
              61.782325275562386,
              35.917334155660342
            ],
            [
              61.68521412598804,
              35.920908927166124
            ],
            [
              61.680599335034778,
              35.921078802852669
            ],
            [
              61.680450254690726,
              35.919689662291496
            ],
            [
              61.671424091644916,
              35.835583274704362
            ],
            [
              61.67135152234119,
              35.834907069105689
            ],
            [
              61.628895853461003,
              35.834907069105689
            ],
            [
              61.620488552526574,
              35.834907069105689
            ],
            [
              61.60470036680163,
              35.790093667502475
            ],
            [
              61.60199292624111,
              35.782408831304743
            ],
            [
              61.518762611100641,
              35.7674029612404
            ],
            [
              61.403164951532681,
              35.763795355611116
            ],
            [
              61.398541045185887,
              35.763651051387065
            ],
            [
              61.398541045185887,
              35.733629402500327
            ],
            [
              61.444780109552049,
              35.722368364946774
            ],
            [
              61.500266985713502,
              35.681064275580425
            ],
            [
              61.504241857096154,
              35.681525495851368
            ],
            [
              61.565001675466831,
              35.68857570130298
            ],
            [
              61.592745113547522,
              35.658525754651322
            ],
            [
              61.620488552526574,
              35.658525754651322
            ],
            [
              61.627524845462396,
              35.651664352423246
            ]
          ]
        ]
      }
    },
    {
      "type": "Feature",
      "properties": {
        "name": "Turkmengala",
        "admin_level": 2,
        "source_shape_id": "10190150B49648436133803"
      },
      "geometry": {
        "type": "Polygon",
        "coordinates": [
          [
            [
              62.172298531498313,
              37.445627203001671
            ],
            [
              62.167548301495792,
              37.449398771395884
            ],
            [
              62.166109506837188,
              37.450541139756425
            ],
            [
              62.132272363171339,
              37.450541139756425
            ],
            [
              62.130869872983453,
              37.450541139756425
            ],
            [
              62.124494348817791,
              37.450541139756425
            ],
            [
              62.104718881178741,
              37.414642895442945
            ],
            [
              62.092127004390306,
              37.391784964719534
            ],
            [
              62.050292536589126,
              37.395108639307502
            ],
            [
              62.045887940024109,
              37.395458576726163
            ],
            [
              62.031009593533085,
              37.364458969689018
            ],
            [
              61.951097859465875,
              37.197959798881605
            ],
            [
              61.948785905843302,
              37.193142754606484
            ],
            [
              61.944173849519437,
              37.060763575608561
            ],
            [
              61.942705884124067,
              37.056270993045374
            ],
            [
              61.911794655069023,
              36.968120403516046
            ],
            [
              61.874803403396406,
              36.79058452659833
            ],
            [
              61.870179497049619,
              36.709076062868007
            ],
            [
              61.873839941591029,
              36.694398211740392
            ],
            [
              61.884051216089993,
              36.653452483640073
            ],
            [
              61.856307778009267,
              36.620059032914817
            ],
            [
              61.858551626049184,
              36.499202173788582
            ],
            [
              61.860880227302005,
              36.373780385607397
            ],
            [
              61.860931684356068,
              36.371008835206943
            ],
            [
              61.845860947616785,
              36.361907032226014
            ],
            [
              61.842436058968929,
              36.359838609013288
            ],
            [
              61.856307778009267,
              36.2331306969431
            ],
            [
              61.827800632717334,
              36.230644579162913
            ],
            [
              61.731285622658106,
              36.222227472500506
            ],
            [
              61.685223241381578,
              36.218210356654062
            ],
            [
              61.595913621127181,
              36.207916399276591
            ],
            [
              61.588121207200757,
              36.207018234256992
            ],
            [
              61.565905430913503,
              36.209127032778618
            ],
            [
              61.525698471069973,
              36.212943616830444
            ],
            [
              61.518215581590106,
              36.213653918647886
            ],
            [
              61.509514798407075,
              36.214479827158847
            ],
            [
              61.518762611100641,
              36.147299882364685
            ],
            [
              61.525697233255244,
              36.136098824340927
            ],
            [
              61.532634331039304,
              36.124893767588965
            ],
            [
              61.532201030394489,
              36.120341064268281
            ],
            [
              61.523386517447427,
              36.027726703212842
            ],
            [
              61.555089149111033,
              35.978558571847095
            ],
            [
              61.57887339450717,
              35.941671195603988
            ],
            [
              61.620488552526574,
              35.941671195603988
            ],
            [
              61.646971467985047,
              35.923801609487839
            ],
            [
              61.648231990607265,
              35.922951060476933
            ],
            [
              61.648971405341058,
              35.922876210824427
            ],
            [
              61.666727398754645,
              35.921078802852669
            ],
            [
              61.680450254690726,
              35.919689662291496
            ],
            [
              61.680599335034778,
              35.921078802852669
            ],
            [
              61.68521412598804,
              35.920908927166124
            ],
            [
              61.782325275562386,
              35.917334155660342
            ],
            [
              61.791573088255937,
              35.932311682265343
            ],
            [
              61.79476213691666,
              35.932247124026539
            ],
            [
              61.796196994602738,
              35.934183673788183
            ],
            [
              62.16338975788765,
              35.926750498873616
            ],
            [
              62.169761101729065,
              35.933199028940749
            ],
            [
              62.189229038571128,
              35.967871936920346
            ],
            [
              62.189229038571128,
              36.003416183661301
            ],
            [
              62.189229038571128,
              36.005286489815397
            ],
            [
              62.198476851264715,
              36.022739575234191
            ],
            [
              62.198476851264715,
              36.044552670589972
            ],
            [
              62.212348570305053,
              36.063243972668936
            ],
            [
              62.212348570305053,
              36.132363183778033
            ],
            [
              62.207145994879774,
              36.142165975146078
            ],
            [
              62.193852944917914,
              36.152900411132009
            ],
            [
              62.198476851264715,
              36.257370177951657
            ],
            [
              62.194208113363906,
              36.274576950034586
            ],
            [
              62.189229038571128,
              36.281602140058567
            ],
            [
              62.189229038571128,
              36.294647005197042
            ],
            [
              62.189229038571128,
              36.359838609013288
            ],
            [
              62.184604952434171,
              36.372869799130164
            ],
            [
              62.175357319530775,
              36.384038739239323
            ],
            [
              62.177721817096938,
              36.425895005182824
            ],
            [
              62.175357319530775,
              36.467750268464954
            ],
            [
              62.167429879202444,
              36.491119762312962
            ],
            [
              62.161485600490401,
              36.50306802913137
            ],
            [
              62.161993236356196,
              36.507146573778869
            ],
            [
              62.161485600490401,
              36.508643045874699
            ],
            [
              62.168423042633727,
              36.558806146604226
            ],
            [
              62.170733413183989,
              36.577368565212687
            ],
            [
              62.231421088471855,
              36.587114476131063
            ],
            [
              62.267835447364796,
              36.594076343862334
            ],
            [
              62.304826698139074,
              36.605212853448307
            ],
            [
              62.343552092777564,
              36.598995089983283
            ],
            [
              62.397765668820512,
              36.601896677017812
            ],
            [
              62.631045812464485,
              36.622417301340555
            ],
            [
              62.694498397277002,
              36.62898844564311
            ],
            [
              62.90593452950948,
              36.683123397921129
            ],
            [
              63.086266878830756,
              36.697954565332452
            ],
            [
              63.178436587087283,
              36.706822090739621
            ],
            [
              63.205664838853053,
              36.710979976037486
            ],
            [
              63.23885579007132,
              36.727608316320385
            ],
            [
              63.072395159790418,
              36.757250620952313
            ],
            [
              63.090890785177557,
              36.794287399129473
            ],
            [
              63.086266878830756,
              36.83130627931579
            ],
            [
              63.091952979256277,
              36.858605415256733
            ],
            [
              63.095514691524308,
              36.875705300962409
            ],
            [
              63.114010316911482,
              36.90529032006436
            ],
            [
              63.109386410564696,
              36.934863870541768
            ],
            [
              63.0354039081178,
              36.949646344246808
            ],
            [
              62.96386683292576,
              36.979279908799938
            ],
            [
              62.818080308022203,
              37.030898670819369
            ],
            [
              62.744097805575322,
              37.056733477589454
            ],
            [
              62.66549139678164,
              37.093625089483261
            ],
            [
              62.471287328420011,
              37.13787132719397
            ],
            [
              62.466663422073225,
              37.270454823017417
            ],
            [
              62.383433106932756,
              37.270454823017417
            ],
            [
              62.286331072751935,
              37.344011634786611
            ],
            [
              62.281707166405148,
              37.380763050090408
            ],
            [
              62.258587634671208,
              37.380763050090408
            ],
            [
              62.175605161124409,
              37.440376682042377
            ],
            [
              62.178009786513634,
              37.441092603856852
            ],
            [
              62.172298531498313,
              37.445627203001671
            ]
          ]
        ]
      }
    },
    {
      "type": "Feature",
      "properties": {
        "name": "Ferap",
        "admin_level": 2,
        "source_shape_id": "10190150B85284171000924"
      },
      "geometry": {
        "type": "Polygon",
        "coordinates": [
          [
            [
              62.502841007951979,
              39.731835131643052
            ],
            [
              62.545558825181992,
              39.707942261897585
            ],
            [
              62.549581885070403,
              39.70307656052173
            ],
            [
              62.551801677130484,
              39.701710774259894
            ],
            [
              62.569761008129831,
              39.678670861984472
            ],
            [
              62.596132800681559,
              39.646775421483461
            ],
            [
              62.671588537578337,
              39.633364410432506
            ],
            [
              62.701119684080993,
              39.631469181560327
            ],
            [
              62.78407413198763,
              39.6186903119047
            ],
            [
              62.783552607256823,
              39.6134646461797
            ],
            [
              62.783978998602372,
              39.613388862160058
            ],
            [
              62.783038720431016,
              39.608315512085916
            ],
            [
              62.776013644509646,
              39.537924414043296
            ],
            [
              62.812878413045219,
              39.552138331718652
            ],
            [
              62.814835462250379,
              39.550628933811765
            ],
            [
              62.825551356390072,
              39.554760569671032
            ],
            [
              62.858733135912033,
              39.529172159325398
            ],
            [
              62.875324025673024,
              39.484369743304924
            ],
            [
              62.883619470553512,
              39.433131616970812
            ],
            [
              62.875324025673024,
              39.394678274575476
            ],
            [
              62.836623972569036,
              39.346809310393645
            ],
            [
              62.905232959308705,
              39.3136376430312
            ],
            [
              62.94168758381862,
              39.298452153737728
            ],
            [
              62.936919448775939,
              39.298317584560159
            ],
            [
              62.942705726021728,
              39.295519985102928
            ],
            [
              62.942925780283751,
              39.295525416411557
            ],
            [
              62.942961891927254,
              39.295420577143105
            ],
            [
              63.029624025408893,
              39.312185328409576
            ],
            [
              63.109097416249554,
              39.312185328409576
            ],
            [
              63.116322270534027,
              39.312185328409576
            ],
            [
              63.13317129390628,
              39.297282074520687
            ],
            [
              63.166896246931884,
              39.26745176766984
            ],
            [
              63.171341736874702,
              39.269602399550621
            ],
            [
              63.224695076715847,
              39.295413591361694
            ],
            [
              63.24203721564664,
              39.2719204104325
            ],
            [
              63.253594491158694,
              39.256263912365178
            ],
            [
              63.259784363661673,
              39.253600623761251
            ],
            [
              63.318618175227122,
              39.228286464254317
            ],
            [
              63.366783866151309,
              39.205894687154952
            ],
            [
              63.390866712681685,
              39.194698798108639
            ],
            [
              63.429603440580053,
              39.181353969623274
            ],
            [
              63.455890395851789,
              39.172298096075458
            ],
            [
              63.506464372249646,
              39.14989025648223
            ],
            [
              63.557038348647502,
              39.121870421389467
            ],
            [
              63.590098625497639,
              39.109044206447486
            ],
            [
              63.590272676020305,
              39.109201797111126
            ],
            [
              63.592784084604787,
              39.108002343553167
            ],
            [
              63.614837178431465,
              39.099446525256823
            ],
            [
              63.679860862499893,
              39.065797305419849
            ],
            [
              63.687839797539382,
              39.054642269910104
            ],
            [
              63.691998616547913,
              39.051772059884676
            ],
            [
              63.701468542903925,
              39.035588456620182
            ],
            [
              63.715985130328875,
              39.015293386237452
            ],
            [
              63.872860631766784,
              38.962277221426547
            ],
            [
              63.873042424387712,
              38.962216939173118
            ],
            [
              63.882156767192981,
              38.959135587179375
            ],
            [
              63.894976799337861,
              38.925893123170319
            ],
            [
              63.894982539120491,
              38.925883617961773
            ],
            [
              63.903831328249694,
              38.902933246366388
            ],
            [
              63.903831328249694,
              38.874815378012315
            ],
            [
              63.95957058429358,
              38.767942473420199
            ],
            [
              64.01401034732892,
              38.721377457555839
            ],
            [
              64.070002964215504,
              38.677678831091526
            ],
            [
              64.195327189192042,
              38.722132831289684
            ],
            [
              64.196896059030635,
              38.722692907202678
            ],
            [
              64.287385451572902,
              38.762812010630242
            ],
            [
              64.330097698692597,
              38.801656843690608
            ],
            [
              64.384438830707012,
              38.843979190288572
            ],
            [
              64.384685803225736,
              38.844185737067022
            ],
            [
              64.443449253128819,
              38.893652780765507
            ],
            [
              64.330097698692597,
              38.992835612559112
            ],
            [
              64.279523722294741,
              38.975987605035549
            ],
            [
              64.243399453567463,
              38.953517357496743
            ],
            [
              64.156701209340639,
              38.959135587179375
            ],
            [
              64.033878695488255,
              39.032132037184773
            ],
            [
              63.853257351851838,
              39.144287181845947
            ],
            [
              63.701535423556599,
              39.211494639071525
            ],
            [
              63.629286886102037,
              39.306595196039446
            ],
            [
              63.542588640976923,
              39.384816403711667
            ],
            [
              63.340292736283828,
              39.485257843884739
            ],
            [
              63.152446539261312,
              39.585554423089945
            ],
            [
              63.094647709477321,
              39.618954407297828
            ],
            [
              63.029624025408893,
              39.641212113799433
            ],
            [
              62.906801511556459,
              39.735727462307118
            ],
            [
              62.856227536056949,
              39.741283158643064
            ],
            [
              62.762304437545694,
              39.796815488221348
            ],
            [
              62.661156484749981,
              39.868940535070159
            ],
            [
              62.610582508352124,
              39.891117619149902
            ],
            [
              62.581683093909277,
              39.891117619149902
            ],
            [
              62.50943455645475,
              39.946528945645092
            ],
            [
              62.443473581576747,
              40.022335754616755
            ],
            [
              62.435665449701887,
              39.95653242633616
            ],
            [
              62.452256339462892,
              39.867452375560873
            ],
            [
              62.468847229223854,
              39.810125466095506
            ],
            [
              62.468847229223854,
              39.752750710543268
            ],
            [
              62.502841007951979,
              39.731835131643052
            ]
          ]
        ]
      }
    },
    {
      "type": "Feature",
      "properties": {
        "name": "Danew",
        "admin_level": 2,
        "source_shape_id": "10190150B82365313393871"
      },
      "geometry": {
        "type": "Polygon",
        "coordinates": [
          [
            [
              63.366783866151309,
              39.205894687154952
            ],
            [
              63.333067882897701,
              39.2170923607421
            ],
            [
              63.268044198829266,
              39.245074272480366
            ],
            [
              63.259784363661673,
              39.253600623761251
            ],
            [
              63.253594491158694,
              39.256263912365178
            ],
            [
              63.24203721564664,
              39.2719204104325
            ],
            [
              63.224695076715847,
              39.28982211978694
            ],
            [
              63.181345953704131,
              39.261858063273436
            ],
            [
              63.171341736874702,
              39.269602399550621
            ],
            [
              63.166896246931884,
              39.26745176766984
            ],
            [
              63.13317129390628,
              39.297282074520687
            ],
            [
              63.109097416249554,
              39.312185328409576
            ],
            [
              63.029624025408893,
              39.312185328409576
            ],
            [
              62.95015063456821,
              39.295413591361694
            ],
            [
              62.95015063456821,
              39.274550230448511
            ],
            [
              62.961421406569222,
              39.241828942328304
            ],
            [
              62.962578922912712,
              39.239437849999923
            ],
            [
              62.993499756681608,
              39.211494639071525
            ],
            [
              63.087422855192877,
              39.194698798108639
            ],
            [
              63.109097416249554,
              39.194698798108639
            ],
            [
              63.125712207266076,
              39.168935513755422
            ],
            [
              63.151001568584064,
              39.141485476962202
            ],
            [
              63.196700067667955,
              39.125372843505289
            ],
            [
              63.203742304029205,
              39.12355192541056
            ],
            [
              63.216748433971489,
              39.12355192541056
            ],
            [
              63.245888134324737,
              39.131086606960466
            ],
            [
              63.261975321805245,
              39.141485476962202
            ],
            [
              63.317134612928278,
              39.149506296030516
            ],
            [
              63.340292736283828,
              39.155492885660941
            ],
            [
              63.385375788258195,
              39.164231936281894
            ],
            [
              63.42843595208619,
              39.180923211796923
            ],
            [
              63.428558790128164,
              39.180868069835107
            ],
            [
              63.429603440580053,
              39.181353969623274
            ],
            [
              63.390866712681685,
              39.194698798108639
            ],
            [
              63.366783866151309,
              39.205894687154952
            ]
          ]
        ]
      }
    },
    {
      "type": "Feature",
      "properties": {
        "name": "Dowletli",
        "admin_level": 2,
        "source_shape_id": "10190150B29958547271775"
      },
      "geometry": {
        "type": "Polygon",
        "coordinates": [
          [
            [
              63.520914079920225,
              39.13868366037098
            ],
            [
              63.487421536871622,
              39.133487953741032
            ],
            [
              63.481895461871709,
              39.131957056608954
            ],
            [
              63.455890395851789,
              39.121870421389467
            ],
            [
              63.457624399294637,
              39.116488567089668
            ],
            [
              63.470051109207262,
              39.102025636236313
            ],
            [
              63.470051109207262,
              39.058953333224714
            ],
            [
              63.470051109207262,
              39.040212130453313
            ],
            [
              63.470051109207262,
              39.037294980300281
            ],
            [
              63.470051109207262,
              39.033815681645713
            ],
            [
              63.461095230315152,
              39.023379044235455
            ],
            [
              63.450363398854549,
              39.006703575276639
            ],
            [
              63.449344745063755,
              39.001953818664717
            ],
            [
              63.454551862765626,
              38.985765416989032
            ],
            [
              63.472664282675922,
              38.974032391473877
            ],
            [
              63.480262042288068,
              38.981415313136864
            ],
            [
              63.493170641839491,
              39.001482699566694
            ],
            [
              63.536159333512252,
              39.021524318396672
            ],
            [
              63.539669716476148,
              39.024251483817274
            ],
            [
              63.54403361165415,
              39.044590055944965
            ],
            [
              63.54403361165415,
              39.045599748911641
            ],
            [
              63.542588640976923,
              39.048966676843371
            ],
            [
              63.54403361165415,
              39.054576440535492
            ],
            [
              63.54403361165415,
              39.066133876627177
            ],
            [
              63.548002691653771,
              39.069985473551803
            ],
            [
              63.549813494363029,
              39.077015495303847
            ],
            [
              63.584207742274003,
              39.103710420703017
            ],
            [
              63.585780543045338,
              39.105134482599105
            ],
            [
              63.520914079920225,
              39.13868366037098
            ]
          ]
        ]
      }
    },
    {
      "type": "Feature",
      "properties": {
        "name": "Carjew",
        "admin_level": 2,
        "source_shape_id": "10190150B55240389541589"
      },
      "geometry": {
        "type": "Polygon",
        "coordinates": [
          [
            [
              62.367214203780421,
              38.472274730476961
            ],
            [
              62.452791703032872,
              38.420587460812442
            ],
            [
              62.554013273976693,
              38.346345833810204
            ],
            [
              62.596132800681559,
              38.315452989903747
            ],
            [
              62.841199839756143,
              38.137465166597885
            ],
            [
              62.919806248549818,
              38.122916327197125
            ],
            [
              62.921907016486131,
              38.126551159225272
            ],
            [
              62.942925780283751,
              38.162918658235085
            ],
            [
              62.970674678368034,
              38.209388901430515
            ],
            [
              62.972878647291807,
              38.213079821753624
            ],
            [
              63.081642972483969,
              38.39522415870406
            ],
            [
              63.086013592606079,
              38.395346493252212
            ],
            [
              63.206082012774992,
              38.398707235896019
            ],
            [
              63.211112351092304,
              38.398848033003148
            ],
            [
              63.266599228152046,
              38.387975866343659
            ],
            [
              63.286744651495482,
              38.383238371731082
            ],
            [
              63.312838292518201,
              38.377102065650028
            ],
            [
              63.331429803534306,
              38.369814005753113
            ],
            [
              63.349829543292515,
              38.362601122124161
            ],
            [
              63.51166626722663,
              38.619560631808319
            ],
            [
              63.594896582367106,
              38.854000990683879
            ],
            [
              63.599520488713893,
              38.900796679226275
            ],
            [
              63.599520488713893,
              38.920585577234931
            ],
            [
              63.599520488713893,
              38.936772390982448
            ],
            [
              63.572844104561945,
              38.967890494924767
            ],
            [
              63.571777049734877,
              38.969134934601264
            ],
            [
              63.622640020447832,
              38.997889233024651
            ],
            [
              63.645314066995319,
              39.00141318904037
            ],
            [
              63.715118148281853,
              39.012262002976435
            ],
            [
              63.713431958655001,
              39.015143611863742
            ],
            [
              63.701468542903925,
              39.035588456620182
            ],
            [
              63.691998616547913,
              39.051772059884676
            ],
            [
              63.687839797539382,
              39.054642269910104
            ],
            [
              63.650383458528545,
              39.080492772065682
            ],
            [
              63.592784084604787,
              39.108002343553167
            ],
            [
              63.590272676020305,
              39.109201797111126
            ],
            [
              63.590098625497639,
              39.109044206447486
            ],
            [
              63.585780543045338,
              39.105134482599105
            ],
            [
              63.584207742274003,
              39.103710420703017
            ],
            [
              63.562529237041282,
              39.084082039392079
            ],
            [
              63.548002691653771,
              39.069985473551803
            ],
            [
              63.54403361165415,
              39.066133876627177
            ],
            [
              63.54403361165415,
              39.054576440535492
            ],
            [
              63.54403361165415,
              39.045599748911641
            ],
            [
              63.54403361165415,
              39.044590055944965
            ],
            [
              63.539669716476148,
              39.024251483817274
            ],
            [
              63.539409705307357,
              39.023039663712808
            ],
            [
              63.536159333512252,
              39.021524318396672
            ],
            [
              63.493170641839491,
              39.001482699566694
            ],
            [
              63.480262042288068,
              38.981415313136864
            ],
            [
              63.474675015554027,
              38.972729860929654
            ],
            [
              63.472664282675922,
              38.974032391473877
            ],
            [
              63.454551862765626,
              38.985765416989032
            ],
            [
              63.446931577473329,
              38.990701753613848
            ],
            [
              63.449344745063755,
              39.001953818664717
            ],
            [
              63.450363398854549,
              39.006703575276639
            ],
            [
              63.45155548382013,
              39.012262002976435
            ],
            [
              63.461095230315152,
              39.023379044235455
            ],
            [
              63.470051109207262,
              39.033815681645713
            ],
            [
              63.470051109207262,
              39.037294980300281
            ],
            [
              63.470051109207262,
              39.040212130453313
            ],
            [
              63.470051109207262,
              39.058953333224714
            ],
            [
              63.470051109207262,
              39.102025636236313
            ],
            [
              63.457624399294637,
              39.116488567089668
            ],
            [
              63.45155548382013,
              39.12355192541056
            ],
            [
              63.481895461871709,
              39.131957056608954
            ],
            [
              63.487421536871622,
              39.133487953741032
            ],
            [
              63.516290173573424,
              39.141485476962202
            ],
            [
              63.428558790128164,
              39.180868069835107
            ],
            [
              63.42843595208619,
              39.180923211796923
            ],
            [
              63.385375788258195,
              39.164231936281894
            ],
            [
              63.382196887719992,
              39.16299970909089
            ],
            [
              63.335957824252141,
              39.152243415548178
            ],
            [
              63.317134612928278,
              39.149506296030516
            ],
            [
              63.261975321805245,
              39.141485476962202
            ],
            [
              63.245888134324737,
              39.131086606960466
            ],
            [
              63.234231883724533,
              39.12355192541056
            ],
            [
              63.216748433971489,
              39.12355192541056
            ],
            [
              63.203742304029205,
              39.12355192541056
            ],
            [
              63.201864538398716,
              39.12355192541056
            ],
            [
              63.196700067667955,
              39.125372843505289
            ],
            [
              63.151001568584064,
              39.141485476962202
            ],
            [
              63.125712207266076,
              39.168935513755422
            ],
            [
              63.104762504217895,
              39.191675120036848
            ],
            [
              63.053899534403243,
              39.198842145400008
            ],
            [
              63.003036563690287,
              39.209591312457398
            ],
            [
              62.975293125609561,
              39.213174002667728
            ],
            [
              62.962578922912712,
              39.239437849999923
            ],
            [
              62.961421406569222,
              39.241828942328304
            ],
            [
              62.95015063456821,
              39.274550230448511
            ],
            [
              62.942961891927254,
              39.295420577143105
            ],
            [
              62.942925780283751,
              39.295525416411557
            ],
            [
              62.942705726021728,
              39.295519985102928
            ],
            [
              62.106510432228362,
              39.27488128139327
            ],
            [
              61.362627998319368,
              39.253886983530158
            ],
            [
              61.352250524662509,
              39.253594104221428
            ],
            [
              61.38360224784779,
              39.236055319668523
            ],
            [
              61.430908389613407,
              39.209591312457398
            ],
            [
              61.447495643333262,
              39.181735113849868
            ],
            [
              61.458651828592423,
              39.16299970909089
            ],
            [
              61.516222171037029,
              39.123305927206971
            ],
            [
              61.541882143732892,
              39.105613808034377
            ],
            [
              61.588121207200757,
              39.073313689353483
            ],
            [
              61.606616832587896,
              39.069723874677351
            ],
            [
              61.650897739770691,
              39.035331096342162
            ],
            [
              61.680599335034778,
              39.012262002976435
            ],
            [
              61.723839541359872,
              38.988257245219877
            ],
            [
              61.745334024788086,
              38.976324604012817
            ],
            [
              61.814692620888202,
              38.929578707594992
            ],
            [
              61.847059965315694,
              38.886401287577357
            ],
            [
              62.290954979098736,
              38.518333929974034
            ],
            [
              62.367214203780421,
              38.472274730476961
            ]
          ]
        ]
      }
    },
    {
      "type": "Feature",
      "properties": {
        "name": "Ady görkezilmedik etrap",
        "admin_level": 2,
        "source_shape_id": "10190150B84985025782203"
      },
      "geometry": {
        "type": "Polygon",
        "coordinates": [
          [
            [
              61.651098812021267,
              38.5085652459355
            ],
            [
              61.646064534591424,
              38.5085652459355
            ],
            [
              61.646064534591424,
              38.50261745797301
            ],
            [
              61.617165119250288,
              38.508271260398963
            ],
            [
              61.614655557637157,
              38.507289294361833
            ],
            [
              61.603750011173894,
              38.492353542541252
            ],
            [
              61.532726809004529,
              38.499301861952084
            ],
            [
              61.526808208449459,
              38.490037287336733
            ],
            [
              61.517884232528012,
              38.490037287336733
            ],
            [
              61.516017167352906,
              38.485653389062541
            ],
            [
              61.488216408421962,
              38.489280152289119
            ],
            [
              61.485378007258873,
              38.471504563034507
            ],
            [
              61.503133808025808,
              38.459919190979825
            ],
            [
              61.503133808025808,
              38.443696543764524
            ],
            [
              61.500456723933162,
              38.412237804070344
            ],
            [
              61.507510256394418,
              38.399340230788376
            ],
            [
              61.509052407682539,
              38.397326027963089
            ],
            [
              61.510593263517585,
              38.393702869577055
            ],
            [
              61.516017167352906,
              38.383785115944434
            ],
            [
              61.656019150225021,
              38.378297738752238
            ],
            [
              61.655167849678307,
              38.380726847824441
            ],
            [
              61.664415663270184,
              38.391600103384761
            ],
            [
              61.678287382310536,
              38.413341711406325
            ],
            [
              61.673893703707854,
              38.451200543920777
            ],
            [
              61.665833432319147,
              38.456250102562848
            ],
            [
              61.655167849678307,
              38.460426090177968
            ],
            [
              61.659791756025093,
              38.493004975879686
            ],
            [
              61.658969304269156,
              38.494705988796035
            ],
            [
              61.651098812021267,
              38.5085652459355
            ]
          ]
        ]
      }
    },
    {
      "type": "Feature",
      "properties": {
        "name": "Ady görkezilmedik etrap",
        "admin_level": 2,
        "source_shape_id": "10190150B71318451734132"
      },
      "geometry": {
        "type": "Polygon",
        "coordinates": [
          [
            [
              61.716203445172795,
              38.166190503588368
            ],
            [
              61.706030820391263,
              38.170189452609193
            ],
            [
              61.710019049031004,
              38.195268126600922
            ],
            [
              61.552073701578834,
              38.195268126600922
            ],
            [
              61.547523309493911,
              38.102194768794341
            ],
            [
              61.547523309493911,
              38.050929698587233
            ],
            [
              61.729419111309994,
              38.050929698587233
            ],
            [
              61.733670648178389,
              38.121203743110527
            ],
            [
              61.722122014190624,
              38.137101481479675
            ],
            [
              61.722122014190624,
              38.162700523298341
            ],
            [
              61.716203445172795,
              38.166190503588368
            ]
          ]
        ]
      }
    },
    {
      "type": "Feature",
      "properties": {
        "name": "Magtymguly",
        "admin_level": 2,
        "source_shape_id": "10190150B5540422332593"
      },
      "geometry": {
        "type": "Polygon",
        "coordinates": [
          [
            [
              55.867401921357683,
              38.186549917805493
            ],
            [
              55.869793969411539,
              38.1852967529626
            ],
            [
              55.843883939644513,
              38.168056861712451
            ],
            [
              55.786461561637346,
              38.122903528810248
            ],
            [
              55.780213658528503,
              38.121891463988561
            ],
            [
              55.884243677082118,
              38.100064250225188
            ],
            [
              55.963717067922822,
              38.077318769453292
            ],
            [
              56.11543899621806,
              38.077318769453292
            ],
            [
              56.151563264945338,
              38.094378543546796
            ],
            [
              56.259936071127157,
              38.065943375579202
            ],
            [
              56.332184608581727,
              38.083005803494331
            ],
            [
              56.368308877309005,
              38.122802652462887
            ],
            [
              56.332184608581727,
              38.16257782197426
            ],
            [
              56.382758584979584,
              38.208008601010434
            ],
            [
              56.44778226814968,
              38.253411042878511
            ],
            [
              56.707877003525063,
              38.259084355140175
            ],
            [
              56.751226125638482,
              38.270429650371774
            ],
            [
              56.88849834716148,
              38.202331303297598
            ],
            [
              56.967971738002156,
              38.1852967529626
            ],
            [
              57.05466998312729,
              38.173938172662602
            ],
            [
              57.105243958626815,
              38.202331303297598
            ],
            [
              57.146515522250013,
              38.245561150585161
            ],
            [
              57.032763799559412,
              38.266008840162947
            ],
            [
              56.865944895092021,
              38.306048569580703
            ],
            [
              56.859051552385104,
              38.346066207841275
            ],
            [
              56.626442581436017,
              38.344768685287121
            ],
            [
              56.543501876854911,
              38.364834435550129
            ],
            [
              56.543460209025312,
              38.366542917909463
            ],
            [
              56.541705367559253,
              38.366793099173464
            ],
            [
              56.541705367559253,
              38.438495686201684
            ],
            [
              56.540854832766783,
              38.473369681391894
            ],
            [
              56.541705367559253,
              38.473784680884179
            ],
            [
              56.541705367559253,
              38.474341790198082
            ],
            [
              56.613342509673316,
              38.511719240368457
            ],
            [
              56.631736668713984,
              38.532752961772722
            ],
            [
              56.696148067372974,
              38.675486287903709
            ],
            [
              56.700731350643416,
              38.67886110125896
            ],
            [
              56.707877003525063,
              38.694597596132574
            ],
            [
              56.71011019786058,
              38.710278891006574
            ],
            [
              56.711534009114111,
              38.737498692234766
            ],
            [
              56.714792897382445,
              38.743160396588429
            ],
            [
              56.715101856911204,
              38.745329883317631
            ],
            [
              56.895723200547586,
              39.077015495303847
            ],
            [
              56.903914927430947,
              39.099266615000595
            ],
            [
              56.904547617484837,
              39.12038026219966
            ],
            [
              57.005852187957068,
              39.290028143593773
            ],
            [
              57.037924398414283,
              39.341665967607966
            ],
            [
              57.038553222855228,
              39.34277544636344
            ],
            [
              57.046130397292778,
              39.368550977574834
            ],
            [
              57.06911968989953,
              39.457371970805625
            ],
            [
              57.072618958916273,
              39.458658015824902
            ],
            [
              57.073934153172615,
              39.463131956722371
            ],
            [
              57.216239226499056,
              39.51281473221038
            ],
            [
              57.218403679295704,
              39.546962824603689
            ],
            [
              57.21361676480867,
              39.613388862160058
            ],
            [
              57.199290252052187,
              39.701625127647645
            ],
            [
              57.196599132129997,
              39.706579349477735
            ],
            [
              57.1413682273541,
              39.796815488221348
            ],
            [
              57.147968796533526,
              39.867774170874497
            ],
            [
              57.147968796533526,
              39.876081859442507
            ],
            [
              57.126918519683521,
              39.929910255603609
            ],
            [
              57.140113540809097,
              39.951579250061037
            ],
            [
              57.158739645299164,
              40.012246541527432
            ],
            [
              57.159509768117822,
              40.031020485930711
            ],
            [
              57.159547458911639,
              40.031939306734962
            ],
            [
              57.177249826400931,
              40.012564826287147
            ],
            [
              57.177492496081378,
              40.012963340841267
            ],
            [
              57.083494552885377,
              40.141391820503813
            ],
            [
              57.078766094067831,
              40.14009642688719
            ],
            [
              57.078766094067831,
              40.14115320476553
            ],
            [
              57.078766094067831,
              40.147852268003376
            ],
            [
              57.076344544184003,
              40.151160808163226
            ],
            [
              57.076344544184003,
              40.232626426937713
            ],
            [
              57.057991107733272,
              40.229290374878808
            ],
            [
              56.919275542414766,
              40.238556282633432
            ],
            [
              56.889681242049278,
              40.239425196830169
            ],
            [
              56.886886679166132,
              40.238998520445641
            ],
            [
              56.830699516479157,
              40.222912601111808
            ],
            [
              56.787350394365767,
              40.228428825455588
            ],
            [
              56.725110359283846,
              40.233708472107587
            ],
            [
              56.711059583659726,
              40.218383068521838
            ],
            [
              56.708776986512518,
              40.21842664216917
            ],
            [
              56.707877003525063,
              40.217395927495545
            ],
            [
              56.633605506763082,
              40.217395927495545
            ],
            [
              56.62508038871556,
              40.171201271263442
            ],
            [
              56.630275264256966,
              40.109645984669164
            ],
            [
              56.645442706974926,
              40.044435102307595
            ],
            [
              56.574083514235056,
              40.022582930081832
            ],
            [
              56.389983438365689,
              39.95206761218158
            ],
            [
              56.172182380142345,
              39.95983267411539
            ],
            [
              56.079979585903921,
              39.958047552072934
            ],
            [
              56.084345285895296,
              39.924575623125932
            ],
            [
              56.091459418329421,
              39.900197507821723
            ],
            [
              56.165441730725561,
              39.786589760195483
            ],
            [
              56.166012972615917,
              39.785712605858315
            ],
            [
              56.118626296814426,
              39.671167161605652
            ],
            [
              56.11543899621806,
              39.62631359773188
            ],
            [
              56.11543899621806,
              39.567026075924673
            ],
            [
              56.161366223908061,
              39.569716027462356
            ],
            [
              56.190272667667998,
              39.57376727858172
            ],
            [
              56.215585954496021,
              39.592626711505261
            ],
            [
              56.241983958826275,
              39.615871012535933
            ],
            [
              56.245486363456585,
              39.618954407297828
            ],
            [
              56.32027329714235,
              39.609857223454902
            ],
            [
              56.320284439163409,
              39.609856367581472
            ],
            [
              56.32029777348496,
              39.609854246119454
            ],
            [
              56.382758584979584,
              39.602256428464138
            ],
            [
              56.202137241343166,
              39.278637836857094
            ],
            [
              56.028740751991215,
              39.05457733199119
            ],
            [
              55.985476126035344,
              39.049777573031598
            ],
            [
              55.981878962893674,
              39.028783395972084
            ],
            [
              55.99047614828487,
              39.007045646887114
            ],
            [
              56.028740751991215,
              38.98722005567457
            ],
            [
              56.029012615749558,
              38.984894565705183
            ],
            [
              56.033354661885539,
              38.947759443943454
            ],
            [
              56.040735028918697,
              38.924491910343633
            ],
            [
              56.040767676603672,
              38.924485492476542
            ],
            [
              56.093693947248084,
              38.914081270223775
            ],
            [
              56.095012890387025,
              38.913821992980374
            ],
            [
              56.072955868493032,
              38.885835363660696
            ],
            [
              56.0648650207185,
              38.874815378012315
            ],
            [
              56.027635950245177,
              38.877713617450304
            ],
            [
              55.994111027470147,
              38.874622407701409
            ],
            [
              56.006346594577863,
              38.826978205896488
            ],
            [
              56.040839300865315,
              38.806170129770912
            ],
            [
              56.089639834907345,
              38.780145663233419
            ],
            [
              56.089789661793155,
              38.780056746746659
            ],
            [
              56.144338411559204,
              38.750964581142803
            ],
            [
              56.129888703888632,
              38.564784864622467
            ],
            [
              56.11543899621806,
              38.491308522637631
            ],
            [
              56.057640166434062,
              38.468685325655272
            ],
            [
              56.035965605377356,
              38.491308522637631
            ],
            [
              56.020927878709301,
              38.529541723354441
            ],
            [
              56.004754237311992,
              38.564784864622467
            ],
            [
              55.913015934098155,
              38.564784864622467
            ],
            [
              55.761240570732397,
              38.563089594018045
            ],
            [
              55.754196309843586,
              38.496963212281152
            ],
            [
              55.783095724286405,
              38.366793099173464
            ],
            [
              55.794211753604621,
              38.331903582891499
            ],
            [
              55.815159941204456,
              38.28076917232341
            ],
            [
              55.831103485208757,
              38.250725920556683
            ],
            [
              55.811971231864597,
              38.215659757141566
            ],
            [
              55.869367991897086,
              38.188095911556637
            ],
            [
              55.867401921357683,
              38.186549917805493
            ]
          ]
        ]
      }
    },
    {
      "type": "Feature",
      "properties": {
        "name": "Wekilbazar",
        "admin_level": 2,
        "source_shape_id": "10190150B57236240934442"
      },
      "geometry": {
        "type": "Polygon",
        "coordinates": [
          [
            [
              61.325169163281473,
              39.285733336561243
            ],
            [
              61.177212814319709,
              39.411521287987398
            ],
            [
              61.174405950864056,
              39.413907597236694
            ],
            [
              61.170853024463497,
              39.413907597236694
            ],
            [
              61.179607008603504,
              39.390231440873862
            ],
            [
              61.183673895421244,
              39.379232077993294
            ],
            [
              61.190898748807392,
              39.28982211978694
            ],
            [
              61.212573309864098,
              39.261858063273436
            ],
            [
              61.205348456477964,
              39.194698798108639
            ],
            [
              61.22702301753467,
              39.144287181845947
            ],
            [
              61.241472725205249,
              38.705874549639638
            ],
            [
              61.238900380223654,
              38.705444347775625
            ],
            [
              61.148259806779166,
              38.690285516464229
            ],
            [
              61.140324772409535,
              38.688958452403526
            ],
            [
              61.140112246124531,
              38.689179600974832
            ],
            [
              61.118650211352815,
              38.711512360082615
            ],
            [
              61.024727112841575,
              38.711512360082615
            ],
            [
              61.017502258557144,
              38.587377873166261
            ],
            [
              61.032655972279741,
              38.555781218724043
            ],
            [
              61.038851628897973,
              38.542862799860352
            ],
            [
              61.039176820512147,
              38.542184750423189
            ],
            [
              61.074064458161224,
              38.53438775135627
            ],
            [
              61.089750796011678,
              38.530882029277471
            ],
            [
              61.236746969024352,
              38.526282206107389
            ],
            [
              61.270372139648096,
              38.525230002939352
            ],
            [
              61.263147286261947,
              38.474341790198082
            ],
            [
              61.272057725483911,
              38.460387869905134
            ],
            [
              61.277596993932526,
              38.451713268295968
            ],
            [
              61.273743674602386,
              38.433603052980907
            ],
            [
              61.270372139648096,
              38.417757176028324
            ],
            [
              61.234247870920811,
              38.417757176028324
            ],
            [
              61.190898748807392,
              38.429077647870038
            ],
            [
              61.17728231769815,
              38.426615785953139
            ],
            [
              61.096975650296145,
              38.412096274594852
            ],
            [
              61.08634843099955,
              38.228584789449314
            ],
            [
              61.083378910179945,
              38.163322703635806
            ],
            [
              61.147549626693966,
              38.219361869128804
            ],
            [
              61.218741063548578,
              38.178659105887156
            ],
            [
              61.306496408375338,
              38.128486147151015
            ],
            [
              61.411445291333472,
              38.133989649265828
            ],
            [
              61.414869214557193,
              38.134169199235025
            ],
            [
              61.414869214557193,
              38.080058521594175
            ],
            [
              61.414869214557193,
              37.969181122579748
            ],
            [
              61.422255247413069,
              37.963719148626609
            ],
            [
              61.491816362135985,
              37.912278679272958
            ],
            [
              61.538216817141183,
              37.887225338830881
            ],
            [
              61.607988440275832,
              37.918993961518879
            ],
            [
              61.618108266755279,
              37.92360175097037
            ],
            [
              61.717988464021438,
              37.92360175097037
            ],
            [
              61.722811311487234,
              37.904077504379117
            ],
            [
              61.733597137647408,
              37.860413438464711
            ],
            [
              61.783026510035363,
              37.832533205426429
            ],
            [
              61.775705219078688,
              37.814271657912492
            ],
            [
              61.76873993584136,
              37.796898102956234
            ],
            [
              61.734754541432523,
              37.798112755611889
            ],
            [
              61.726247943052897,
              37.769282111555469
            ],
            [
              61.768887047545526,
              37.752427437247405
            ],
            [
              61.756137298622178,
              37.727220664838349
            ],
            [
              61.754437340773279,
              37.723859778999739
            ],
            [
              61.771618032646899,
              37.705788170917373
            ],
            [
              61.771651633361188,
              37.70574165199239
            ],
            [
              61.784664560963094,
              37.68641109428782
            ],
            [
              61.798328693178703,
              37.651011119141998
            ],
            [
              61.798757526897148,
              37.650637548499496
            ],
            [
              61.807931866292222,
              37.642645490704204
            ],
            [
              61.846936333776419,
              37.608667462970097
            ],
            [
              61.866119427274079,
              37.557654700067992
            ],
            [
              61.884440928661334,
              37.491437641262145
            ],
            [
              61.884484708011804,
              37.49127941515593
            ],
            [
              61.895452397425906,
              37.492231879391419
            ],
            [
              61.978841297546559,
              37.499473600231852
            ],
            [
              61.980349919251552,
              37.521097319152126
            ],
            [
              61.981449214427407,
              37.522322484182403
            ],
            [
              61.991758128101154,
              37.533811773693223
            ],
            [
              61.991910246961794,
              37.539528903503694
            ],
            [
              61.992857514193659,
              37.57513033850671
            ],
            [
              62.005119661623226,
              37.581608786282111
            ],
            [
              62.010401565766756,
              37.584399369281137
            ],
            [
              62.013699532814691,
              37.587012856412684
            ],
            [
              62.014532075250337,
              37.593298974895418
            ],
            [
              62.014532075250337,
              37.610936726331488
            ],
            [
              62.011778307713172,
              37.637111380853007
            ],
            [
              61.905716992521526,
              37.677595208607954
            ],
            [
              61.876938877599798,
              37.697397121351301
            ],
            [
              61.862810146955098,
              37.70671389368276
            ],
            [
              61.862569731571078,
              37.707284376879706
            ],
            [
              61.862156095274834,
              37.70756899558625
            ],
            [
              61.845110526826055,
              37.740526165375528
            ],
            [
              61.905716992521526,
              37.752506954026906
            ],
            [
              61.926504636369721,
              37.782384572339851
            ],
            [
              61.906159269068525,
              37.803821435001744
            ],
            [
              61.90490496950504,
              37.806133235611483
            ],
            [
              61.901929088022563,
              37.809389210682504
            ],
            [
              61.882989567324294,
              37.840057510958005
            ],
            [
              61.885026483351353,
              37.842771290625407
            ],
            [
              61.884484708011804,
              37.843769837222062
            ],
            [
              61.896105312580595,
              37.857531595469382
            ],
            [
              61.912899479150035,
              37.879906434275554
            ],
            [
              61.910225722996067,
              37.890456637750738
            ],
            [
              61.903109384403479,
              37.91371972867325
            ],
            [
              61.893884696468781,
              37.935549886969376
            ],
            [
              61.890077609348296,
              37.942841971174097
            ],
            [
              61.882159538460378,
              37.953247565968873
            ],
            [
              61.863243637978613,
              37.969978509511321
            ],
            [
              61.883907360219219,
              38.00906261881137
            ],
            [
              61.76599628349615,
              38.013707625434058
            ],
            [
              61.733774258471975,
              38.013707625434058
            ],
            [
              61.729544355146231,
              38.043694192931447
            ],
            [
              61.696638510090956,
              38.048876967771662
            ],
            [
              61.544916581795711,
              38.048876967771662
            ],
            [
              61.547523309493911,
              38.102194768794341
            ],
            [
              61.552073701578834,
              38.195268126600922
            ],
            [
              61.552141436080184,
              38.196653562704583
            ],
            [
              61.710239373117872,
              38.196653562704583
            ],
            [
              61.710654726738049,
              38.199265378368267
            ],
            [
              61.70681530273788,
              38.229430531372749
            ],
            [
              61.696638510090956,
              38.253411042878511
            ],
            [
              61.674963949034272,
              38.315793110722922
            ],
            [
              61.669178344579542,
              38.340749168493645
            ],
            [
              61.656470566981369,
              38.377009661888629
            ],
            [
              61.656019150225021,
              38.378297738752238
            ],
            [
              61.516017167352906,
              38.383785115944434
            ],
            [
              61.510593263517585,
              38.393702869577055
            ],
            [
              61.507510256394418,
              38.399340230788376
            ],
            [
              61.500456723933162,
              38.412237804070344
            ],
            [
              61.494342605397854,
              38.423417633793527
            ],
            [
              61.501567459682327,
              38.457371064330886
            ],
            [
              61.479892898625621,
              38.474341790198082
            ],
            [
              61.472668044341191,
              38.491308522637631
            ],
            [
              61.488216408421962,
              38.489280152289119
            ],
            [
              61.516017167352906,
              38.485653389062541
            ],
            [
              61.517884232528012,
              38.490037287336733
            ],
            [
              61.523242020739048,
              38.50261745797301
            ],
            [
              61.588265704807441,
              38.496963212281152
            ],
            [
              61.614655557637157,
              38.507289294361833
            ],
            [
              61.617165119250288,
              38.508271260398963
            ],
            [
              61.646064534591424,
              38.50261745797301
            ],
            [
              61.646064534591424,
              38.5085652459355
            ],
            [
              61.646064534591424,
              38.539354741374886
            ],
            [
              61.642452107898379,
              38.564784864622467
            ],
            [
              61.628002400227807,
              38.6043179665606
            ],
            [
              61.615570536278177,
              38.641918326220633
            ],
            [
              61.602715411579709,
              38.672038354251711
            ],
            [
              61.599123760306213,
              38.691661847731119
            ],
            [
              61.570203570443816,
              38.779131397323063
            ],
            [
              61.57742842382995,
              38.925419526680344
            ],
            [
              61.57742842382995,
              39.009679611354244
            ],
            [
              61.565044276957899,
              39.025714716747174
            ],
            [
              61.552141436080184,
              39.037744029071547
            ],
            [
              61.550499139097319,
              39.04794577285594
            ],
            [
              61.541304155102665,
              39.065797305419849
            ],
            [
              61.534552320957111,
              39.107722195762108
            ],
            [
              61.516222171037029,
              39.123305927206971
            ],
            [
              61.458651828592423,
              39.16299970909089
            ],
            [
              61.447495643333262,
              39.181735113849868
            ],
            [
              61.38360224784779,
              39.236055319668523
            ],
            [
              61.352250524662509,
              39.253594104221428
            ],
            [
              61.348962178442328,
              39.253501298534836
            ],
            [
              61.325169163281473,
              39.285733336561243
            ]
          ]
        ]
      }
    },
    {
      "type": "Feature",
      "properties": {
        "name": "Mary",
        "admin_level": 2,
        "source_shape_id": "10190150B21853413573592"
      },
      "geometry": {
        "type": "Polygon",
        "coordinates": [
          [
            [
              61.625919178159933,
              37.779536981512265
            ],
            [
              61.625087622117796,
              37.767901466308729
            ],
            [
              61.659375951032899,
              37.713672446270955
            ],
            [
              61.657849065142926,
              37.705213535387635
            ],
            [
              61.660514242262003,
              37.700997716842856
            ],
            [
              61.65451811106788,
              37.686760130413383
            ],
            [
              61.647616748842232,
              37.648526750680496
            ],
            [
              61.705264757090944,
              37.630965821504311
            ],
            [
              61.761662194159385,
              37.615202177568278
            ],
            [
              61.767082709541668,
              37.612134629971727
            ],
            [
              61.800486375524251,
              37.601959093463783
            ],
            [
              61.81070403792242,
              37.593862944850706
            ],
            [
              61.801397916243644,
              37.638089361140956
            ],
            [
              61.799190664671585,
              37.648579104371578
            ],
            [
              61.798757526897148,
              37.650637548499496
            ],
            [
              61.798328693178703,
              37.651011119141998
            ],
            [
              61.784664560963094,
              37.68641109428782
            ],
            [
              61.771651633361188,
              37.70574165199239
            ],
            [
              61.771618032646899,
              37.705788170917373
            ],
            [
              61.754437340773279,
              37.723859778999739
            ],
            [
              61.756137298622178,
              37.727220664838349
            ],
            [
              61.754437340773279,
              37.729574192533114
            ],
            [
              61.768887047545526,
              37.752427437247405
            ],
            [
              61.725537925432128,
              37.769562739830214
            ],
            [
              61.732762778818234,
              37.798112755611889
            ],
            [
              61.734754541432523,
              37.798112755611889
            ],
            [
              61.768887047545526,
              37.798112755611889
            ],
            [
              61.775705219078688,
              37.814271657912492
            ],
            [
              61.783026510035363,
              37.832533205426429
            ],
            [
              61.732762778818234,
              37.86088396062636
            ],
            [
              61.722811311487234,
              37.904077504379117
            ],
            [
              61.717988464021438,
              37.92360175097037
            ],
            [
              61.618108266755279,
              37.92360175097037
            ],
            [
              61.607988440275832,
              37.918993961518879
            ],
            [
              61.541350110366373,
              37.885533556673423
            ],
            [
              61.630010702542485,
              37.837662388183034
            ],
            [
              61.630070906833524,
              37.837629881635429
            ],
            [
              61.635857546651579,
              37.83450545845119
            ],
            [
              61.625919178159933,
              37.779536981512265
            ]
          ]
        ]
      }
    },
    {
      "type": "Feature",
      "properties": {
        "name": "Mary",
        "admin_level": 2,
        "source_shape_id": "10190150B47066979897930"
      },
      "geometry": {
        "type": "Polygon",
        "coordinates": [
          [
            [
              61.818895221013513,
              37.582648960779572
            ],
            [
              61.819461023943383,
              37.580856208045937
            ],
            [
              61.732762778818234,
              37.569404028525923
            ],
            [
              61.730232933133756,
              37.569404028525923
            ],
            [
              61.706412758897244,
              37.564683965870238
            ],
            [
              61.659375951032899,
              37.574004497377643
            ],
            [
              61.646493324995099,
              37.553578714238419
            ],
            [
              61.638839680306994,
              37.529307533258113
            ],
            [
              61.602715411579709,
              37.53503692496264
            ],
            [
              61.611395839502315,
              37.522247060122062
            ],
            [
              61.639754829121223,
              37.486628826280715
            ],
            [
              61.685993892589082,
              37.452376526998023
            ],
            [
              61.70524111877571,
              37.434741911065203
            ],
            [
              61.711088217761564,
              37.431840563049803
            ],
            [
              61.713131408455389,
              37.427512701684556
            ],
            [
              61.726067748193429,
              37.415660220675349
            ],
            [
              61.738398164818776,
              37.391172679116281
            ],
            [
              61.737982330901026,
              37.388694195854782
            ],
            [
              61.776111901829964,
              37.408888685540035
            ],
            [
              61.819461023943383,
              37.403149617242121
            ],
            [
              61.848360439284519,
              37.414627314795162
            ],
            [
              61.862810146955098,
              37.466255187147759
            ],
            [
              61.883914159185935,
              37.47742133157557
            ],
            [
              61.877115357018951,
              37.490909260494647
            ],
            [
              61.884440928661334,
              37.491437641262145
            ],
            [
              61.866119427274079,
              37.557654700067992
            ],
            [
              61.846936333776419,
              37.608667462970097
            ],
            [
              61.807931866292222,
              37.642645490704204
            ],
            [
              61.799190664671585,
              37.648579104371578
            ],
            [
              61.801397916243644,
              37.638089361140956
            ],
            [
              61.816907313286521,
              37.588947668021376
            ],
            [
              61.824004779905586,
              37.583323862665019
            ],
            [
              61.818895221013513,
              37.582648960779572
            ]
          ]
        ]
      }
    },
    {
      "type": "Feature",
      "properties": {
        "name": "Ady görkezilmedik etrap",
        "admin_level": 2,
        "source_shape_id": "10190150B1081119801356"
      },
      "geometry": {
        "type": "MultiPolygon",
        "coordinates": [
          [
            [
              [
                60.8819991914974,
                39.290434540148027
              ],
              [
                60.879870381956323,
                39.287139949517638
              ],
              [
                60.883268615432129,
                39.2872373695213
              ],
              [
                60.89498486248926,
                38.420455950727515
              ],
              [
                61.073450839971301,
                38.417278080594791
              ],
              [
                61.093851478887508,
                38.417278080594791
              ],
              [
                61.17728231769815,
                38.426615785953139
              ],
              [
                61.190898748807392,
                38.429077647870038
              ],
              [
                61.234247870920811,
                38.417757176028324
              ],
              [
                61.270372139648096,
                38.417757176028324
              ],
              [
                61.273743674602386,
                38.433603052980907
              ],
              [
                61.276007525648595,
                38.449563189545088
              ],
              [
                61.272057725483911,
                38.460387869905134
              ],
              [
                61.263147286261947,
                38.474341790198082
              ],
              [
                61.270372139648096,
                38.525230002939352
              ],
              [
                61.236746969024352,
                38.526282206107389
              ],
              [
                61.095675176327305,
                38.529186468514254
              ],
              [
                61.074064458161224,
                38.53438775135627
              ],
              [
                61.039176820512147,
                38.542184750423189
              ],
              [
                61.038851628897973,
                38.542862799860352
              ],
              [
                61.035564392920762,
                38.543653974126499
              ],
              [
                61.032655972279741,
                38.555781218724043
              ],
              [
                61.017502258557144,
                38.587377873166261
              ],
              [
                61.024727112841575,
                38.711512360082615
              ],
              [
                61.118650211352815,
                38.711512360082615
              ],
              [
                61.140112246124531,
                38.689179600974832
              ],
              [
                61.148259806779166,
                38.690285516464229
              ],
              [
                61.238900380223654,
                38.705444347775625
              ],
              [
                61.220520649487142,
                39.155829029517939
              ],
              [
                61.198123602193533,
                39.205896471746684
              ],
              [
                61.205348456477964,
                39.26745176766984
              ],
              [
                61.190898748807392,
                39.28982211978694
              ],
              [
                61.179607008603504,
                39.390231440873862
              ],
              [
                61.170853024463497,
                39.413907597236694
              ],
              [
                61.050326164541261,
                39.413907597236694
              ],
              [
                61.03749393271989,
                39.418312973358653
              ],
              [
                61.024727112841575,
                39.418312973358653
              ],
              [
                60.999190446214065,
                39.431462772021071
              ],
              [
                60.975667161515162,
                39.439538445696947
              ],
              [
                60.917599047351715,
                39.439538445696947
              ],
              [
                60.911384732541009,
                39.439538445696947
              ],
              [
                60.869570383361356,
                39.430311272353634
              ],
              [
                60.882407974592709,
                39.42967156993334
              ],
              [
                60.87068779881124,
                39.390432076307199
              ],
              [
                60.878501249032809,
                39.357212182131086
              ],
              [
                60.90194160149403,
                39.320954272192985
              ],
              [
                60.88631470015266,
                39.290724983678352
              ],
              [
                60.8819991914974,
                39.290434540148027
              ]
            ]
          ],
          [
            [
              [
                61.174405950864056,
                39.413907597236694
              ],
              [
                61.177212814319709,
                39.411521287987398
              ],
              [
                61.176944456922229,
                39.413907597236694
              ],
              [
                61.174405950864056,
                39.413907597236694
              ]
            ]
          ]
        ]
      }
    },
    {
      "type": "Feature",
      "properties": {
        "name": "Garagum",
        "admin_level": 2,
        "source_shape_id": "10190150B14310189929045"
      },
      "geometry": {
        "type": "Polygon",
        "coordinates": [
          [
            [
              61.100821303947519,
              38.147483458168459
            ],
            [
              61.402824790297174,
              37.960929364071632
            ],
            [
              61.412432707723852,
              37.955140882225514
            ],
            [
              61.423167845029027,
              37.949344580237337
            ],
            [
              61.422255247413069,
              37.963719148626609
            ],
            [
              61.414869214557193,
              37.969181122579748
            ],
            [
              61.414869214557193,
              38.080058521594175
            ],
            [
              61.411445291333472,
              38.133989649265828
            ],
            [
              61.306496408375338,
              38.128486147151015
            ],
            [
              61.218741063548578,
              38.178659105887156
            ],
            [
              61.14801779717903,
              38.218521787363478
            ],
            [
              61.08337782373362,
              38.163298826465791
            ],
            [
              61.083175050876804,
              38.158842424107931
            ],
            [
              61.100821303947519,
              38.147483458168459
            ]
          ]
        ]
      }
    },
    {
      "type": "Feature",
      "properties": {
        "name": "Bayramaly",
        "admin_level": 2,
        "source_shape_id": "10190150B50405020357004"
      },
      "geometry": {
        "type": "Polygon",
        "coordinates": [
          [
            [
              62.103686769808107,
              37.514251550445444
            ],
            [
              62.109287227425995,
              37.506254995288153
            ],
            [
              62.112364994994266,
              37.502592723593203
            ],
            [
              62.128256359378724,
              37.48998470717283
            ],
            [
              62.128505730177984,
              37.489560645282303
            ],
            [
              62.13143020878713,
              37.487240331924241
            ],
            [
              62.135329785225615,
              37.477956152321745
            ],
            [
              62.141514023328511,
              37.467439685641665
            ],
            [
              62.140453881344648,
              37.46575661490531
            ],
            [
              62.140678021480717,
              37.465222978159829
            ],
            [
              62.132272363171339,
              37.450541139756425
            ],
            [
              62.166109506837188,
              37.450541139756425
            ],
            [
              62.167548301495792,
              37.449398771395884
            ],
            [
              62.169923304375928,
              37.449398771395884
            ],
            [
              62.172298531498313,
              37.445627203001671
            ],
            [
              62.178009786513634,
              37.441092603856852
            ],
            [
              62.205908393522982,
              37.449398771395884
            ],
            [
              62.228635818720214,
              37.447895165431731
            ],
            [
              62.255151147518156,
              37.452405892607032
            ],
            [
              62.245681387169,
              37.470446081763654
            ],
            [
              62.205908393522982,
              37.514025232449079
            ],
            [
              62.221060009722244,
              37.548569924410366
            ],
            [
              62.260833003368305,
              37.572591576221136
            ],
            [
              62.264576762764101,
              37.57444591061266
            ],
            [
              62.291136236665167,
              37.587601175326206
            ],
            [
              62.31575761321362,
              37.617611295520049
            ],
            [
              62.293030188016353,
              37.667101521183874
            ],
            [
              62.268408811467943,
              37.695580934817798
            ],
            [
              62.215378153872095,
              37.692583616482338
            ],
            [
              62.211590249373131,
              37.752506954026906
            ],
            [
              62.175605161124409,
              37.755501848085636
            ],
            [
              62.166135400775254,
              37.745019187994913
            ],
            [
              62.139620071977355,
              37.743521544108972
            ],
            [
              62.137726119727837,
              37.673098096111133
            ],
            [
              62.16234749627629,
              37.673098096111133
            ],
            [
              62.177499112475552,
              37.665602302356284
            ],
            [
              62.202120489922308,
              37.665602302356284
            ],
            [
              62.204846024702704,
              37.661286938428809
            ],
            [
              62.209967511982619,
              37.653988922720579
            ],
            [
              62.223931241864271,
              37.65583144775551
            ],
            [
              62.223995085472751,
              37.655022519213226
            ],
            [
              62.22484791422125,
              37.655106918396577
            ],
            [
              62.2262230718651,
              37.626792883898844
            ],
            [
              62.22703429235024,
              37.616514338871035
            ],
            [
              62.226723029263155,
              37.616498928817236
            ],
            [
              62.226741866470725,
              37.616111077033544
            ],
            [
              62.164639871754254,
              37.613129676755769
            ],
            [
              62.157689723752334,
              37.606622785815254
            ],
            [
              62.156601633439237,
              37.605604090242323
            ],
            [
              62.156439881218823,
              37.605452654034444
            ],
            [
              62.143823996921128,
              37.604683824129879
            ],
            [
              62.136222947408598,
              37.604136384212062
            ],
            [
              62.117651742958095,
              37.569798256011737
            ],
            [
              62.116892646780087,
              37.552949599058103
            ],
            [
              62.116892646780087,
              37.547068313692549
            ],
            [
              62.116053884612633,
              37.54607067048682
            ],
            [
              62.117558489746777,
              37.545921555517467
            ],
            [
              62.103686769808107,
              37.527588630200029
            ],
            [
              62.103686769808107,
              37.514251550445444
            ]
          ]
        ]
      }
    },
    {
      "type": "Feature",
      "properties": {
        "name": "Bayramaly",
        "admin_level": 2,
        "source_shape_id": "10190150B73073283057167"
      },
      "geometry": {
        "type": "Polygon",
        "coordinates": [
          [
            [
              62.009917458752987,
              37.582369232070725
            ],
            [
              62.011249414911816,
              37.582520024059484
            ],
            [
              62.012923770193225,
              37.582709579369613
            ],
            [
              62.024110306041138,
              37.565531373492313
            ],
            [
              62.025335973933586,
              37.563649220189461
            ],
            [
              62.042402755199497,
              37.553809707077974
            ],
            [
              62.043575987299896,
              37.544972906551905
            ],
            [
              62.043946543014769,
              37.542181875744774
            ],
            [
              62.043954280442463,
              37.542123597331575
            ],
            [
              62.062572586951305,
              37.538432866366513
            ],
            [
              62.08013032068213,
              37.549327781166511
            ],
            [
              62.080425644282329,
              37.549503399341638
            ],
            [
              62.115324454195346,
              37.545814145492486
            ],
            [
              62.115398185137281,
              37.546135654052904
            ],
            [
              62.11687598033663,
              37.552579675988291
            ],
            [
              62.116892646780087,
              37.552949599058103
            ],
            [
              62.117651742958095,
              37.569798256011737
            ],
            [
              62.136222947408598,
              37.604136384212062
            ],
            [
              62.143823996921128,
              37.604683824129879
            ],
            [
              62.156439881218823,
              37.605452654034444
            ],
            [
              62.156601633439237,
              37.605604090242323
            ],
            [
              62.157689723752334,
              37.606622785815254
            ],
            [
              62.164639871754254,
              37.613129676755769
            ],
            [
              62.16497327185175,
              37.613441813716499
            ],
            [
              62.226723029263155,
              37.616498928817236
            ],
            [
              62.22703429235024,
              37.616514338871035
            ],
            [
              62.2262230718651,
              37.626792883898844
            ],
            [
              62.223995085472751,
              37.655022519213226
            ],
            [
              62.223931241864271,
              37.65583144775551
            ],
            [
              62.209967511982619,
              37.653988922720579
            ],
            [
              62.204846024702704,
              37.661286938428809
            ],
            [
              62.202209883971172,
              37.665043385612279
            ],
            [
              62.177499112475552,
              37.665602302356284
            ],
            [
              62.16234749627629,
              37.673098096111133
            ],
            [
              62.137726119727837,
              37.673098096111133
            ],
            [
              62.139620071977355,
              37.743521544108972
            ],
            [
              62.166135400775254,
              37.745019187994913
            ],
            [
              62.175605161124409,
              37.755501848085636
            ],
            [
              62.211590249373131,
              37.752506954026906
            ],
            [
              62.215378153872095,
              37.692583616482338
            ],
            [
              62.268408811467943,
              37.695580934817798
            ],
            [
              62.293030188016353,
              37.667101521183874
            ],
            [
              62.31575761321362,
              37.617611295520049
            ],
            [
              62.291136236665167,
              37.587601175326206
            ],
            [
              62.264576762764101,
              37.57444591061266
            ],
            [
              62.260833003368305,
              37.572591576221136
            ],
            [
              62.221060009722244,
              37.548569924410366
            ],
            [
              62.205908393522982,
              37.514025232449079
            ],
            [
              62.245681387169,
              37.470446081763654
            ],
            [
              62.255151147518156,
              37.452405892607032
            ],
            [
              62.263211541018009,
              37.490909260494647
            ],
            [
              62.248177149573408,
              37.524672193524594
            ],
            [
              62.295578885445522,
              37.527588630200029
            ],
            [
              62.346441856158478,
              37.501914963674764
            ],
            [
              62.341817949811677,
              37.575244860692216
            ],
            [
              62.39730482597313,
              37.626532868262011
            ],
            [
              62.415800451360269,
              37.655824423640816
            ],
            [
              62.407691082609425,
              37.669337904217542
            ],
            [
              62.452791703032872,
              37.674125780375839
            ],
            [
              62.471287328420011,
              37.696081451647579
            ],
            [
              62.480535141113599,
              37.772875107303065
            ],
            [
              62.901310623162679,
              37.772875107303065
            ],
            [
              62.97066921926281,
              37.750942190707434
            ],
            [
              63.021532189077426,
              37.732659792991988
            ],
            [
              63.049275628056478,
              37.73997329392909
            ],
            [
              63.090890785177557,
              37.758253885167775
            ],
            [
              63.187992819358364,
              37.765564857382145
            ],
            [
              63.234231883724533,
              37.780184634170112
            ],
            [
              63.258421881188681,
              37.778172082939683
            ],
            [
              63.322086105211788,
              37.772875107303065
            ],
            [
              63.369164520671987,
              37.755382100099133
            ],
            [
              63.519896820505949,
              37.699374242122467
            ],
            [
              63.769025757858174,
              37.629836616172881
            ],
            [
              63.775876278343375,
              37.627924478080359
            ],
            [
              63.770961319727895,
              37.632277263628865
            ],
            [
              63.770869440083267,
              37.63235863407786
            ],
            [
              63.651585674771603,
              37.737998719873225
            ],
            [
              63.533501992680684,
              37.834689902774208
            ],
            [
              63.532614498707616,
              37.835416614886789
            ],
            [
              63.488824169388415,
              37.871273717803319
            ],
            [
              63.37106359355213,
              37.946526953938992
            ],
            [
              63.370491545844104,
              37.946892512963707
            ],
            [
              63.327545046819132,
              37.974336867828441
            ],
            [
              63.258948805984893,
              38.018128535024168
            ],
            [
              63.233108467382316,
              38.0277648090998
            ],
            [
              63.07182224023115,
              38.087911013580978
            ],
            [
              62.993499756681608,
              38.117118715901583
            ],
            [
              62.922580857061547,
              38.126462379790105
            ],
            [
              62.921907016486131,
              38.126551159225272
            ],
            [
              62.919806248549818,
              38.122916327197125
            ],
            [
              62.841199839756143,
              38.137465166597885
            ],
            [
              62.596132800681559,
              38.315452989903747
            ],
            [
              62.554013273976693,
              38.346345833810204
            ],
            [
              62.367214203780421,
              38.472274730476961
            ],
            [
              62.290954979098736,
              38.518333929974034
            ],
            [
              61.847059965315694,
              38.886401287577357
            ],
            [
              61.814692620888202,
              38.929578707594992
            ],
            [
              61.723839541359872,
              38.988257245219877
            ],
            [
              61.680599335034778,
              39.012262002976435
            ],
            [
              61.650897739770691,
              39.035331096342162
            ],
            [
              61.588121207200757,
              39.073313689353483
            ],
            [
              61.534079301716524,
              39.110659365035531
            ],
            [
              61.534552320957111,
              39.107722195762108
            ],
            [
              61.541304155102665,
              39.065797305419849
            ],
            [
              61.550499139097319,
              39.04794577285594
            ],
            [
              61.555753862773244,
              39.037744029071547
            ],
            [
              61.565044276957899,
              39.025714716747174
            ],
            [
              61.57742842382995,
              39.009679611354244
            ],
            [
              61.57742842382995,
              38.925419526680344
            ],
            [
              61.570203570443816,
              38.779131397323063
            ],
            [
              61.599123760306213,
              38.691661847731119
            ],
            [
              61.615570536278177,
              38.641918326220633
            ],
            [
              61.628002400227807,
              38.6043179665606
            ],
            [
              61.642452107898379,
              38.564784864622467
            ],
            [
              61.646064534591424,
              38.539354741374886
            ],
            [
              61.649676961284484,
              38.513924618127199
            ],
            [
              61.658969304269156,
              38.494705988796035
            ],
            [
              61.659791756025093,
              38.493004975879686
            ],
            [
              61.655167849678307,
              38.460426090177968
            ],
            [
              61.665833432319147,
              38.456250102562848
            ],
            [
              61.673663475963735,
              38.45318433800157
            ],
            [
              61.673893703707854,
              38.451200543920777
            ],
            [
              61.678287382310536,
              38.413341711406325
            ],
            [
              61.664415663270184,
              38.391600103384761
            ],
            [
              61.655167849678307,
              38.380726847824441
            ],
            [
              61.656019150225021,
              38.378297738752238
            ],
            [
              61.656470566981369,
              38.377009661888629
            ],
            [
              61.669178344579542,
              38.340749168493645
            ],
            [
              61.706030820391263,
              38.235593963703749
            ],
            [
              61.70681530273788,
              38.229430531372749
            ],
            [
              61.710654726738049,
              38.199265378368267
            ],
            [
              61.710239373117872,
              38.196653562704583
            ],
            [
              61.710019049031004,
              38.195268126600922
            ],
            [
              61.706030820391263,
              38.170189452609193
            ],
            [
              61.716203445172795,
              38.166190503588368
            ],
            [
              61.724526445778402,
              38.162918658235085
            ],
            [
              61.724526445778402,
              38.133828228918894
            ],
            [
              61.733774258471975,
              38.122916327197125
            ],
            [
              61.733670648178389,
              38.121203743110527
            ],
            [
              61.729419111309994,
              38.050929698587233
            ],
            [
              61.729150352125188,
              38.046487353265121
            ],
            [
              61.729544355146231,
              38.043694192931447
            ],
            [
              61.733774258471975,
              38.013707625434058
            ],
            [
              61.76599628349615,
              38.013707625434058
            ],
            [
              61.886363169712538,
              38.013707625434058
            ],
            [
              61.883907360219219,
              38.00906261881137
            ],
            [
              61.863243637978613,
              37.969978509511321
            ],
            [
              61.882159538460378,
              37.953247565968873
            ],
            [
              61.886777471823258,
              37.949163045517331
            ],
            [
              61.890077609348296,
              37.942841971174097
            ],
            [
              61.893884696468781,
              37.935549886969376
            ],
            [
              61.900035135773045,
              37.923769352433816
            ],
            [
              61.903109384403479,
              37.91371972867325
            ],
            [
              61.910225722996067,
              37.890456637750738
            ],
            [
              61.913292800621164,
              37.880430455784996
            ],
            [
              61.912899479150035,
              37.879906434275554
            ],
            [
              61.896105312580595,
              37.857531595469382
            ],
            [
              61.885026483351353,
              37.842771290625407
            ],
            [
              61.882989567324294,
              37.840057510958005
            ],
            [
              61.901929088022563,
              37.809389210682504
            ],
            [
              61.90490496950504,
              37.806133235611483
            ],
            [
              61.926550464570973,
              37.782450440194566
            ],
            [
              61.926504636369721,
              37.782384572339851
            ],
            [
              61.905716992521526,
              37.752506954026906
            ],
            [
              61.845110526826055,
              37.740526165375528
            ],
            [
              61.862156095274834,
              37.70756899558625
            ],
            [
              61.862569731571078,
              37.707284376879706
            ],
            [
              61.876938877599798,
              37.697397121351301
            ],
            [
              61.905716992521526,
              37.677595208607954
            ],
            [
              62.011778307713172,
              37.637111380853007
            ],
            [
              62.014532075250337,
              37.610936726331488
            ],
            [
              62.015566211313839,
              37.601107227717279
            ],
            [
              62.014532075250337,
              37.593298974895418
            ],
            [
              62.013699532814691,
              37.587012856412684
            ],
            [
              62.010401565766756,
              37.584399369281137
            ],
            [
              62.007493430046203,
              37.582094805538681
            ],
            [
              62.009917458752987,
              37.582369232070725
            ]
          ]
        ]
      }
    },
    {
      "type": "Feature",
      "properties": {
        "name": "Yoloten",
        "admin_level": 2,
        "source_shape_id": "10190150B71181095534415"
      },
      "geometry": {
        "type": "Polygon",
        "coordinates": [
          [
            [
              63.369164520671987,
              37.755382100099133
            ],
            [
              63.258421881188681,
              37.778172082939683
            ],
            [
              63.234231883724533,
              37.780184634170112
            ],
            [
              63.187992819358364,
              37.765564857382145
            ],
            [
              63.090890785177557,
              37.758253885167775
            ],
            [
              63.049275628056478,
              37.73997329392909
            ],
            [
              63.021532189077426,
              37.732659792991988
            ],
            [
              62.97066921926281,
              37.750942190707434
            ],
            [
              62.901310623162679,
              37.772875107303065
            ],
            [
              62.480535141113599,
              37.772875107303065
            ],
            [
              62.471287328420011,
              37.696081451647579
            ],
            [
              62.452791703032872,
              37.674125780375839
            ],
            [
              62.407691082609425,
              37.669337904217542
            ],
            [
              62.415800451360269,
              37.655824423640816
            ],
            [
              62.39730482597313,
              37.626532868262011
            ],
            [
              62.341817949811677,
              37.575244860692216
            ],
            [
              62.346441856158478,
              37.501914963674764
            ],
            [
              62.295578885445522,
              37.527588630200029
            ],
            [
              62.248177149573408,
              37.524672193524594
            ],
            [
              62.263211541018009,
              37.490909260494647
            ],
            [
              62.255151147518156,
              37.452405892607032
            ],
            [
              62.228635818720214,
              37.447895165431731
            ],
            [
              62.205908393522982,
              37.449398771395884
            ],
            [
              62.178009786513634,
              37.441092603856852
            ],
            [
              62.175605161124409,
              37.440376682042377
            ],
            [
              62.258587634671208,
              37.380763050090408
            ],
            [
              62.281707166405148,
              37.380763050090408
            ],
            [
              62.286331072751935,
              37.344011634786611
            ],
            [
              62.383433106932756,
              37.270454823017417
            ],
            [
              62.466663422073225,
              37.270454823017417
            ],
            [
              62.471287328420011,
              37.13787132719397
            ],
            [
              62.66549139678164,
              37.093625089483261
            ],
            [
              62.818080308022203,
              37.030898670819369
            ],
            [
              62.96386683292576,
              36.979279908799938
            ],
            [
              63.0354039081178,
              36.949646344246808
            ],
            [
              63.109386410564696,
              36.934863870541768
            ],
            [
              63.114010316911482,
              36.90529032006436
            ],
            [
              63.091952979256277,
              36.858605415256733
            ],
            [
              63.090890785177557,
              36.794287399129473
            ],
            [
              63.072395159790418,
              36.757250620952313
            ],
            [
              63.23885579007132,
              36.727608316320385
            ],
            [
              63.261975321805245,
              36.71834274858174
            ],
            [
              63.264830343180812,
              36.67942161128321
            ],
            [
              63.266599228152046,
              36.655307250732335
            ],
            [
              63.268921194138144,
              36.597518037009998
            ],
            [
              63.268925600633203,
              36.597429813875223
            ],
            [
              63.342893683323169,
              36.594076343862334
            ],
            [
              63.393756654036125,
              36.605212853448307
            ],
            [
              63.398211816055706,
              36.605034027142366
            ],
            [
              63.486234781870145,
              36.601500862299979
            ],
            [
              63.583336816050966,
              36.612636300293303
            ],
            [
              63.648071505804303,
              36.646032967522778
            ],
            [
              63.653440667985528,
              36.687538933383188
            ],
            [
              63.689686662925368,
              36.720195951599848
            ],
            [
              63.856147293206305,
              36.735019965959964
            ],
            [
              63.886520695841355,
              36.735549117428583
            ],
            [
              63.93132219510683,
              36.73632964911301
            ],
            [
              63.932546920435954,
              36.736350985512132
            ],
            [
              64.068846987853419,
              36.738725522336061
            ],
            [
              64.068867352660874,
              36.739182484446836
            ],
            [
              64.07347089420017,
              36.842408452512238
            ],
            [
              63.717430101904398,
              36.838707907025636
            ],
            [
              63.699852721461184,
              36.844959587907951
            ],
            [
              63.67581494388503,
              36.853509013973543
            ],
            [
              63.555593377970283,
              36.846108818836903
            ],
            [
              63.553594815709829,
              37.069257644179601
            ],
            [
              63.550969471623482,
              37.362389592370263
            ],
            [
              63.552068151640142,
              37.363689036335828
            ],
            [
              63.775876278343375,
              37.627924478080359
            ],
            [
              63.769025757858174,
              37.629836616172881
            ],
            [
              63.519896820505949,
              37.699374242122467
            ],
            [
              63.369164520671987,
              37.755382100099133
            ]
          ]
        ]
      }
    },
    {
      "type": "Feature",
      "properties": {
        "name": "Ady görkezilmedik etrap",
        "admin_level": 2,
        "source_shape_id": "10190150B5604744388287"
      },
      "geometry": {
        "type": "Polygon",
        "coordinates": [
          [
            [
              63.886520695841355,
              36.735549117428583
            ],
            [
              63.809739477619075,
              36.730644347038343
            ],
            [
              63.689686662925368,
              36.720195951599848
            ],
            [
              63.653440667985528,
              36.687538933383188
            ],
            [
              63.648071505804303,
              36.646032967522778
            ],
            [
              63.583336816050966,
              36.612636300293303
            ],
            [
              63.486234781870145,
              36.601500862299979
            ],
            [
              63.398211816055706,
              36.605034027142366
            ],
            [
              63.342893683323169,
              36.594076343862334
            ],
            [
              63.268925600633203,
              36.597429813875223
            ],
            [
              63.271223134498833,
              36.540227222124528
            ],
            [
              63.310726387421219,
              36.47209752675888
            ],
            [
              63.425878673051116,
              36.47209752675888
            ],
            [
              63.435575707167132,
              36.480869595344075
            ],
            [
              63.57686115312022,
              36.476058663276774
            ],
            [
              63.661031760021416,
              36.442850126815003
            ],
            [
              63.783662222150909,
              36.421441359351668
            ],
            [
              63.846487546361089,
              36.399933992387211
            ],
            [
              63.95194279697666,
              36.399933992387211
            ],
            [
              63.95194279697666,
              36.58265033694979
            ],
            [
              63.95194279697666,
              36.595789273025048
            ],
            [
              63.942494167010736,
              36.690553691198687
            ],
            [
              63.942245761962319,
              36.693045053435277
            ],
            [
              63.933760856998497,
              36.706651061445449
            ],
            [
              63.932548727846282,
              36.708594580023387
            ],
            [
              63.93132219510683,
              36.73632964911301
            ],
            [
              63.886520695841355,
              36.735549117428583
            ]
          ]
        ]
      }
    },
    {
      "type": "Feature",
      "properties": {
        "name": "Ady görkezilmedik etrap",
        "admin_level": 2,
        "source_shape_id": "10190150B69527723956536"
      },
      "geometry": {
        "type": "Polygon",
        "coordinates": [
          [
            [
              63.192616725705165,
              36.273028563240565
            ],
            [
              63.257351415458459,
              36.283465825962423
            ],
            [
              63.322086105211788,
              36.283465825962423
            ],
            [
              63.377572981373206,
              36.294647005197042
            ],
            [
              63.456179390166888,
              36.298373708692424
            ],
            [
              63.553281424347695,
              36.220075555205504
            ],
            [
              63.609146099094609,
              36.172170324578637
            ],
            [
              63.609291581738574,
              36.172050295834296
            ],
            [
              63.634194686714046,
              36.176083366928779
            ],
            [
              63.634246606956545,
              36.17609310841123
            ],
            [
              63.918301499542437,
              36.222096416882898
            ],
            [
              63.953069059445404,
              36.229258682530919
            ],
            [
              63.95194279697666,
              36.399933992387211
            ],
            [
              63.846487546361089,
              36.399933992387211
            ],
            [
              63.783662222150909,
              36.421441359351668
            ],
            [
              63.661031760021416,
              36.442850126815003
            ],
            [
              63.57686115312022,
              36.476058663276774
            ],
            [
              63.435575707167132,
              36.480869595344075
            ],
            [
              63.425878673051116,
              36.47209752675888
            ],
            [
              63.310726387421219,
              36.47209752675888
            ],
            [
              63.271223134498833,
              36.540227222124528
            ],
            [
              63.187992819358364,
              36.536512106629083
            ],
            [
              63.183368913011577,
              36.529081338414834
            ],
            [
              63.095514691524308,
              36.525365687160019
            ],
            [
              63.099250212720889,
              36.432239382627294
            ],
            [
              63.100138597871108,
              36.410091997647392
            ],
            [
              63.096072371682467,
              36.409478368231156
            ],
            [
              63.095118884827009,
              36.402649100252958
            ],
            [
              63.151001568584064,
              36.402649100252958
            ],
            [
              63.169497193971225,
              36.391483418457248
            ],
            [
              63.224984071030967,
              36.395205490957622
            ],
            [
              63.229607977377732,
              36.331906028943976
            ],
            [
              63.192616725705165,
              36.331906028943976
            ],
            [
              63.192616725705165,
              36.273028563240565
            ]
          ]
        ]
      }
    },
    {
      "type": "Feature",
      "properties": {
        "name": "Sayat",
        "admin_level": 2,
        "source_shape_id": "10190150B84447090793547"
      },
      "geometry": {
        "type": "Polygon",
        "coordinates": [
          [
            [
              64.01401034732892,
              38.721377457555839
            ],
            [
              63.95957058429358,
              38.767942473420199
            ],
            [
              63.903831328249694,
              38.874815378012315
            ],
            [
              63.894982539120491,
              38.925883617961773
            ],
            [
              63.894976799337861,
              38.925893123170319
            ],
            [
              63.873042424387712,
              38.962216939173118
            ],
            [
              63.872860631766784,
              38.962277221426547
            ],
            [
              63.713431958655001,
              39.015143611863742
            ],
            [
              63.715118148281853,
              39.012262002976435
            ],
            [
              63.645314066995319,
              39.00141318904037
            ],
            [
              63.572844104561945,
              38.967890494924767
            ],
            [
              63.599520488713893,
              38.936772390982448
            ],
            [
              63.599520488713893,
              38.920585577234931
            ],
            [
              63.599520488713893,
              38.900796679226275
            ],
            [
              63.594896582367106,
              38.854000990683879
            ],
            [
              63.51166626722663,
              38.619560631808319
            ],
            [
              63.349829543292515,
              38.362601122124161
            ],
            [
              63.331429803534306,
              38.369814005753113
            ],
            [
              63.286744651495482,
              38.383238371731082
            ],
            [
              63.206082012774992,
              38.398707235896019
            ],
            [
              63.086013592606079,
              38.395346493252212
            ],
            [
              62.972878647291807,
              38.213079821753624
            ],
            [
              62.970674678368034,
              38.209388901430515
            ],
            [
              62.922580857061547,
              38.126462379790105
            ],
            [
              62.993499756681608,
              38.117118715901583
            ],
            [
              63.07182224023115,
              38.087911013580978
            ],
            [
              63.233108467382316,
              38.0277648090998
            ],
            [
              63.258948805984893,
              38.018128535024168
            ],
            [
              63.327545046819132,
              37.974336867828441
            ],
            [
              63.370491545844104,
              37.946892512963707
            ],
            [
              63.37106359355213,
              37.946526953938992
            ],
            [
              63.488824169388415,
              37.871273717803319
            ],
            [
              63.532614498707616,
              37.835416614886789
            ],
            [
              63.533501992680684,
              37.834689902774208
            ],
            [
              63.651585674771603,
              37.737998719873225
            ],
            [
              63.770869440083267,
              37.63235863407786
            ],
            [
              63.770961319727895,
              37.632277263628865
            ],
            [
              63.775876278343375,
              37.627924478080359
            ],
            [
              63.552068151640142,
              37.363689036335828
            ],
            [
              63.553595107960092,
              37.069656782792848
            ],
            [
              63.553594815709829,
              37.069257644179601
            ],
            [
              63.555593377970283,
              36.846108818836903
            ],
            [
              63.67581494388503,
              36.853509013973543
            ],
            [
              63.699852721461184,
              36.844959587907951
            ],
            [
              63.791737856467897,
              36.839480247212855
            ],
            [
              63.885457489262258,
              36.840454338770876
            ],
            [
              63.870918153980845,
              37.019112085723059
            ],
            [
              63.820745509817641,
              37.311264753905995
            ],
            [
              63.875561769334851,
              37.394819894267087
            ],
            [
              64.001366853454016,
              37.586581637120339
            ],
            [
              64.008591706840164,
              37.969181122579748
            ],
            [
              63.999280531020489,
              38.108442815815962
            ],
            [
              63.999256105129383,
              38.108808139274593
            ],
            [
              63.994142000067882,
              38.1852967529626
            ],
            [
              63.989071182351012,
              38.227758274898918
            ],
            [
              63.972467438112872,
              38.366793099173464
            ],
            [
              63.972467438112872,
              38.369851956912662
            ],
            [
              63.972467438112872,
              38.529186468514254
            ],
            [
              63.972467438112872,
              38.530882029277471
            ],
            [
              63.941311891442496,
              38.591764473408766
            ],
            [
              63.914668608328881,
              38.643829301954412
            ],
            [
              63.92911831599946,
              38.672038354251711
            ],
            [
              63.932534416336487,
              38.671276274012094
            ],
            [
              63.979692292397317,
              38.660756066189499
            ],
            [
              63.99024057905973,
              38.660756066189499
            ],
            [
              64.044715975567442,
              38.660756066189499
            ],
            [
              64.054772971804312,
              38.663373715206745
            ],
            [
              64.05984373453434,
              38.66469345764407
            ],
            [
              64.066390537522452,
              38.666397432845983
            ],
            [
              64.05949214179202,
              38.673640638809452
            ],
            [
              64.01401034732892,
              38.721377457555839
            ]
          ]
        ]
      }
    },
    {
      "type": "Feature",
      "properties": {
        "name": "Hojambaz",
        "admin_level": 2,
        "source_shape_id": "10190150B33787597924926"
      },
      "geometry": {
        "type": "Polygon",
        "coordinates": [
          [
            [
              63.932534416336487,
              38.671276274012094
            ],
            [
              63.915714966870155,
              38.641786146085487
            ],
            [
              63.940907283867077,
              38.592577154858489
            ],
            [
              63.941311891442496,
              38.591764473408766
            ],
            [
              63.972467438112872,
              38.530882029277471
            ],
            [
              63.972467438112872,
              38.529186468514254
            ],
            [
              63.972467438112872,
              38.369851956912662
            ],
            [
              63.989058864168072,
              38.22790213946849
            ],
            [
              63.989071182351012,
              38.227758274898918
            ],
            [
              63.994142000067882,
              38.1852967529626
            ],
            [
              63.999256105129383,
              38.108808139274593
            ],
            [
              63.999280531020489,
              38.108442815815962
            ],
            [
              64.008591706840164,
              37.969181122579748
            ],
            [
              64.001366853454016,
              37.586581637120339
            ],
            [
              63.875561769334851,
              37.394819894267087
            ],
            [
              63.821140661643135,
              37.308968220922452
            ],
            [
              63.870866864669694,
              37.019411316458161
            ],
            [
              63.872373577454717,
              37.019577230136008
            ],
            [
              64.136648901482502,
              37.048672681260946
            ],
            [
              64.136043992498927,
              37.089955331337563
            ],
            [
              64.111077754150486,
              37.147751199573925
            ],
            [
              64.110462144974477,
              37.148928846524029
            ],
            [
              64.105838238627697,
              37.222604318631525
            ],
            [
              64.10121433228089,
              37.373414207150937
            ],
            [
              64.103680560773725,
              37.377022123414918
            ],
            [
              64.213583365869368,
              37.537625801916974
            ],
            [
              64.316146256865707,
              37.693179638254612
            ],
            [
              64.337706998680972,
              37.762928744260307
            ],
            [
              64.337760606058936,
              37.763108731427089
            ],
            [
              64.355529184049061,
              37.831331082032875
            ],
            [
              64.401768247516927,
              37.988202142668527
            ],
            [
              64.416216888615224,
              38.02613223762075
            ],
            [
              64.439813214034643,
              38.105172998930051
            ],
            [
              64.469832426988177,
              38.205489425551285
            ],
            [
              64.488017198825361,
              38.266190000059467
            ],
            [
              64.403327199764476,
              38.3293799076678
            ],
            [
              64.332409651416839,
              38.380726847824441
            ],
            [
              64.338484091527405,
              38.412456055636369
            ],
            [
              64.338486075187532,
              38.412475361469298
            ],
            [
              64.345193339968219,
              38.447503746570355
            ],
            [
              64.296886643658382,
              38.501209932400108
            ],
            [
              64.296871102184937,
              38.501223615941917
            ],
            [
              64.274912500159758,
              38.515535664697246
            ],
            [
              64.193692460114946,
              38.525569137113386
            ],
            [
              64.142829489401976,
              38.532803617286191
            ],
            [
              64.142829489401976,
              38.534033406964973
            ],
            [
              64.142829489401976,
              38.550235726040469
            ],
            [
              64.136669808872412,
              38.584775177943904
            ],
            [
              64.10121433228089,
              38.615947848644524
            ],
            [
              64.054772971804312,
              38.663373715206745
            ],
            [
              64.044715975567442,
              38.660756066189499
            ],
            [
              63.99024057905973,
              38.660756066189499
            ],
            [
              63.979692292397317,
              38.660756066189499
            ],
            [
              63.932534416336487,
              38.671276274012094
            ]
          ]
        ]
      }
    },
    {
      "type": "Feature",
      "properties": {
        "name": "Kerki",
        "admin_level": 2,
        "source_shape_id": "10190150B1660542161476"
      },
      "geometry": {
        "type": "Polygon",
        "coordinates": [
          [
            [
              64.384438830707012,
              38.843979190288572
            ],
            [
              64.287385451572902,
              38.762812010630242
            ],
            [
              64.196896059030635,
              38.722692907202678
            ],
            [
              64.195327189192042,
              38.722132831289684
            ],
            [
              64.05949214179202,
              38.673640638809452
            ],
            [
              64.066390537522452,
              38.666397432845983
            ],
            [
              64.05984373453434,
              38.66469345764407
            ],
            [
              64.060109693125696,
              38.657925457588924
            ],
            [
              64.103525648099605,
              38.613916138957819
            ],
            [
              64.136669808872412,
              38.584775177943904
            ],
            [
              64.142829489401976,
              38.550235726040469
            ],
            [
              64.142829489401976,
              38.534033406964973
            ],
            [
              64.274912500159758,
              38.515535664697246
            ],
            [
              64.296871102184937,
              38.501223615941917
            ],
            [
              64.296886643658382,
              38.501209932400108
            ],
            [
              64.345193339968219,
              38.447503746570355
            ],
            [
              64.338486075187532,
              38.412475361469298
            ],
            [
              64.338484091527405,
              38.412456055636369
            ],
            [
              64.335029175616256,
              38.378831329021835
            ],
            [
              64.402752711236786,
              38.329808551868879
            ],
            [
              64.403327199764476,
              38.3293799076678
            ],
            [
              64.488017198825361,
              38.266190000059467
            ],
            [
              64.48809142534968,
              38.266134617283861
            ],
            [
              64.553549982862378,
              38.250059080986951
            ],
            [
              64.606377768053846,
              38.236622241464858
            ],
            [
              64.631114004653128,
              38.230145832189386
            ],
            [
              64.637338494138874,
              38.231123732160562
            ],
            [
              64.675503506121274,
              38.237119367347958
            ],
            [
              64.682915912024697,
              38.234054604234792
            ],
            [
              64.731730207801235,
              38.213871649464082
            ],
            [
              64.758052364690911,
              38.210305587674277
            ],
            [
              64.833014077227944,
              38.200035434767912
            ],
            [
              64.850102211716276,
              38.197593826885026
            ],
            [
              64.936646495055044,
              38.159796388514309
            ],
            [
              64.956637014521135,
              38.151065708700827
            ],
            [
              65.024700917311279,
              38.12546258354736
            ],
            [
              65.026911186135251,
              38.124638968721257
            ],
            [
              65.08092761899124,
              38.104507890302578
            ],
            [
              65.110520619970004,
              38.102179220240139
            ],
            [
              65.113568668721825,
              38.098487975402456
            ],
            [
              65.148991520883058,
              38.055590229722441
            ],
            [
              65.151950821160582,
              38.027622590463963
            ],
            [
              65.166239618404134,
              38.019044801369439
            ],
            [
              65.184933138003004,
              38.007822788360208
            ],
            [
              65.185063286656273,
              38.007744658082373
            ],
            [
              65.214096122497324,
              37.990315791368431
            ],
            [
              65.219980405509645,
              37.994531021565578
            ],
            [
              65.246648423753641,
              38.013634765482195
            ],
            [
              65.263547700339444,
              38.025283511819296
            ],
            [
              65.270322825075624,
              38.029953635362943
            ],
            [
              65.326549526755585,
              38.046268870369488
            ],
            [
              65.328045171836891,
              38.046314171196769
            ],
            [
              65.403491328581708,
              38.048599321168957
            ],
            [
              65.430125029282948,
              38.064910402118805
            ],
            [
              65.439002930115564,
              38.076558948356201
            ],
            [
              65.445008568438496,
              38.084437795755022
            ],
            [
              65.447880830049826,
              38.088205639728891
            ],
            [
              65.462677330539208,
              38.10683648623796
            ],
            [
              65.477419126506803,
              38.121333863435765
            ],
            [
              65.477432027452281,
              38.12134655048375
            ],
            [
              65.486351730962909,
              38.130118365435628
            ],
            [
              65.500193784287845,
              38.141005281170472
            ],
            [
              65.500205295617747,
              38.14101433494853
            ],
            [
              65.510026132284906,
              38.14873852288013
            ],
            [
              65.513291306978928,
              38.149438789071667
            ],
            [
              65.542578433541209,
              38.155719857161664
            ],
            [
              65.565597724257287,
              38.185127660790961
            ],
            [
              65.5806004247912,
              38.203682983030767
            ],
            [
              65.586967934111016,
              38.211546469219712
            ],
            [
              65.601764434600369,
              38.230145832189386
            ],
            [
              65.616560935089751,
              38.274300259755414
            ],
            [
              65.610739788268305,
              38.276880872414374
            ],
            [
              65.365020427668668,
              38.385728748611619
            ],
            [
              65.211136823118125,
              38.487720957061313
            ],
            [
              65.08684621864802,
              38.573375564009666
            ],
            [
              64.965914852504781,
              38.633683873896587
            ],
            [
              64.829387110671817,
              38.679722830739109
            ],
            [
              64.70805580737759,
              38.728220217289035
            ],
            [
              64.654788405975125,
              38.746686759178054
            ],
            [
              64.443449253128819,
              38.893652780765507
            ],
            [
              64.384685803225736,
              38.844185737067022
            ],
            [
              64.384438830707012,
              38.843979190288572
            ]
          ]
        ]
      }
    },
    {
      "type": "Feature",
      "properties": {
        "name": "Halac",
        "admin_level": 2,
        "source_shape_id": "10190150B91732086642718"
      },
      "geometry": {
        "type": "Polygon",
        "coordinates": [
          [
            [
              64.416216888615224,
              38.02613223762075
            ],
            [
              64.365705381334294,
              37.856933520473113
            ],
            [
              64.337760606058936,
              37.763108731427089
            ],
            [
              64.337706998680972,
              37.762928744260307
            ],
            [
              64.316146256865707,
              37.693179638254612
            ],
            [
              64.213583365869368,
              37.537625801916974
            ],
            [
              64.103680560773725,
              37.377022123414918
            ],
            [
              64.104822464128588,
              37.255759989862774
            ],
            [
              64.111077754150486,
              37.147751199573925
            ],
            [
              64.136043992498927,
              37.089955331337563
            ],
            [
              64.136648901482502,
              37.048672681260946
            ],
            [
              63.872373577454717,
              37.019577230136008
            ],
            [
              63.886114183786098,
              36.840461164143221
            ],
            [
              64.061973117926883,
              36.842288951908692
            ],
            [
              64.075596686983005,
              36.84274188497568
            ],
            [
              64.394466977144546,
              36.853343149628571
            ],
            [
              64.39441002605281,
              36.853737081947912
            ],
            [
              64.390130758591113,
              36.883336896541174
            ],
            [
              64.367088949466876,
              36.957036506069876
            ],
            [
              64.361294759128583,
              37.004844461064494
            ],
            [
              64.352462658671627,
              37.075401956966054
            ],
            [
              64.334549021383509,
              37.168218307585967
            ],
            [
              64.323179107601135,
              37.22559106562781
            ],
            [
              64.311602073305451,
              37.277813741915232
            ],
            [
              64.314690675288361,
              37.280047913472927
            ],
            [
              64.361236046301784,
              37.313708954149973
            ],
            [
              64.380252303136103,
              37.323748729805018
            ],
            [
              64.441234213168514,
              37.355944587332395
            ],
            [
              64.449579439987119,
              37.402364478412409
            ],
            [
              64.45133517126483,
              37.412528464810165
            ],
            [
              64.460149740524827,
              37.463556297598977
            ],
            [
              64.472569087009049,
              37.506261563870467
            ],
            [
              64.473438797239595,
              37.509251198031116
            ],
            [
              64.50580614166708,
              37.549587600005978
            ],
            [
              64.506500313635399,
              37.550275377953355
            ],
            [
              64.534505938775681,
              37.578024611768711
            ],
            [
              64.55635648040294,
              37.605574320053741
            ],
            [
              64.565916925073623,
              37.619208174410566
            ],
            [
              64.568698912138515,
              37.621135966059754
            ],
            [
              64.56871880041183,
              37.621149747736773
            ],
            [
              64.595450618538109,
              37.639673692869962
            ],
            [
              64.630180094524221,
              37.679923777277786
            ],
            [
              64.661027085249088,
              37.721077215418397
            ],
            [
              64.688616485074917,
              37.758469236876685
            ],
            [
              64.70499322240228,
              37.780664693009363
            ],
            [
              64.705007852364631,
              37.780684521054546
            ],
            [
              64.762802575949465,
              37.857946554735641
            ],
            [
              64.764744899782045,
              37.860541717474611
            ],
            [
              64.806619576171229,
              37.880374978492291
            ],
            [
              64.822657548807484,
              37.888584268143866
            ],
            [
              64.822694339616476,
              37.888602967243983
            ],
            [
              64.852599121269307,
              37.904335971499243
            ],
            [
              64.882167745212129,
              37.918830602783338
            ],
            [
              64.882550632691419,
              37.919025207128939
            ],
            [
              64.966488420525479,
              37.960175511412224
            ],
            [
              64.966837297305332,
              37.96033588016634
            ],
            [
              65.02368365789701,
              37.988202142668527
            ],
            [
              65.030816759260659,
              37.989745423005985
            ],
            [
              65.15395107554923,
              38.016386627983159
            ],
            [
              65.166239618404134,
              38.019044801369439
            ],
            [
              65.151950821160582,
              38.027622590463963
            ],
            [
              65.148991520883058,
              38.055590229722441
            ],
            [
              65.113568668721825,
              38.098487975402456
            ],
            [
              65.079170534058463,
              38.093809948418212
            ],
            [
              65.026911186135251,
              38.124638968721257
            ],
            [
              65.024700917311279,
              38.12546258354736
            ],
            [
              64.956637014521135,
              38.151065708700827
            ],
            [
              64.936646495055044,
              38.159796388514309
            ],
            [
              64.833014077227944,
              38.200035434767912
            ],
            [
              64.758052364690911,
              38.210305587674277
            ],
            [
              64.731730207801235,
              38.213871649464082
            ],
            [
              64.682915912024697,
              38.234054604234792
            ],
            [
              64.637338494138874,
              38.231123732160562
            ],
            [
              64.631114004653128,
              38.230145832189386
            ],
            [
              64.606377768053846,
              38.236622241464858
            ],
            [
              64.553549982862378,
              38.250059080986951
            ],
            [
              64.48809142534968,
              38.266134617283861
            ],
            [
              64.488017198825361,
              38.266190000059467
            ],
            [
              64.469832426988177,
              38.205489425551285
            ],
            [
              64.439813214034643,
              38.105172998930051
            ],
            [
              64.416216888615224,
              38.02613223762075
            ]
          ]
        ]
      }
    },
    {
      "type": "Feature",
      "properties": {
        "name": "Sayat",
        "admin_level": 2,
        "source_shape_id": "10190150B8136820559785"
      },
      "geometry": {
        "type": "MultiPolygon",
        "coordinates": [
          [
            [
              [
                65.565597724257287,
                38.185127660790961
              ],
              [
                65.543998897279138,
                38.152741236418528
              ],
              [
                65.513291306978928,
                38.149438789071667
              ],
              [
                65.500205295617747,
                38.14101433494853
              ],
              [
                65.500193784287845,
                38.141005281170472
              ],
              [
                65.477432027452281,
                38.12134655048375
              ],
              [
                65.477419126506803,
                38.121333863435765
              ],
              [
                65.445008568438496,
                38.084437795755022
              ],
              [
                65.439002930115564,
                38.076558948356201
              ],
              [
                65.430125029282948,
                38.064910402118805
              ],
              [
                65.403491328581708,
                38.048599321168957
              ],
              [
                65.328045171836891,
                38.046314171196769
              ],
              [
                65.309698541482177,
                38.041292310763183
              ],
              [
                65.263547700339444,
                38.025283511819296
              ],
              [
                65.246648423753641,
                38.013634765482195
              ],
              [
                65.219980405509645,
                37.994531021565578
              ],
              [
                65.214936222656817,
                37.98923192320656
              ],
              [
                65.194808449829239,
                37.962625172221117
              ],
              [
                65.191723813908311,
                37.952896671482691
              ],
              [
                65.186935511372965,
                37.934405008635402
              ],
              [
                65.179859019247559,
                37.928672881207802
              ],
              [
                65.202632762313243,
                37.920870939993321
              ],
              [
                65.206875431005912,
                37.920034246340158
              ],
              [
                65.211592124934171,
                37.917801597361063
              ],
              [
                65.24921982789823,
                37.900516666953564
              ],
              [
                65.272877399283374,
                37.912501534697235
              ],
              [
                65.316310934287415,
                37.937965648352858
              ],
              [
                65.318618602047749,
                37.939454728139943
              ],
              [
                65.354603691194754,
                37.936467295502368
              ],
              [
                65.352986387713429,
                37.829242537972149
              ],
              [
                65.353982643618068,
                37.808673071851537
              ],
              [
                65.363619422338061,
                37.791390116433348
              ],
              [
                65.376936901880654,
                37.784940653244014
              ],
              [
                65.407157427816387,
                37.797389472403054
              ],
              [
                65.43874184915127,
                37.834413855384675
              ],
              [
                65.450672864919781,
                37.860866388459733
              ],
              [
                65.439532744941431,
                37.878885777982561
              ],
              [
                65.435288941693088,
                37.885750223243363
              ],
              [
                65.427190042219593,
                37.918765380204839
              ],
              [
                65.411201265034734,
                37.952234028383337
              ],
              [
                65.421263351239745,
                37.993644132375728
              ],
              [
                65.420892013638721,
                38.000670331140107
              ],
              [
                65.423069139206547,
                38.001075778852446
              ],
              [
                65.487483903766616,
                38.013072380313069
              ],
              [
                65.548188427761872,
                38.053900594573683
              ],
              [
                65.54819615433756,
                38.053910751261675
              ],
              [
                65.551574705378812,
                38.058852424970517
              ],
              [
                65.570596458608151,
                38.083356253428853
              ],
              [
                65.570611218076621,
                38.083375654949286
              ],
              [
                65.572408178326555,
                38.085690111336653
              ],
              [
                65.631120691772551,
                38.085690111336653
              ],
              [
                65.633221297464061,
                38.084404069910804
              ],
              [
                65.655206063353845,
                38.074674451425544
              ],
              [
                65.744501814970789,
                38.067317701011063
              ],
              [
                65.830536129642482,
                38.062063911800891
              ],
              [
                65.899948277011617,
                38.062879596572543
              ],
              [
                65.937679971486901,
                38.068357238744611
              ],
              [
                65.934153021148219,
                38.136356647563701
              ],
              [
                65.940935886575971,
                38.145024900720649
              ],
              [
                65.94930463734751,
                38.155719857161664
              ],
              [
                65.975700936962028,
                38.167735326013059
              ],
              [
                65.985289726494571,
                38.172100096970858
              ],
              [
                66.04110352756274,
                38.183800063928857
              ],
              [
                66.044463797028456,
                38.196044438353638
              ],
              [
                66.043159670509681,
                38.224480904697742
              ],
              [
                66.000441343592172,
                38.236096624271397
              ],
              [
                65.894380028400491,
                38.276251731447516
              ],
              [
                65.84513727440536,
                38.28071203990585
              ],
              [
                65.809152185258299,
                38.268817274575028
              ],
              [
                65.794000569058994,
                38.246509338179237
              ],
              [
                65.748545719562827,
                38.246509338179237
              ],
              [
                65.610739788268305,
                38.276880872414374
              ],
              [
                65.616560935089751,
                38.274300259755414
              ],
              [
                65.601764434600369,
                38.230145832189386
              ],
              [
                65.586967934111016,
                38.211546469219712
              ],
              [
                65.5806004247912,
                38.203682983030767
              ],
              [
                65.565597724257287,
                38.185127660790961
              ]
            ]
          ],
          [
            [
              [
                65.392157156182904,
                37.779799118507313
              ],
              [
                65.386340814746575,
                37.780386473928743
              ],
              [
                65.390811790704376,
                37.778221244782493
              ],
              [
                65.392157156182904,
                37.779799118507313
              ]
            ]
          ],
          [
            [
              [
                66.043159670509681,
                38.224480904697742
              ],
              [
                66.049542075737534,
                38.221981428307515
              ],
              [
                66.049684096689006,
                38.222706657344681
              ],
              [
                66.043159670509681,
                38.224480904697742
              ]
            ]
          ]
        ]
      }
    },
    {
      "type": "Feature",
      "properties": {
        "name": "Koytendag",
        "admin_level": 2,
        "source_shape_id": "10190150B64529450546528"
      },
      "geometry": {
        "type": "Polygon",
        "coordinates": [
          [
            [
              65.392157156182904,
              37.779799118507313
            ],
            [
              65.427584904932374,
              37.777843967988922
            ],
            [
              65.461088286260107,
              37.777381248669919
            ],
            [
              65.493259838310394,
              37.780118850975754
            ],
            [
              65.520753595117256,
              37.772875107303065
            ],
            [
              65.55015324141344,
              37.752537633698751
            ],
            [
              65.659898887550938,
              37.693125626755602
            ],
            [
              65.724797336587287,
              37.66108103513632
            ],
            [
              65.789466188813449,
              37.641421273944644
            ],
            [
              65.82041666635736,
              37.634068484736915
            ],
            [
              65.82145148990098,
              37.633742809299896
            ],
            [
              65.847386342364757,
              37.625580698510795
            ],
            [
              65.829219798532634,
              37.618936673856354
            ],
            [
              65.802479977231584,
              37.594086020018693
            ],
            [
              65.802475634700187,
              37.594075518717368
            ],
            [
              65.791803082254276,
              37.568265610607291
            ],
            [
              65.780337317252147,
              37.505346991856854
            ],
            [
              65.839803135740425,
              37.483571223777439
            ],
            [
              65.9184095445341,
              37.457882419085649
            ],
            [
              65.992392046980981,
              37.428512977154384
            ],
            [
              66.070998455774671,
              37.40647833046566
            ],
            [
              66.135733145527965,
              37.377088719031924
            ],
            [
              66.209715647974889,
              37.347687586570274
            ],
            [
              66.255954711442755,
              37.329306029375253
            ],
            [
              66.292945962217033,
              37.318274936298856
            ],
            [
              66.320689401196049,
              37.318274936298856
            ],
            [
              66.353056745623562,
              37.321952146859438
            ],
            [
              66.390047997296165,
              37.329306029375253
            ],
            [
              66.417791435376856,
              37.329306029375253
            ],
            [
              66.436287060763988,
              37.31459754501585
            ],
            [
              66.459406592497928,
              37.318274936298856
            ],
            [
              66.487150031476986,
              37.344011634786611
            ],
            [
              66.510269563210912,
              37.351363357581292
            ],
            [
              66.504882957543487,
              37.353403578975197
            ],
            [
              66.514893469557677,
              37.380763050090408
            ],
            [
              66.510269563210912,
              37.402805259605444
            ],
            [
              66.514893469557677,
              37.43585641838299
            ],
            [
              66.50719146522863,
              37.43819052239207
            ],
            [
              66.510269563210912,
              37.483571223777439
            ],
            [
              66.505645656864118,
              37.509251198031116
            ],
            [
              66.499223362844404,
              37.510796596415354
            ],
            [
              66.533389094944852,
              37.582573883250475
            ],
            [
              66.528765188598044,
              37.630194944047012
            ],
            [
              66.538013001291603,
              37.674125780375839
            ],
            [
              66.514893469557677,
              37.73997329392909
            ],
            [
              66.514893469557677,
              37.783839126087166
            ],
            [
              66.542636907638396,
              37.809415513006378
            ],
            [
              66.565756440270661,
              37.834983043903016
            ],
            [
              66.598123784698146,
              37.860541717474611
            ],
            [
              66.630491129125659,
              37.89338984950745
            ],
            [
              66.644362848166011,
              37.915280465434648
            ],
            [
              66.653610661757881,
              37.944457822099317
            ],
            [
              66.653610661757881,
              37.973623598037364
            ],
            [
              66.644362848166011,
              37.995490328366955
            ],
            [
              66.602747691044925,
              38.024635830955127
            ],
            [
              66.570380346617412,
              38.039204236989029
            ],
            [
              66.539436576793719,
              38.032586918550734
            ],
            [
              66.487150031476986,
              38.050128639964498
            ],
            [
              66.404530909394595,
              38.030337575988817
            ],
            [
              66.348432839276768,
              38.057410669036742
            ],
            [
              66.297569869462109,
              38.075612573555595
            ],
            [
              66.265202524136299,
              38.097448879741535
            ],
            [
              66.246706898749167,
              38.141101923647867
            ],
            [
              66.237815121640352,
              38.137469480351498
            ],
            [
              66.177348302649065,
              38.162918658235085
            ],
            [
              66.135733145527965,
              38.173824578070608
            ],
            [
              66.075622362121464,
              38.213798989158207
            ],
            [
              66.049542075737534,
              38.221981428307515
            ],
            [
              66.043159670509681,
              38.224480904697742
            ],
            [
              66.044463797028456,
              38.196044438353638
            ],
            [
              66.04110352756274,
              38.183800063928857
            ],
            [
              65.975700936962028,
              38.167735326013059
            ],
            [
              65.940935886575971,
              38.145024900720649
            ],
            [
              65.937679971486901,
              38.068357238744611
            ],
            [
              65.899948277011617,
              38.062879596572543
            ],
            [
              65.830536129642482,
              38.062063911800891
            ],
            [
              65.744501814970789,
              38.067317701011063
            ],
            [
              65.655206063353845,
              38.074674451425544
            ],
            [
              65.633221297464061,
              38.084404069910804
            ],
            [
              65.570611218076621,
              38.083375654949286
            ],
            [
              65.570596458608151,
              38.083356253428853
            ],
            [
              65.54819615433756,
              38.053910751261675
            ],
            [
              65.548188427761872,
              38.053900594573683
            ],
            [
              65.487483903766616,
              38.013072380313069
            ],
            [
              65.423069139206547,
              38.001075778852446
            ],
            [
              65.421263351239745,
              37.993644132375728
            ],
            [
              65.411201265034734,
              37.952234028383337
            ],
            [
              65.427190042219593,
              37.918765380204839
            ],
            [
              65.435288941693088,
              37.885750223243363
            ],
            [
              65.439532744941431,
              37.878885777982561
            ],
            [
              65.450672864919781,
              37.860866388459733
            ],
            [
              65.43874184915127,
              37.834413855384675
            ],
            [
              65.407157427816387,
              37.797389472403054
            ],
            [
              65.376936901880654,
              37.784940653244014
            ],
            [
              65.386340814746575,
              37.780386473928743
            ],
            [
              65.392157156182904,
              37.779799118507313
            ]
          ]
        ]
      }
    },
    {
      "type": "Feature",
      "properties": {
        "name": "Dostluk",
        "admin_level": 2,
        "source_shape_id": "10190150B13703090222147"
      },
      "geometry": {
        "type": "Polygon",
        "coordinates": [
          [
            [
              65.184933138003004,
              38.007822788360208
            ],
            [
              65.15395107554923,
              38.016386627983159
            ],
            [
              65.030816759260659,
              37.989745423005985
            ],
            [
              64.966837297305332,
              37.96033588016634
            ],
            [
              64.966488420525479,
              37.960175511412224
            ],
            [
              64.882550632691419,
              37.919025207128939
            ],
            [
              64.882167745212129,
              37.918830602783338
            ],
            [
              64.822694339616476,
              37.888602967243983
            ],
            [
              64.822657548807484,
              37.888584268143866
            ],
            [
              64.806619576171229,
              37.880374978492291
            ],
            [
              64.762802575949465,
              37.857946554735641
            ],
            [
              64.705007852364631,
              37.780684521054546
            ],
            [
              64.70499322240228,
              37.780664693009363
            ],
            [
              64.688616485074917,
              37.758469236876685
            ],
            [
              64.661027085249088,
              37.721077215418397
            ],
            [
              64.630180094524221,
              37.679923777277786
            ],
            [
              64.595450618538109,
              37.639673692869962
            ],
            [
              64.594569854378918,
              37.638652922163104
            ],
            [
              64.56871880041183,
              37.621149747736773
            ],
            [
              64.568698912138515,
              37.621135966059754
            ],
            [
              64.55635648040294,
              37.605574320053741
            ],
            [
              64.534505938775681,
              37.578024611768711
            ],
            [
              64.506500313635399,
              37.550275377953355
            ],
            [
              64.472569087009049,
              37.506261563870467
            ],
            [
              64.460149740524827,
              37.463556297598977
            ],
            [
              64.45133517126483,
              37.412528464810165
            ],
            [
              64.449579439987119,
              37.402364478412409
            ],
            [
              64.441234213168514,
              37.355944587332395
            ],
            [
              64.380252303136103,
              37.323748729805018
            ],
            [
              64.361236046301784,
              37.313708954149973
            ],
            [
              64.314690675288361,
              37.280047913472927
            ],
            [
              64.323172390334591,
              37.225624961057065
            ],
            [
              64.323179107601135,
              37.22559106562781
            ],
            [
              64.334549021383509,
              37.168218307585967
            ],
            [
              64.352462658671627,
              37.075401956966054
            ],
            [
              64.361294759128583,
              37.004844461064494
            ],
            [
              64.361374373380798,
              37.004208442226016
            ],
            [
              64.373067388599651,
              36.937924947318642
            ],
            [
              64.390126883630288,
              36.883363699755293
            ],
            [
              64.390130758591113,
              36.883336896541174
            ],
            [
              64.39441002605281,
              36.853737081947912
            ],
            [
              64.394466977144546,
              36.853343149628571
            ],
            [
              64.50386410080381,
              36.850475020355049
            ],
            [
              64.505145025635414,
              36.851353586612696
            ],
            [
              64.510237704297808,
              36.854846195920075
            ],
            [
              64.524579201848269,
              36.864681951112189
            ],
            [
              64.569839867592378,
              36.866693611177929
            ],
            [
              64.635848885276843,
              36.869417007587629
            ],
            [
              64.678462806398812,
              36.869417007587629
            ],
            [
              64.688868137706507,
              36.868896721645449
            ],
            [
              64.766690014185244,
              36.86500548290168
            ],
            [
              64.773160408991856,
              36.864681951112189
            ],
            [
              64.779079009546933,
              36.902554186735863
            ],
            [
              64.787956909481196,
              36.935676981234366
            ],
            [
              64.793875510036315,
              36.978242286438437
            ],
            [
              64.782038309824472,
              37.020783795774861
            ],
            [
              64.770201109612614,
              37.053855176901692
            ],
            [
              64.773160408991856,
              37.09399391554885
            ],
            [
              64.790916209758777,
              37.122314347754198
            ],
            [
              64.832346410949356,
              37.138829709500641
            ],
            [
              64.894491713184394,
              37.157699994519859
            ],
            [
              64.950718414864397,
              37.183638947629753
            ],
            [
              64.992148616054962,
              37.207212085990406
            ],
            [
              65.036538117523122,
              37.204855103260108
            ],
            [
              65.092764819203083,
              37.22370890353573
            ],
            [
              65.143072920327981,
              37.230777863592046
            ],
            [
              65.427165729903706,
              37.226065296611033
            ],
            [
              65.462677330539208,
              37.218995894632187
            ],
            [
              65.527781933051827,
              37.211925830166706
            ],
            [
              65.557374934030591,
              37.235490134983685
            ],
            [
              65.578090034176711,
              37.244913795972721
            ],
            [
              65.613601635710552,
              37.284951205940779
            ],
            [
              65.640235336411749,
              37.320260652192459
            ],
            [
              65.634316735856672,
              37.397883061215317
            ],
            [
              65.666869037112974,
              37.456634452580573
            ],
            [
              65.690543437536675,
              37.510645001370079
            ],
            [
              65.726055039070474,
              37.510645001370079
            ],
            [
              65.780337317252147,
              37.505346991856854
            ],
            [
              65.791803082254276,
              37.568265610607291
            ],
            [
              65.802475634700187,
              37.594075518717368
            ],
            [
              65.802479977231584,
              37.594086020018693
            ],
            [
              65.829219798532634,
              37.618936673856354
            ],
            [
              65.847386342364757,
              37.625580698510795
            ],
            [
              65.82145148990098,
              37.633742809299896
            ],
            [
              65.82041666635736,
              37.634068484736915
            ],
            [
              65.789466188813449,
              37.641421273944644
            ],
            [
              65.724797336587287,
              37.66108103513632
            ],
            [
              65.659898887550938,
              37.693125626755602
            ],
            [
              65.55015324141344,
              37.752537633698751
            ],
            [
              65.493259838310394,
              37.780118850975754
            ],
            [
              65.461088286260107,
              37.777381248669919
            ],
            [
              65.427584904932374,
              37.777843967988922
            ],
            [
              65.390811790704376,
              37.778221244782493
            ],
            [
              65.386340814746575,
              37.780386473928743
            ],
            [
              65.376936901880654,
              37.784940653244014
            ],
            [
              65.363619422338061,
              37.791390116433348
            ],
            [
              65.353982643618068,
              37.808673071851537
            ],
            [
              65.352986387713429,
              37.829242537972149
            ],
            [
              65.354535858509365,
              37.931973218319058
            ],
            [
              65.316310934287415,
              37.937965648352858
            ],
            [
              65.272877399283374,
              37.912501534697235
            ],
            [
              65.24921982789823,
              37.900516666953564
            ],
            [
              65.211592124934171,
              37.917801597361063
            ],
            [
              65.202632762313243,
              37.920870939993321
            ],
            [
              65.179859019247559,
              37.928672881207802
            ],
            [
              65.194808449829239,
              37.962625172221117
            ],
            [
              65.214936222656817,
              37.98923192320656
            ],
            [
              65.185063286656273,
              38.007744658082373
            ],
            [
              65.184933138003004,
              38.007822788360208
            ]
          ]
        ]
      }
    },
    {
      "type": "Feature",
      "properties": {
        "name": "Ady görkezilmedik etrap",
        "admin_level": 2,
        "source_shape_id": "10190150B74431945610407"
      },
      "geometry": {
        "type": "Polygon",
        "coordinates": [
          [
            [
              64.100515755603567,
              36.724861579741805
            ],
            [
              64.123688206094229,
              36.705330553708379
            ],
            [
              64.123948767871696,
              36.705108608034017
            ],
            [
              64.139822840722445,
              36.691587124422256
            ],
            [
              64.158674217244865,
              36.674653952891759
            ],
            [
              64.170126074019322,
              36.664367369581825
            ],
            [
              64.196064204485225,
              36.643022288841529
            ],
            [
              64.217546949427771,
              36.62530601849074
            ],
            [
              64.263460031316143,
              36.575836674489821
            ],
            [
              64.287846982288258,
              36.552514565316066
            ],
            [
              64.31436946289557,
              36.527150173146268
            ],
            [
              64.359892379371701,
              36.544676066061427
            ],
            [
              64.359960371224687,
              36.54470279231289
            ],
            [
              64.37256403379989,
              36.549566801452521
            ],
            [
              64.389915592688951,
              36.580681889102706
            ],
            [
              64.393747388846762,
              36.603431998494628
            ],
            [
              64.39315786856919,
              36.615736714462649
            ],
            [
              64.397356462331501,
              36.619668227090905
            ],
            [
              64.418982345302908,
              36.648798739305583
            ],
            [
              64.512618439267399,
              36.781163439641993
            ],
            [
              64.515384479587979,
              36.82202660704661
            ],
            [
              64.511234770523501,
              36.836329824229452
            ],
            [
              64.505330315739187,
              36.850896507666754
            ],
            [
              64.510237704297808,
              36.854846195920075
            ],
            [
              64.505145025635414,
              36.851353586612696
            ],
            [
              64.50386410080381,
              36.850475020355049
            ],
            [
              64.394466977144546,
              36.853343149628571
            ],
            [
              64.075596686983005,
              36.84274188497568
            ],
            [
              64.068867352660874,
              36.739182484446836
            ],
            [
              64.100515755603567,
              36.724861579741805
            ]
          ]
        ]
      }
    },
    {
      "type": "Feature",
      "properties": {
        "name": "Ady görkezilmedik etrap",
        "admin_level": 2,
        "source_shape_id": "10190150B68738729396459"
      },
      "geometry": {
        "type": "Polygon",
        "coordinates": [
          [
            [
              63.932546920435954,
              36.736350985512132
            ],
            [
              63.933760856998497,
              36.706651061445449
            ],
            [
              63.942245761962319,
              36.693045053435277
            ],
            [
              63.942494167010736,
              36.690553691198687
            ],
            [
              63.95194279697666,
              36.595789273025048
            ],
            [
              63.95194279697666,
              36.58265033694979
            ],
            [
              63.95194279697666,
              36.399933992387211
            ],
            [
              63.953069059445404,
              36.229258682530919
            ],
            [
              63.951961278016974,
              36.397136362231464
            ],
            [
              63.964263280655317,
              36.402438463714354
            ],
            [
              63.9877774776024,
              36.410007695475691
            ],
            [
              64.000427969353353,
              36.414079429757045
            ],
            [
              64.024109819915239,
              36.416902754563125
            ],
            [
              64.096409394743105,
              36.428887739891337
            ],
            [
              64.111989883574552,
              36.437697775856726
            ],
            [
              64.114368124932696,
              36.439437212272558
            ],
            [
              64.120962518818359,
              36.442771380418016
            ],
            [
              64.152076833174974,
              36.4585032712436
            ],
            [
              64.15209766424509,
              36.458513511065007
            ],
            [
              64.156792651548344,
              36.460887326973065
            ],
            [
              64.231944668867015,
              36.497923553392802
            ],
            [
              64.257590250610917,
              36.508836632853331
            ],
            [
              64.257613657106532,
              36.508847059777217
            ],
            [
              64.273157065432144,
              36.515460849406018
            ],
            [
              64.292998271208631,
              36.52061959074706
            ],
            [
              64.309817985913512,
              36.524992813249995
            ],
            [
              64.313932437949219,
              36.526610122896827
            ],
            [
              64.287846982288258,
              36.552514565316066
            ],
            [
              64.263460031316143,
              36.575836674489821
            ],
            [
              64.217546949427771,
              36.62530601849074
            ],
            [
              64.196064204485225,
              36.643022288841529
            ],
            [
              64.170126074019322,
              36.664367369581825
            ],
            [
              64.158674217244865,
              36.674653952891759
            ],
            [
              64.123948767871696,
              36.705108608034017
            ],
            [
              64.123688206094229,
              36.705330553708379
            ],
            [
              64.100515755603567,
              36.724861579741805
            ],
            [
              64.068867352660874,
              36.739182484446836
            ],
            [
              64.068846987853419,
              36.738725522336061
            ],
            [
              63.932546920435954,
              36.736350985512132
            ]
          ]
        ]
      }
    },
    {
      "type": "Feature",
      "properties": {
        "name": "Ady görkezilmedik etrap",
        "admin_level": 2,
        "source_shape_id": "10190150B53319226660230"
      },
      "geometry": {
        "type": "Polygon",
        "coordinates": [
          [
            [
              64.688868137706507,
              36.868896721645449
            ],
            [
              64.635848885276843,
              36.869417007587629
            ],
            [
              64.569839867592378,
              36.866693611177929
            ],
            [
              64.524579201848269,
              36.864681951112189
            ],
            [
              64.510237704297808,
              36.854846195920075
            ],
            [
              64.505330315739187,
              36.850896507666754
            ],
            [
              64.511234770523501,
              36.836329824229452
            ],
            [
              64.515384479587979,
              36.82202660704661
            ],
            [
              64.512618439267399,
              36.781163439641993
            ],
            [
              64.418982345302908,
              36.648798739305583
            ],
            [
              64.397356462331501,
              36.619668227090905
            ],
            [
              64.393235473128286,
              36.614117169292278
            ],
            [
              64.393747388846762,
              36.603431998494628
            ],
            [
              64.389915592688951,
              36.580681889102706
            ],
            [
              64.37256403379989,
              36.549566801452521
            ],
            [
              64.359960371224687,
              36.54470279231289
            ],
            [
              64.359892379371701,
              36.544676066061427
            ],
            [
              64.313932437949219,
              36.526610122896827
            ],
            [
              64.309817985913512,
              36.524992813249995
            ],
            [
              64.312969626506032,
              36.52581217114615
            ],
            [
              64.309998568845202,
              36.496157058201739
            ],
            [
              64.311641958504083,
              36.467332315759428
            ],
            [
              64.313877035202921,
              36.446659007155148
            ],
            [
              64.32623037901206,
              36.431707329465375
            ],
            [
              64.326241328188459,
              36.431694077299895
            ],
            [
              64.334281543737902,
              36.421962727366711
            ],
            [
              64.327937331282655,
              36.40600765137777
            ],
            [
              64.337330256030597,
              36.377021891165001
            ],
            [
              64.355543980200125,
              36.349092827804924
            ],
            [
              64.373549877332024,
              36.350753077927699
            ],
            [
              64.419836668290941,
              36.362321732987525
            ],
            [
              64.421832302644049,
              36.36282047147855
            ],
            [
              64.45607355524578,
              36.361406377627077
            ],
            [
              64.543260088593073,
              36.357805786885244
            ],
            [
              64.569560562832919,
              36.35671959582276
            ],
            [
              64.592287988030165,
              36.375020789308827
            ],
            [
              64.6150154123291,
              36.411610261051145
            ],
            [
              64.635848885276843,
              36.466462167118941
            ],
            [
              64.637742836628036,
              36.538016006743334
            ],
            [
              64.6150154123291,
              36.583654084485126
            ],
            [
              64.620697268179256,
              36.597340249886408
            ],
            [
              64.633954933027368,
              36.64294327005247
            ],
            [
              64.675621878024572,
              36.72040647218445
            ],
            [
              64.766690014185244,
              36.86500548290168
            ],
            [
              64.688868137706507,
              36.868896721645449
            ]
          ]
        ]
      }
    },
    {
      "type": "Feature",
      "properties": {
        "name": "Ady görkezilmedik etrap",
        "admin_level": 2,
        "source_shape_id": "10190150B54429883303561"
      },
      "geometry": {
        "type": "Polygon",
        "coordinates": [
          [
            [
              63.664385369208951,
              36.126585904660161
            ],
            [
              63.673075306847274,
              36.114886712372815
            ],
            [
              63.7085326240868,
              36.076964266242868
            ],
            [
              63.737699485854336,
              36.063492577045274
            ],
            [
              63.738237680015779,
              36.063243972668936
            ],
            [
              63.75084811758321,
              36.04897018192522
            ],
            [
              63.750894540162705,
              36.04891763607327
            ],
            [
              63.761357212648043,
              36.037074906835905
            ],
            [
              63.79581922727062,
              35.998747444274002
            ],
            [
              63.876374109588156,
              36.019669906199368
            ],
            [
              63.919935006834891,
              36.027328819175096
            ],
            [
              63.972965664430696,
              36.03345541392008
            ],
            [
              64.016526561677367,
              36.05795702719707
            ],
            [
              64.077133027372852,
              36.097755882505666
            ],
            [
              64.171830630864235,
              36.163532848382332
            ],
            [
              64.221073383961055,
              36.181879369721514
            ],
            [
              64.281679849656541,
              36.19410799772028
            ],
            [
              64.347968172100479,
              36.220087491999834
            ],
            [
              64.402892781945781,
              36.229254665841736
            ],
            [
              64.433196014344375,
              36.236893156811448
            ],
            [
              64.471075055740926,
              36.253695210277954
            ],
            [
              64.501378289037788,
              36.268966669170965
            ],
            [
              64.539257330434353,
              36.308658486832329
            ],
            [
              64.569560562832919,
              36.352906304936226
            ],
            [
              64.543260088593073,
              36.357805786885244
            ],
            [
              64.45607355524578,
              36.361406377627077
            ],
            [
              64.419836668290941,
              36.362321732987525
            ],
            [
              64.373549877332024,
              36.350753077927699
            ],
            [
              64.355543980200125,
              36.349092827804924
            ],
            [
              64.337330256030597,
              36.377021891165001
            ],
            [
              64.327937331282655,
              36.40600765137777
            ],
            [
              64.333984661316251,
              36.421216170970936
            ],
            [
              64.326241328188459,
              36.431694077299895
            ],
            [
              64.32623037901206,
              36.431707329465375
            ],
            [
              64.311983082953432,
              36.445897245885504
            ],
            [
              64.311641958504083,
              36.467332315759428
            ],
            [
              64.309998568845202,
              36.496157058201739
            ],
            [
              64.312969626506032,
              36.52581217114615
            ],
            [
              64.309817985913512,
              36.524992813249995
            ],
            [
              64.292998271208631,
              36.52061959074706
            ],
            [
              64.257613657106532,
              36.508847059777217
            ],
            [
              64.257590250610917,
              36.508836632853331
            ],
            [
              64.222969464319462,
              36.49341406342613
            ],
            [
              64.188748926003541,
              36.476529982254753
            ],
            [
              64.15209766424509,
              36.458513511065007
            ],
            [
              64.152076833174974,
              36.4585032712436
            ],
            [
              64.120962518818359,
              36.442771380418016
            ],
            [
              64.111989883574552,
              36.437697775856726
            ],
            [
              64.096409394743105,
              36.428887739891337
            ],
            [
              64.024109819915239,
              36.416902754563125
            ],
            [
              63.9877774776024,
              36.410007695475691
            ],
            [
              63.964263280655317,
              36.402438463714354
            ],
            [
              63.951961278016974,
              36.397136362231464
            ],
            [
              63.953069059445404,
              36.229258682530919
            ],
            [
              63.918301499542437,
              36.222096416882898
            ],
            [
              63.634246606956545,
              36.17609310841123
            ],
            [
              63.634194686714046,
              36.176083366928779
            ],
            [
              63.609903205987962,
              36.17152570267605
            ],
            [
              63.641485213549672,
              36.145150666225469
            ],
            [
              63.641916384509052,
              36.144801123358867
            ],
            [
              63.664255177568897,
              36.126761188312123
            ],
            [
              63.664385369208951,
              36.126585904660161
            ]
          ]
        ]
      }
    },
    {
      "type": "Feature",
      "properties": {
        "name": "Balkanabat",
        "admin_level": 2,
        "source_shape_id": "10190150B87050240782827"
      },
      "geometry": {
        "type": "Polygon",
        "coordinates": [
          [
            [
              53.659298778080078,
              39.607256006463615
            ],
            [
              53.636397034801945,
              39.567530396185049
            ],
            [
              53.613195758173774,
              39.548927221823661
            ],
            [
              53.613151498147566,
              39.548888717941232
            ],
            [
              53.582486686581333,
              39.522211953365648
            ],
            [
              53.582478806671105,
              39.522205098260422
            ],
            [
              53.54077186149091,
              39.477851276659656
            ],
            [
              53.489349159507576,
              39.452869027264157
            ],
            [
              53.451199154780312,
              39.343676641788825
            ],
            [
              53.463425690226181,
              39.330055549909268
            ],
            [
              53.501304731622717,
              39.313938838469888
            ],
            [
              53.522138204570503,
              39.289023889563381
            ],
            [
              53.541077725268764,
              39.261167276801075
            ],
            [
              53.550547484719587,
              39.230365505354719
            ],
            [
              53.558123293717514,
              39.196614712245875
            ],
            [
              53.578956765766975,
              39.181935394552191
            ],
            [
              53.599790238714725,
              39.181935394552191
            ],
            [
              53.624411615263142,
              39.164316166492917
            ],
            [
              53.631987423362808,
              39.142285923776008
            ],
            [
              53.647139040460409,
              39.109962426950204
            ],
            [
              53.681230177357982,
              39.074683514603294
            ],
            [
              53.743730595302935,
              39.004072756768352
            ],
            [
              53.77971568444999,
              39.012902959994605
            ],
            [
              53.798655205148258,
              39.024674850513854
            ],
            [
              53.817594725846526,
              39.02908880392323
            ],
            [
              53.851685862744063,
              39.024674850513854
            ],
            [
              53.868731431192849,
              39.009959681461282
            ],
            [
              53.881989095142671,
              38.992297436951503
            ],
            [
              53.881989095142671,
              38.968740919693872
            ],
            [
              53.897140712240265,
              38.951068388713075
            ],
            [
              53.943975899527295,
              38.919469969064032
            ],
            [
              53.982647475091674,
              38.968345528068696
            ],
            [
              53.982657101575064,
              38.96835249238741
            ],
            [
              53.994407180338882,
              38.983201499062957
            ],
            [
              54.013367545672885,
              38.990570088551486
            ],
            [
              54.026294269245817,
              38.99559381661593
            ],
            [
              54.057398596312055,
              38.997153381885006
            ],
            [
              54.125144243509865,
              39.000550136242545
            ],
            [
              54.13793632186907,
              38.999603318795117
            ],
            [
              54.190725174108607,
              38.995696106884878
            ],
            [
              54.246521414782507,
              39.019084624697697
            ],
            [
              54.249503888899426,
              39.020371942103942
            ],
            [
              54.293830602898709,
              39.023020957467033
            ],
            [
              54.375757476657036,
              39.032646800274428
            ],
            [
              54.375793006753717,
              39.032652537763653
            ],
            [
              54.405750623195956,
              39.037711465098738
            ],
            [
              54.441703018602688,
              39.043295851976119
            ],
            [
              54.44177860689782,
              39.043308058163817
            ],
            [
              54.498614858617195,
              39.053306323892954
            ],
            [
              54.501317243053123,
              39.052555565799352
            ],
            [
              54.517355433921075,
              39.055046733956765
            ],
            [
              54.517355433921075,
              39.049236264389627
            ],
            [
              54.57121729546278,
              39.056073495664876
            ],
            [
              54.640456127270873,
              39.080322428048291
            ],
            [
              54.705654710630185,
              39.108081919765532
            ],
            [
              54.77120185020118,
              39.138210223808166
            ],
            [
              54.772638836164617,
              39.176989216606252
            ],
            [
              54.772250214400657,
              39.25744279309928
            ],
            [
              54.760845185867005,
              39.310831336386549
            ],
            [
              54.760840906652639,
              39.310841513398053
            ],
            [
              54.73728853120555,
              39.366854784797937
            ],
            [
              54.737273608371588,
              39.366887961662705
            ],
            [
              54.707237040088913,
              39.393937365995818
            ],
            [
              54.679268080768075,
              39.379819773843856
            ],
            [
              54.668850418131129,
              39.37374877064709
            ],
            [
              54.655313395195982,
              39.37374877064709
            ],
            [
              54.649456349000786,
              39.37374877064709
            ],
            [
              54.621735207105424,
              39.377288674740853
            ],
            [
              54.593391687228383,
              39.386585472661189
            ],
            [
              54.577121495125517,
              39.395387376413886
            ],
            [
              54.569551183817119,
              39.403680740503027
            ],
            [
              54.561463887571094,
              39.424924087883483
            ],
            [
              54.556218809680061,
              39.441750662718093
            ],
            [
              54.559577755772118,
              39.450050469298482
            ],
            [
              54.56098502129732,
              39.453527759896893
            ],
            [
              54.566877822705912,
              39.468086305751392
            ],
            [
              54.568879305968359,
              39.473031099209201
            ],
            [
              54.570971415789742,
              39.478198744628919
            ],
            [
              54.579211156676095,
              39.488682567770383
            ],
            [
              54.583467075714935,
              39.494097580587287
            ],
            [
              54.589728110630837,
              39.500164218892259
            ],
            [
              54.597727369116257,
              39.507915111291176
            ],
            [
              54.603552702247256,
              39.509712794439977
            ],
            [
              54.622805906397616,
              39.515654284803389
            ],
            [
              54.627151142476762,
              39.515847412037886
            ],
            [
              54.643395702341415,
              39.516569413527606
            ],
            [
              54.653853372643184,
              39.516428840605897
            ],
            [
              54.687901180804296,
              39.515971167104517
            ],
            [
              54.706865426321755,
              39.515187900863488
            ],
            [
              54.720189520199185,
              39.514573493066223
            ],
            [
              54.737998539858488,
              39.51941678608074
            ],
            [
              54.765050015557314,
              39.52871511217154
            ],
            [
              54.777227343986866,
              39.533949244956027
            ],
            [
              54.777246014860253,
              39.5339799343216
            ],
            [
              54.789104319045599,
              39.553471461295352
            ],
            [
              54.797665568989409,
              39.566999011273623
            ],
            [
              54.8002264942862,
              39.571044906497846
            ],
            [
              54.813825237446196,
              39.588076428252478
            ],
            [
              54.882566562810446,
              39.675245052204986
            ],
            [
              54.885055568683505,
              39.6791228420715
            ],
            [
              54.842935363740438,
              39.685796639168188
            ],
            [
              54.819642624933316,
              39.696892086489335
            ],
            [
              54.797389145698389,
              39.703508545731225
            ],
            [
              54.774843443444979,
              39.709290179475069
            ],
            [
              54.714478183339089,
              39.695059076324661
            ],
            [
              54.701672915556905,
              39.688533668529615
            ],
            [
              54.691428325935867,
              39.681776058608975
            ],
            [
              54.665306423299796,
              39.680770877468582
            ],
            [
              54.590858999574223,
              39.702881493981153
            ],
            [
              54.557140800058754,
              39.71729196675377
            ],
            [
              54.547839240268161,
              39.719107415593577
            ],
            [
              54.547826351268334,
              39.719109293819947
            ],
            [
              54.509232051451782,
              39.724733378912795
            ],
            [
              54.499432339000471,
              39.725989565823923
            ],
            [
              54.479852078488307,
              39.732012874370042
            ],
            [
              54.43829564270856,
              39.743003359702456
            ],
            [
              54.401971853665117,
              39.752309849482486
            ],
            [
              54.382738755447157,
              39.753172285125217
            ],
            [
              54.381883775790648,
              39.753106553898064
            ],
            [
              54.340951358465524,
              39.766872896134409
            ],
            [
              54.311176749036122,
              39.751067886290969
            ],
            [
              54.31114014121767,
              39.751047506937105
            ],
            [
              54.287223573921388,
              39.736746846107422
            ],
            [
              54.274783973096262,
              39.729003091187202
            ],
            [
              54.245329054771283,
              39.714843373096464
            ],
            [
              54.229669998493868,
              39.696279096211605
            ],
            [
              54.219927976572343,
              39.683786378036331
            ],
            [
              54.163765885320856,
              39.66770218416071
            ],
            [
              54.138147393135334,
              39.661128394725012
            ],
            [
              54.114080672420705,
              39.649215936147307
            ],
            [
              54.102379413362492,
              39.641557381986324
            ],
            [
              54.092983464274944,
              39.640241805056874
            ],
            [
              54.058156694008318,
              39.634831559810713
            ],
            [
              54.033156370343818,
              39.619427133528141
            ],
            [
              54.004267375459968,
              39.619427133528141
            ],
            [
              53.862220971121268,
              39.619427133528141
            ],
            [
              53.814080743728823,
              39.617392643180722
            ],
            [
              53.784998292156956,
              39.591251124980523
            ],
            [
              53.687333751877198,
              39.60944326332001
            ],
            [
              53.659298778080078,
              39.607256006463615
            ]
          ]
        ]
      }
    },
    {
      "type": "Feature",
      "properties": {
        "name": "Bereket",
        "admin_level": 2,
        "source_shape_id": "10190150B43473123823457"
      },
      "geometry": {
        "type": "Polygon",
        "coordinates": [
          [
            [
              54.517355433921075,
              39.049236264389627
            ],
            [
              54.514548245370591,
              39.048879919532553
            ],
            [
              54.517355433921075,
              39.020317187150511
            ],
            [
              54.521556090038601,
              38.977576126350307
            ],
            [
              54.521560432851416,
              38.977556505496942
            ],
            [
              54.536941392179273,
              38.908065242532416
            ],
            [
              54.583919224914077,
              38.872933190375022
            ],
            [
              54.583949953417815,
              38.872910210272849
            ],
            [
              54.634185995283872,
              38.832119725063684
            ],
            [
              54.687258824290716,
              38.797110309221452
            ],
            [
              54.717617162043773,
              38.786969432086295
            ],
            [
              54.717662614535243,
              38.786952726080045
            ],
            [
              54.77894108529172,
              38.764429900984553
            ],
            [
              54.778954442257174,
              38.764424991648646
            ],
            [
              54.894744506585944,
              38.701197769750486
            ],
            [
              54.947635603715852,
              38.707744992102036
            ],
            [
              55.013619604697183,
              38.714647936365019
            ],
            [
              55.11417300671593,
              38.712686443278976
            ],
            [
              55.220131630852364,
              38.702813506824484
            ],
            [
              55.220158682862341,
              38.702810986191757
            ],
            [
              55.276538762220135,
              38.691588993843141
            ],
            [
              55.32739810351481,
              38.677483868888693
            ],
            [
              55.409627589427558,
              38.672898393519461
            ],
            [
              55.467554021161554,
              38.667818239120194
            ],
            [
              55.529082632791855,
              38.65244395323743
            ],
            [
              55.682085971654985,
              38.595542003478812
            ],
            [
              55.683647658089697,
              38.594949782665402
            ],
            [
              55.754352185511671,
              38.563012653487526
            ],
            [
              55.761240570732397,
              38.563089594018045
            ],
            [
              55.913015934098155,
              38.564784864622467
            ],
            [
              56.004754237311992,
              38.564784864622467
            ],
            [
              56.020927878709301,
              38.529541723354441
            ],
            [
              56.040779092181694,
              38.486284975936641
            ],
            [
              56.059977551362309,
              38.469600345702361
            ],
            [
              56.113244952764731,
              38.490449875516568
            ],
            [
              56.126919046934162,
              38.549690370436785
            ],
            [
              56.13351922175319,
              38.611608400427869
            ],
            [
              56.144094725572074,
              38.747828782731006
            ],
            [
              56.089789661793155,
              38.780056746746659
            ],
            [
              56.089639834907345,
              38.780145663233419
            ],
            [
              56.040839300865315,
              38.806170129770912
            ],
            [
              56.006346594577863,
              38.826978205896488
            ],
            [
              55.994111027470147,
              38.874622407701409
            ],
            [
              56.027635950245177,
              38.877713617450304
            ],
            [
              56.065647883623988,
              38.875881948971703
            ],
            [
              56.072932314178097,
              38.885805477219805
            ],
            [
              56.072955868493032,
              38.885835363660696
            ],
            [
              56.095012890387025,
              38.913821992980374
            ],
            [
              56.093693947248084,
              38.914081270223775
            ],
            [
              56.040767676603672,
              38.924485492476542
            ],
            [
              56.040735028918697,
              38.924491910343633
            ],
            [
              56.033354661885539,
              38.947759443943454
            ],
            [
              56.029012615749558,
              38.984894565705183
            ],
            [
              55.99047614828487,
              39.007045646887114
            ],
            [
              55.981878962893674,
              39.028783395972084
            ],
            [
              55.985476126035344,
              39.049777573031598
            ],
            [
              56.028802460861364,
              39.054657197843348
            ],
            [
              56.144998508002999,
              39.204882826682109
            ],
            [
              56.219755959197748,
              39.310271389072945
            ],
            [
              56.381556748723867,
              39.600108074293466
            ],
            [
              56.32029777348496,
              39.609854246119454
            ],
            [
              56.320284439163409,
              39.609856367581472
            ],
            [
              56.32027329714235,
              39.609857223454902
            ],
            [
              56.241983958826275,
              39.615871012535933
            ],
            [
              56.215585954496021,
              39.592626711505261
            ],
            [
              56.190272667667998,
              39.57376727858172
            ],
            [
              56.161366223908061,
              39.569716027462356
            ],
            [
              56.11543899621806,
              39.567026075924673
            ],
            [
              56.11543899621806,
              39.62631359773188
            ],
            [
              56.118626296814426,
              39.671167161605652
            ],
            [
              56.148980492620801,
              39.744565049596623
            ],
            [
              56.165441730725561,
              39.786589760195483
            ],
            [
              56.091459418329421,
              39.900197507821723
            ],
            [
              56.084345285895296,
              39.924575623125932
            ],
            [
              56.079979585903921,
              39.958047552072934
            ],
            [
              56.172182380142345,
              39.95983267411539
            ],
            [
              56.33809824324991,
              39.953917552421352
            ],
            [
              56.396366741010524,
              39.954514230746632
            ],
            [
              56.573924746883058,
              40.022534311096855
            ],
            [
              56.574083514235056,
              40.022582930081832
            ],
            [
              56.645442706974926,
              40.044435102307595
            ],
            [
              56.630275264256966,
              40.109645984669164
            ],
            [
              56.62508038871556,
              40.171201271263442
            ],
            [
              56.633605506763082,
              40.217395927495545
            ],
            [
              56.630466586596498,
              40.219921548860228
            ],
            [
              56.629428636237641,
              40.219941362817735
            ],
            [
              56.606200508587136,
              40.239446392374845
            ],
            [
              56.573775254240168,
              40.265536229257521
            ],
            [
              56.564592037739814,
              40.272543108655981
            ],
            [
              56.530700434101455,
              40.298396558894034
            ],
            [
              56.504941442654129,
              40.318041630927823
            ],
            [
              56.469662310040448,
              40.353571701435712
            ],
            [
              56.442195004898956,
              40.379656089648435
            ],
            [
              56.404943531949783,
              40.406676377337739
            ],
            [
              56.289762092492737,
              40.520443509125705
            ],
            [
              56.196304007714325,
              40.496255569995007
            ],
            [
              55.988678870031293,
              40.43931649241653
            ],
            [
              55.989413390099784,
              40.419515389712892
            ],
            [
              55.990237548558881,
              40.39880646398548
            ],
            [
              55.99098822303111,
              40.386506694201451
            ],
            [
              55.998444263245489,
              40.353275699893004
            ],
            [
              55.998931007796386,
              40.348983923252909
            ],
            [
              56.00087034512994,
              40.339822364843776
            ],
            [
              56.049848913583183,
              40.251099719538111
            ],
            [
              56.049977772669905,
              40.248148266049881
            ],
            [
              56.051146705264777,
              40.22137444456402
            ],
            [
              56.051889687381042,
              40.204356807588773
            ],
            [
              56.047808139785367,
              40.174736281148924
            ],
            [
              56.009033440321325,
              40.137302391466029
            ],
            [
              55.942675322676791,
              40.148062627678684
            ],
            [
              55.932161211217306,
              40.147182445942917
            ],
            [
              55.905680414433206,
              40.144290649883004
            ],
            [
              55.882515277152983,
              40.141564754662049
            ],
            [
              55.831486130688866,
              40.131061403351069
            ],
            [
              55.78658910983129,
              40.123259362641221
            ],
            [
              55.713121257600555,
              40.138862548410103
            ],
            [
              55.6539388210564,
              40.152902353447367
            ],
            [
              55.604960252603156,
              40.209032550438749
            ],
            [
              55.600878705007474,
              40.237080233286221
            ],
            [
              55.60171516948764,
              40.255595317690897
            ],
            [
              55.601717789689452,
              40.255649662923645
            ],
            [
              55.602919478805298,
              40.282243738541844
            ],
            [
              55.603050638439051,
              40.283294089047473
            ],
            [
              55.604892005794397,
              40.298042069832547
            ],
            [
              55.607001026401008,
              40.314929523475321
            ],
            [
              55.43965758575775,
              40.316485594927599
            ],
            [
              55.423127580220928,
              40.282444654735663
            ],
            [
              55.416289790273531,
              40.266653933733934
            ],
            [
              55.396801337799701,
              40.215266372259407
            ],
            [
              55.375252431854115,
              40.16705324520187
            ],
            [
              55.368230506426571,
              40.149246094177791
            ],
            [
              55.368230506426571,
              40.110774235068931
            ],
            [
              55.360091521714118,
              40.078249952009706
            ],
            [
              55.35169589342317,
              40.034058417233744
            ],
            [
              55.330961831817433,
              40.055790341818415
            ],
            [
              55.315197475107134,
              40.071146703512824
            ],
            [
              55.296554708746022,
              40.085057500035624
            ],
            [
              55.263465526691562,
              40.100570642334077
            ],
            [
              55.240082501990472,
              40.111343505510625
            ],
            [
              55.205564739833257,
              40.123470389664284
            ],
            [
              55.166013626529001,
              40.135610207449908
            ],
            [
              55.133993645563976,
              40.123761240567973
            ],
            [
              55.123135583645549,
              40.117051043504546
            ],
            [
              55.104573753470419,
              40.091492793812833
            ],
            [
              55.094714611024699,
              40.077510350191929
            ],
            [
              55.088644514088536,
              40.021751359853539
            ],
            [
              55.078440645099327,
              39.973286579539774
            ],
            [
              55.064155229412741,
              39.935741839117924
            ],
            [
              55.041706719433137,
              39.907569760252912
            ],
            [
              55.012936449084137,
              39.873721565732083
            ],
            [
              55.005632529455546,
              39.859233326452532
            ],
            [
              54.978442735293278,
              39.797901516116404
            ],
            [
              54.920006065950503,
              39.735015206392475
            ],
            [
              54.913875508996753,
              39.726055732618967
            ],
            [
              54.887342598850594,
              39.678760470252328
            ],
            [
              54.885557626280281,
              39.679043292825803
            ],
            [
              54.885055568683505,
              39.6791228420715
            ],
            [
              54.882566562810446,
              39.675245052204986
            ],
            [
              54.813825237446196,
              39.588076428252478
            ],
            [
              54.797665568989409,
              39.566999011273623
            ],
            [
              54.789104319045599,
              39.553471461295352
            ],
            [
              54.777246014860253,
              39.5339799343216
            ],
            [
              54.777227343986866,
              39.533949244956027
            ],
            [
              54.765050015557314,
              39.52871511217154
            ],
            [
              54.737998539858488,
              39.51941678608074
            ],
            [
              54.720189520199185,
              39.514573493066223
            ],
            [
              54.706865426321755,
              39.515187900863488
            ],
            [
              54.687901180804296,
              39.515971167104517
            ],
            [
              54.653853372643184,
              39.516428840605897
            ],
            [
              54.627151142476762,
              39.515847412037886
            ],
            [
              54.603552702247256,
              39.509712794439977
            ],
            [
              54.589728110630837,
              39.500164218892259
            ],
            [
              54.579211156676095,
              39.488682567770383
            ],
            [
              54.568879305968359,
              39.473031099209201
            ],
            [
              54.566877822705912,
              39.468086305751392
            ],
            [
              54.56098502129732,
              39.453527759896893
            ],
            [
              54.559577755772118,
              39.450050469298482
            ],
            [
              54.557057165113918,
              39.439061431695102
            ],
            [
              54.568289353575189,
              39.406995686106853
            ],
            [
              54.579160353715196,
              39.394284448644079
            ],
            [
              54.599789795007425,
              39.384486973524901
            ],
            [
              54.616277383900595,
              39.379078961054077
            ],
            [
              54.636407505625314,
              39.375415089614101
            ],
            [
              54.655313395195982,
              39.37374877064709
            ],
            [
              54.679268080768075,
              39.379819773843856
            ],
            [
              54.707237040088913,
              39.393937365995818
            ],
            [
              54.737273608371588,
              39.366887961662705
            ],
            [
              54.73728853120555,
              39.366854784797937
            ],
            [
              54.760840906652639,
              39.310841513398053
            ],
            [
              54.760845185867005,
              39.310831336386549
            ],
            [
              54.772250214400657,
              39.25744279309928
            ],
            [
              54.772638836164617,
              39.176989216606252
            ],
            [
              54.77120185020118,
              39.138210223808166
            ],
            [
              54.705654710630185,
              39.108081919765532
            ],
            [
              54.640456127270873,
              39.080322428048291
            ],
            [
              54.57121729546278,
              39.056073495664876
            ],
            [
              54.517355433921075,
              39.049236264389627
            ]
          ]
        ]
      }
    },
    {
      "type": "Feature",
      "properties": {
        "name": "Gurbansoltan Eye",
        "admin_level": 2,
        "source_shape_id": "10190150B88624562206856"
      },
      "geometry": {
        "type": "Polygon",
        "coordinates": [
          [
            [
              59.490083758122189,
              42.038749242729182
            ],
            [
              59.49277737892934,
              42.003730341736883
            ],
            [
              59.503586141091539,
              41.984651471188641
            ],
            [
              59.51539166401151,
              41.975875537723049
            ],
            [
              59.515745998187121,
              41.975612115242136
            ],
            [
              59.515745998187121,
              41.968408532910665
            ],
            [
              59.515745998187121,
              41.961763563243622
            ],
            [
              59.515983719360754,
              41.956322779429556
            ],
            [
              59.518761963294466,
              41.95396153162126
            ],
            [
              59.525203665415908,
              41.948486348466602
            ],
            [
              59.525366496774424,
              41.947032948366726
            ],
            [
              59.526177367743017,
              41.939795276474399
            ],
            [
              59.52655476034932,
              41.936426745641768
            ],
            [
              59.51937685593817,
              41.925745966388078
            ],
            [
              59.50913175430378,
              41.909667690498011
            ],
            [
              59.509124974231597,
              41.909656157167802
            ],
            [
              59.503626892592081,
              41.899415122576457
            ],
            [
              59.504887969694025,
              41.874066696581416
            ],
            [
              59.51759110454303,
              41.857174151614061
            ],
            [
              59.52655476034932,
              41.845907029889752
            ],
            [
              59.52655476034932,
              41.832427479068087
            ],
            [
              59.52655476034932,
              41.80805569458628
            ],
            [
              59.52655476034932,
              41.807649084234257
            ],
            [
              59.454946711810869,
              41.805634874703472
            ],
            [
              59.432851701610169,
              41.817259555622599
            ],
            [
              59.415469965359421,
              41.809926111393061
            ],
            [
              59.391445234669462,
              41.798584643313916
            ],
            [
              59.388906222875697,
              41.798584643313916
            ],
            [
              59.271766045472113,
              41.798584643313916
            ],
            [
              59.265973642044791,
              41.788847556790877
            ],
            [
              59.265793376218404,
              41.788511538424629
            ],
            [
              59.225996042719771,
              41.788511538424629
            ],
            [
              59.217108745509293,
              41.78701661960968
            ],
            [
              59.165812326891952,
              41.732072899201157
            ],
            [
              59.156929434403835,
              41.731244261545214
            ],
            [
              59.142956603407491,
              41.729300265575539
            ],
            [
              59.139854714101375,
              41.727406069233005
            ],
            [
              59.124643576716274,
              41.718005527973887
            ],
            [
              59.124615864174423,
              41.717987943812204
            ],
            [
              59.082408981361226,
              41.689419385915372
            ],
            [
              59.013800545580956,
              41.639724030672994
            ],
            [
              59.011020189619231,
              41.632911616322836
            ],
            [
              59.00638308702095,
              41.619046735370517
            ],
            [
              58.989485814255872,
              41.619046735370517
            ],
            [
              58.958634543047623,
              41.619046735370517
            ],
            [
              58.949039056980489,
              41.611511996351076
            ],
            [
              58.945227294342708,
              41.582718997498702
            ],
            [
              58.944232705711244,
              41.517962829680727
            ],
            [
              58.931602148512489,
              41.512288301522055
            ],
            [
              58.930804546402534,
              41.509908354033847
            ],
            [
              58.932072847717343,
              41.479509481283166
            ],
            [
              58.930307999997147,
              41.476593178001636
            ],
            [
              58.916642666643412,
              41.443542639550394
            ],
            [
              58.899684343328936,
              41.425989452018996
            ],
            [
              58.867141032534334,
              41.372213614604796
            ],
            [
              58.852312628399702,
              41.343502173961951
            ],
            [
              58.851154650591148,
              41.234624532279803
            ],
            [
              58.845455340664785,
              41.232976029495717
            ],
            [
              58.837430833772416,
              41.228924016165195
            ],
            [
              58.838695933832796,
              41.204750902056063
            ],
            [
              58.839112479085991,
              41.196791831607833
            ],
            [
              58.806881961550964,
              41.154137221502666
            ],
            [
              58.804027849476249,
              41.153199117927173
            ],
            [
              58.723058109112252,
              41.125565856455623
            ],
            [
              58.582348194364698,
              41.072039353749133
            ],
            [
              58.424047305777407,
              41.004562207358752
            ],
            [
              58.291895358266792,
              40.944105136391407
            ],
            [
              58.21772921361223,
              40.908194870809083
            ],
            [
              58.218858812725145,
              40.845274147836108
            ],
            [
              58.218902867920832,
              40.84282023123189
            ],
            [
              58.199178732602263,
              40.51807094585174
            ],
            [
              58.197760560801846,
              40.51714678826098
            ],
            [
              58.182395604268777,
              40.505073450063584
            ],
            [
              58.183866656631963,
              40.406572108401612
            ],
            [
              58.186807298901051,
              40.344966806547099
            ],
            [
              58.196776785754523,
              40.338887854266886
            ],
            [
              58.196776785754523,
              40.332600979051854
            ],
            [
              58.207331819663047,
              40.307094207550236
            ],
            [
              58.309769130674248,
              40.297328815488925
            ],
            [
              58.342520468054794,
              40.298334451509795
            ],
            [
              58.471878235480645,
              40.309655085389132
            ],
            [
              58.472833933945388,
              40.417008232868561
            ],
            [
              58.466942843698959,
              40.785565134420722
            ],
            [
              58.471034933922844,
              40.785565134420722
            ],
            [
              59.05247821612577,
              40.785565134420722
            ],
            [
              59.172695931861192,
              40.933377526266945
            ],
            [
              59.174050956923978,
              41.311007661050439
            ],
            [
              59.174050956923978,
              41.313088136962534
            ],
            [
              59.235244796975756,
              41.360492212869588
            ],
            [
              59.608309455409248,
              41.649488382609157
            ],
            [
              59.620111988520058,
              41.65863126651719
            ],
            [
              59.620111988520058,
              41.654070213513336
            ],
            [
              59.625674664919387,
              41.655668606152069
            ],
            [
              59.649283636511463,
              41.662452873859714
            ],
            [
              59.67006655090114,
              41.668424276027324
            ],
            [
              59.670167132145814,
              41.668453177280881
            ],
            [
              59.674154577349029,
              41.667602098491805
            ],
            [
              59.666010876159497,
              41.691143103690898
            ],
            [
              59.673176387261506,
              41.698570238803974
            ],
            [
              59.735891240963959,
              41.747974918993634
            ],
            [
              59.758828321045613,
              41.764304358228387
            ],
            [
              59.776552831681499,
              41.766095774995549
            ],
            [
              59.782042285091698,
              41.76084125316769
            ],
            [
              59.785437662118227,
              41.757591187748332
            ],
            [
              59.789432089485103,
              41.769645328356511
            ],
            [
              59.801966354325558,
              41.785225477815146
            ],
            [
              59.815328476173228,
              41.808673737180534
            ],
            [
              59.816631961294874,
              41.821303096775402
            ],
            [
              59.817165478227231,
              41.837784268557755
            ],
            [
              59.813263392167158,
              41.854046157032244
            ],
            [
              59.769884106423127,
              41.868731255599897
            ],
            [
              59.758561624699446,
              41.874119345912717
            ],
            [
              59.753113269737696,
              41.884936874937758
            ],
            [
              59.762450155144101,
              41.903041878717865
            ],
            [
              59.771542228452667,
              41.916574965744552
            ],
            [
              59.768457709312727,
              41.923453691986964
            ],
            [
              59.757038121438356,
              41.941657327771651
            ],
            [
              59.736189424806568,
              41.946557652859383
            ],
            [
              59.664440693806419,
              41.949522275722529
            ],
            [
              59.492812269494962,
              42.037100138547537
            ],
            [
              59.492793929559085,
              42.037108868676718
            ],
            [
              59.490855666940952,
              42.038104542188599
            ],
            [
              59.490083758122189,
              42.038749242729182
            ]
          ]
        ]
      }
    }
  ]
}
